code,description,level
0,"OCUPACIONES MILITARES",1
01,"OFICIALES DE LAS FUERZAS ARMADAS",2
011,"OFICIALES DE LAS FUERZAS ARMADAS",3
0110,"OFICIALES DE LAS FUERZAS ARMADAS",4
0110.01,"Oficiales de las fuerzas armadas terrestre",6
0110.01.01,"General del Ejército (Fuerza Terrestre)",8
0110.01.02,"General de División (Fuerza Terrestre)",8
0110.01.03,"General de Brigada (Fuerza Terrestre)",8
0110.01.04,"Coronel (Fuerza Terrestre)",8
0110.01.05,"Teniente Coronel (Fuerza Terrestre)",8
0110.01.06,"Mayor (Fuerza Terrestre)",8
0110.01.07,"Capitán (Fuerza Terrestre)",8
0110.01.08,"Teniente (Fuerza Terrestre)",8
0110.01.09,"Subteniente (Fuerza Terrestre)",8
0110.01.10,"Cadete (Fuerza Terrestre)",8
0110.02,"Oficiales de las fuerzas armadas naval",6
0110.02.01,"Almirante (Fuerza Naval)",8
0110.02.02,"Vicealmirante (Fuerza Naval)",8
0110.02.03,"Contralmirante (Fuerza Naval)",8
0110.02.04,"Capitán de Navío (Fuerza Naval)",8
0110.02.05,"Capitán de Fragata (Fuerza Naval)",8
0110.02.06,"Capitán de Corbeta (Fuerza Naval)",8
0110.02.07,"Teniente de Navío (Fuerza Naval)",8
0110.02.08,"Teniente de Fragata (Fuerza Naval)",8
0110.02.09,"Alférez de Fragata (Fuerza Naval)",8
0110.02.10,"Guardiamarina (Fuerza Naval)",8
0110.03,"Oficial de las fuerzas armadas aérea",6
0110.03.01,"General de la Fuerza Aérea",8
0110.03.02,"Brigadier General (Fuerza Aérea)",8
0110.03.03,"Coronel (Fuerza Aérea)",8
0110.03.04,"Teniente Coronel (Fuerza Aérea)",8
0110.03.05,"Mayor (Fuerza Aérea)",8
0110.03.06,"Capitán (Fuerza Aérea)",8
0110.03.07,"Teniente (Fuerza Aérea)",8
0110.03.08,"Subteniente (Fuerza Aérea)",8
0110.03.09,"Cadete (Fuerza Aérea)",8
02,"SUBOFICIAL DE LAS FUERZAS ARMADAS",2
021,"SUBOFICIAL DE LAS FUERZAS ARMADAS",3
0210,"SUBOFICIAL DE LAS FUERZAS ARMADAS",4
0210.01,"Suboficial de las fuerzas armadas terrestre",6
0210.01.01,"Suboficial Mayor (Fuerza Terrestre)",8
0210.01.02,"Suboficial Primero (Fuerza Terrestre)",8
0210.01.03,"Suboficial Segundo (Fuerza Terrestre)",8
0210.01.04,"Sargento Primero (Fuerza Terrestre)",8
0210.01.05,"Sargento Segundo (Fuerza Terrestre)",8
0210.01.06,"Cabo Primero (Fuerza Terrestre)",8
0210.01.07,"Cabo Segundo (Fuerza Terrestre)",8
0210.01.08,"Soldado (Fuerza Terrestre)",8
0210.01.09,"Conscripto (Fuerza Terrestre)",8
0210.02,"Suboficial de las fuerzas armadas naval",6
0210.02.01,"Suboficial Mayor (Fuerza Naval)",8
0210.02.02,"Suboficial Primero (Fuerza Naval)",8
0210.02.03,"Suboficial Segundo (Fuerza Naval)",8
0210.02.04,"Sargento Primero (Fuerza Naval)",8
0210.02.05,"Sargento Segundo (Fuerza Naval)",8
0210.02.06,"Cabo Primero (Fuerza Naval)",8
0210.02.07,"Cabo segundo (Fuerza Naval)",8
0210.02.08,"Marinero (Fuerza Naval)",8
0210.02.09,"Conscripto (Fuerza Naval)",8
0210.03,"Suboficiales de las fuerzas armadas aéreas",6
0210.03.01,"Suboficial Mayor (Fuerza Aérea)",8
0210.03.02,"Suboficial Primero (Fuerza Aérea)",8
0210.03.03,"Suboficial Segundo (Fuerza Aérea)",8
0210.03.04,"Sargento Primero (Fuerza Aérea)",8
0210.03.05,"Sargento Segundo (Fuerza Aérea)",8
0210.03.06,"Cabo Primero (Fuerza Aérea)",8
0210.03.07,"Cabo Segundo (Fuerza Aérea)",8
0210.03.08,"Soldado (Fuerza Aérea)",8
0210.03.09,"Conscripto (Fuerza Aérea)",8
03,"OTROS MIEMBROS DE LAS FUERZAS ARMADAS",2
031,"OTROS MIEMBROS DE LAS FUERZAS ARMADAS",3
0310,"OTROS MIEMBROS DE LAS FUERZAS ARMADAS",4
0310.01,"Otros miembros de las fuerzas armadas terrestre",6
0310.01.01,"Instructor (Fuerza Terrestre)",8
0310.01.02,"Paracaidista (Fuerza Terrestre)",8
0310.01.03,"Piloto (Fuerza Terrestre)",8
0310.02,"Otros miembros de las fuerzas armadas naval",6
0310.02.01,"Instructor (Fuerza Naval)",8
0310.02.02,"Piloto (Fuerza Naval)",8
0310.03,"Otros miembros de las fuerzas armadas aérea",6
0310.03.01,"Aviador (Fuerza Aérea)",8
0310.03.02,"Bombardero (Fuerza Aérea)",8
0310.03.03,"Instructor (Fuerza Aérea)",8
1,"DIRECTORES Y GERENTES",1
11,"DIRECTORES EJECUTIVOS, PERSONAL DIRECTIVO DE LA ADMINISTRACIÓN PÚBLICA Y MIEMBROS DEL PODER EJECUTIVO Y DE LOS CUERPOS LEGISLATIVOS",2
111,"MIEMBROS DEL PODER EJECUTIVO Y DE LOS CUERPOS LEGISLATIVOS",3
1111,"MIEMBROS DEL PODER LEGISLATIVO",4
1111.01,"Miembros del poder legislativo",6
1111.01.01,"Presidente de la Asamblea Nacional",8
1111.01.02,"Primer Vicepresidente de la Asamblea Nacional",8
1111.01.03,"Segundo Vicepresidente de Asamblea Nacional",8
1111.01.04,"Asambleístas Nacionales",8
1111.01.05,"Asambleístas Provinciales",8
1111.01.06,"Asambleístas del Exterior",8
1111.01.07,"Parlamentarios Andinos",8
1112,"PERSONAL DIRECTIVO DE LA ADMINISTRACIÓN PÚBLICA",4
1112.01,"Personal Directivo de la Administración Pública",6
1112.01.01,"Administrador, administración pública",8
1112.01.02,"Administrador, municipalidad",8
1112.01.03,"Administrador, organización intergubernamental",8
1112.01.04,"Agregado embajada",8
1112.01.05,"Auditor general, administración pública",8
1112.01.06,"Comandante general, policía nacional",8
1112.01.07,"Comisario de Policía",8
1112.01.08,"Consejero de Estado",8
1112.01.09,"Consejero, Gobierno",8
1112.01.10,"Consejeros del Consejo de Participación Ciudadana y Control Social",8
1112.01.11,"Cónsul General",8
1112.01.12,"Contralor General del Estado",8
1112.01.13,"Defensor del Pueblo",8
1112.01.14,"Director Consejo Nacional de sustancias psicotrópicas y estupefacientes",8
1112.01.15,"Director de área, administración pública",8
1112.01.16,"Director de investigación y denuncias del sector público",8
1112.01.17,"Director de prevención de la corrupción, transparencia y rendición de cuentas",8
1112.01.18,"Director del Instituto Ecuatoriano de Normalización (INEN)",8
1112.01.19,"Director Ejecutivo del Consejo Nacional de Discapacitados",8
1112.01.20,"Director Ejecutivo de la Agencia Ecuatoriana de Aseguramiento de Calidad del Agro",8
1112.01.21,"Director Ejecutivo de Servicios de Sanidad Agropecuaria",8
1112.01.22,"Director Ejecutivo del Instituto Ecuatoriano de Crédito Educativo y Becas (IECE)",8
1112.01.23,"Director Ejecutivo, Administración Pública",8
1112.01.24,"Director General de Derechos Humanos y Asuntos Sociales",8
1112.01.25,"Director General del Instituto Nacional de Estadística y Censos (INEC)",8
1112.01.26,"Director General del Servicio de Rentas Internas (SRI)",8
1112.01.27,"Director General, administración penitenciaria",8
1112.01.28,"Director General, administración pública",8
1112.01.29,"Director General, administración pública / ministerio",8
1112.01.30,"Director General, cancillería",8
1112.01.31,"Director General, organización intergubernamental",8
1112.01.32,"Director Nacional de Hidrocarburos",8
1112.01.33,"Director Nacional de Servicios Educativos (DINSE)",8
1112.01.34,"Director técnico de la unidad transitoria de gestión defensoría pública penal",8
1112.01.35,"Director, administración pública / municipal",8
1112.01.36,"Director, administración pública / provincial",8
1112.01.37,"Director, administración pública / regional",8
1112.01.38,"Directora Ejecutiva del Consejo Nacional de la Mujer (CONAMU)",8
1112.01.39,"Encargado de negocios, embajada",8
1112.01.40,"Fiscal General de la Nación",8
1112.01.41,"Inspector general, policía nacional",8
1112.01.42,"Intendente de policía",8
1112.01.43,"Interventor de cuentas, administración pública",8
1112.01.44,"Interventor general (Compañías)",8
1112.01.45,"Jefe de departamento, administración pública",8
1112.01.46,"Ministro plenipotenciario",8
1112.01.47,"Pagador General, administración pública",8
1112.01.48,"Presidente de la Asociación Nacional de Municipalidades (AME)",8
1112.01.49,"Presidente de la Comisión de Control Cívico de la Corrupción",8
1112.01.50,"Presidente del Consejo Directivo del Instituto Ecuatoriano de Seguridad Social (lESS)",8
1112.01.51,"Presidente del Consejo Nacional de Telecomunicaciones",8
1112.01.52,"Presidente del Consejo Nacional Electoral",8
1112.01.53,"Presidente del Directorio del Banco Central",8
1112.01.54,"Presidente del Tribunal Constitucional",8
1112.01.55,"Presidente Petroecuador",8
1112.01.56,"Presidente Tribunal Contencioso Electoral",8
1112.01.57,"Presidente de la Autoridad Portuaria del Ecuador",8
1112.01.58,"Procurador General del Estado",8
1112.01.59,"Secretaría Nacional de Transparencia de Gestión",8
1112.01.60,"Secretario de embajada",8
1112.01.61,"Secretario General adjunto, administración pública",8
1112.01.62,"Secretario General de ciencias y tecnología",8
1112.01.63,"Secretario General de Comunicación",8
1112.01.64,"Secretario General de la Presidencia",8
1112.01.65,"Secretario General de Planificación y Desarrollo (SENPLADES)",8
1112.01.66,"Secretario General, administración pública",8
1112.01.67,"Secretario Nacional Anticorrupción",8
1112.01.68,"Secretario Nacional de Agua",8
1112.01.69,"Secretario Nacional de Gestión de Riesgos",8
1112.01.70,"Secretario Nacional del Migrante (SENAMI)",8
1112.01.71,"Subdirector general, administración pública",8
1112.01.72,"Subdirector técnico, administración pública",8
1112.01.73,"Subsecretario de Coordinación Política",8
1112.01.74,"Subsecretario de Desarrollo Organizacional",8
1112.01.75,"Subsecretario de Desarrollo Social",8
1112.01.76,"Subsecretario de Fortalecimiento Institucional",8
1112.01.77,"Subsecretario de Recursos Pesqueros",8
1112.01.78,"Subsecretario Técnico de Transparencia de Gestión",8
1112.01.79,"Subsecretario, Administración Pública",8
1112.01.80,"Subsecretarios Regionales, representantes en el exterior",8
1112.01.81,"Superintendente de Bancos y Seguros",8
1112.01.82,"Superintendente de Compañías",8
1112.01.83,"Superintendente de Telecomunicaciones",8
1112.01.84,"Vicepresidente del Consejo de Participación Ciudadana y Control Social",8
1112.01.85,"Vicepresidente del Consejo Nacional Electoral",8
1112.01.86,"Comisionado, Administración Pública",8
1112.01.87,"Comisionado, de Bomberos",8
1113,"JEFES DE PEQUEÑAS POBLACIONES",4
1113.01,"Jefes de pequeñas poblaciones",6
1113.01.01,"Jefe cantonal y parroquial (jefe de pueblo)",8
1113.01.02,"Jefe Político",8
1113.01.03,"Jefe tradicional, pequeña población (grupos étnicos, ejemplo: jefe de los shuaras)",8
1113.01.04,"Otros jefes de pequeñas poblaciones",8
1113.01.05,"Teniente Político",8
1114,"DIRIGENTES DE ORGANIZACIONES QUE PRESENTAN UN INTERÉS ESPECIAL",4
1114.01,"Dirigentes de organizaciones que presentan un interés especial",6
1114.01.01,"Director junta de beneficencia de Guayaquil",8
1114.01.02,"Dirigente, organización de empleadores",8
1114.01.03,"Dirigente, organización socio económica especializada",8
1114.01.04,"Dirigente, partido político",8
1114.01.05,"Dirigente, sindicato de trabajadores",8
1114.01.06,"Miembro, directiva partido político",8
1114.01.07,"Otros dirigentes y administradores de organizaciones humanitarias y de otras organizaciones especializadas",8
1114.01.08,"Otros dirigentes, partido político",8
1114.01.09,"Presidente cámara de comercio de Quito",8
1114.01.10,"Presidente cámara de comercio ecuatoriano americana",8
1114.01.11,"Presidente cámara de industria",8
1114.01.12,"Presidente cámara de industrias y producción",8
1114.01.13,"Presidente cámara de la construcción",8
1114.01.14,"Presidente cámara de la construcción de Quito",8
1114.01.15,"Presidente cámara de la industria automotriz ecuatoriana",8
1114.01.16,"Presidente cámara de la pequeña industria de pichincha, (CAPEIPI)",8
1114.01.17,"Presidente cámara de minería del Ecuador",8
1114.01.18,"Presidente cámara de turismo de Pichincha (CAPTUR)",8
1114.01.19,"Presidente cámara nacional de acuacultura",8
1114.01.20,"Presidente cámara nacional de microempresas del Ecuador",8
1114.01.21,"Presidente cámara nacional de Pesquería",8
1114.01.22,"Presidente cámara Provincial de Turismo",8
1114.01.23,"Presidente Confederación de nacionalidades Indígenas del Ecuador (CONAIE)",8
1114.01.24,"Presidente del Consejo de desarrollo del Pueblo Montubio de la Costa Ecuatoriana y Zonas Subtropicales de la Región Litoral",8
1114.01.25,"Presidente Unión Nacional de Periodistas (UNP)",8
1114.01.26,"Presidente, organización de empleadores",8
1114.01.27,"Presidente, partido político",8
1114.01.28,"Presidente, sindicatos",8
1114.01.29,"Secretario de finanzas de partido político",8
1114.01.30,"Secretario de Pueblos, Movimientos Sociales y Participación Ciudadana",8
1114.01.31,"Secretario general de sindicatos de chóferes profesionales",8
1114.01.32,"Secretario general, Cruz Roja",8
1114.01.33,"Secretario general, organización de derechos humanos",8
1114.01.34,"Secretario general, organización de empleadores",8
1114.01.35,"Secretario general, organización de protección de la fauna",8
1114.01.36,"Secretario general, organización de protección de la naturaleza",8
1114.01.37,"Secretario general, organización de protección del medio ambiente",8
1114.01.38,"Secretario general, organización ecologista",8
1114.01.39,"Secretario general, organización humanitaria",8
1114.01.40,"Secretario general, organización socioeconómica especializada",8
1114.01.41,"Secretario general, partido político",8
1114.01.42,"Secretario general, sindicato de trabajadores",8
1114.01.43,"Secretario Nacional Ejecutivo del Consejo de Desarrollo de las Nacionalidades y Pueblos del Ecuador (CODENPE)",8
1114.01.44,"Líder, partido político",8
1115,"MIEMBROS DEL PODER EJECUTIVO Y DE LOS GOBIERNOS LOCALES O SECCIONALES",4
1115.01,"Miembros del Poder Ejecutivo",6
1115.01.01,"Presidente de la República",8
1115.01.02,"Vicepresidente de la República",8
1115.01.03,Embajador,8
1115.01.04,Canciller,8
1115.01.05,"Ministros / secretarios de estado",8
1115.01.06,"Gobernador provincial",8
1115.01.07,"Subsecretarios de estado",8
1115.02,"Gobierno Locales o Seccionales",6
1115.02.01,Alcalde,8
1115.02.02,"Concejales, municipales",8
1115.02.03,"Concejales, urbanos",8
1115.02.04,"Concejales, rurales",8
1115.02.05,"Prefectos provinciales",8
1115.02.06,"Presidente de Concejo Municipal",8
1115.02.07,"Vicepresidentes de concejos municipales",8
1115.02.08,"Vice prefectos provinciales",8
1116,"MIEMBROS DEL PODER JUDICIAL",4
1116.01,"Miembros del Poder Judicial",6
1116.01.01,"Presidente de la Corte Nacional de Justicia",8
1116.01.02,"Vicepresidente de la Corte Nacional de Justicia",8
1116.01.03,"Magistrados de las Cortes Nacionales de Justicia",8
1116.01.04,"Presidente del Consejo Nacional de Judicatura",8
112,"DIRECTORES GENERALES Y GERENTE GENERALES",3
1120,"DIRECTORES GENERALES Y GERENTES GENERALES",4
1120.01,"Directores generales y gerente generales de Empresas",6
1120.01.01,"Director general, empresa",8
1120.01.02,"Director general, empresa / actividades culturales (10 empleados y más)",8
1120.01.03,"Director general, empresa / actividades deportivas (10 empleados y más)",8
1120.01.04,"Director general, empresa / actividades recreativas (10 empleados y más)",8
1120.01.05,"Director general, empresa / agencia de viajes (10 empleados y más)",8
1120.01.06,"Director general, empresa / agricultura (10 empleados y más)",8
1120.01.07,"Director general, empresa / almacenamiento (10 empleados y más)",8
1120.01.08,"Director general, empresa / caza (10 empleados y más)",8
1120.01.09,"Director general, empresa / comercio mayorista (10 empleados y más)",8
1120.01.10,"Director general, empresa / comercio minorista (10 empleados y más)",8
1120.01.11,"Director general, empresa / comunicaciones (10 empleados y más)",8
1120.01.12,"Director general, empresa / construcción y obras públicas (10 empleados y más)",8
1120.01.13,"Director general, empresa / cuidados personales (10 empleados y más)",8
1120.01.14,"Director general, empresa / enseñanza (10 empleados y más)",8
1120.01.15,"Director general, empresa / explotación forestal (10 empleados y más)",8
1120.01.16,"Director general, empresa / hostelería (10 empleados y más)",8
1120.01.17,"Director general, empresa / industrias manufactureras (10 empleados y más)",8
1120.01.18,"Director general, empresa / intermediación financiera (10 empleados y más)",8
1120.01.19,"Director general, empresa / limpieza (10 empleados y más)",8
1120.01.20,"Director general, empresa / pesca (10 empleados y más)",8
1120.01.21,"Director general, empresa / restaurantes (10 empleados y más)",8
1120.01.22,"Director general, empresa / servicios a las empresas (10 empleados y más)",8
1120.01.23,"Director general, empresa / servicios de sanidad (10 empleados y más)",8
1120.01.24,"Director general, empresa / silvicultura (10 empleados y más)",8
1120.01.25,"Director general, empresa / trabajo social (10 empleados y más)",8
1120.01.26,"Director general, empresa / transporte (10 empleados y más)",8
1120.01.27,"Gerente general, empresa / actividades culturales (10 empleados y más)",8
1120.01.28,"Gerente general, empresa / actividades deportivas (10 empleados y más)",8
1120.01.29,"Gerente general, empresa / actividades recreativas (10 empleados y más)",8
1120.01.30,"Gerente general, empresa / agencia de viajes (10 empleados y más)",8
1120.01.31,"Gerente general, empresa / agricultura (10 empleados y más)",8
1120.01.32,"Gerente general, empresa / almacenamiento (10 empleados y más)",8
1120.01.33,"Gerente general, empresa / caza (10 empleados y más)",8
1120.01.34,"Gerente general, empresa / comercio mayorista (10 empleados y más)",8
1120.01.35,"Gerente general, empresa / comercio minorista (10 empleados y más)",8
1120.01.36,"Gerente general, empresa / comunicaciones (10 empleados y más)",8
1120.01.37,"Gerente general, empresa / construcción y obras públicas (10 empleados y más)",8
1120.01.38,"Gerente general, empresa / cuidados personales (10 empleados y más)",8
1120.01.39,"Gerente general, empresa / enseñanza (10 empleados y más)",8
1120.01.40,"Gerente general, empresa / hotelería (10 empleados y más)",8
1120.01.41,"Gerente general, empresa / industrias manufactureras (10 empleados y más)",8
1120.01.42,"Gerente general, empresa / intermediación financiera (10 empleados y más) (bancos comerciales)",8
1120.01.43,"Gerente general, empresa / limpieza (10 empleados y más)",8
1120.01.44,"Gerente general, empresa / pesca (10 empleados y más)",8
1120.01.45,"Gerente general, empresa / restaurantes (10 empleados y más)",8
1120.01.46,"Gerente general, empresa / servicios a las empresas (10 empleados y más)",8
1120.01.47,"Gerente general, empresa / servicios de sanidad (10 empleados y más)",8
1120.01.48,"Gerente general, empresa / silvicultura (10 empleados y más)",8
1120.01.49,"Gerente general, empresa / trabajo social (10 empleados y más)",8
1120.01.50,"Gerente general, empresa / transporte (10 empleados y más)",8
1120.02,"Subdirectores generales y Subgerentes generales de Empresas",6
1120.02.01,"Subdirector general, empresa / actividades culturales (10 empleados y más)",8
1120.02.02,"Subdirector general, empresa / actividades deportivas (10 empleados y más)",8
1120.02.03,"Subdirector general, empresa / actividades recreativas (10 empleados y más)",8
1120.02.04,"Subdirector general, empresa / agencia de viajes (10 empleados y más)",8
1120.02.05,"Subdirector general, empresa / agricultura (10 empleados y más)",8
1120.02.06,"Subdirector general, empresa / almacenamiento (10 empleados y más)",8
1120.02.07,"Subdirector general, empresa / caza (10 empleados y más)",8
1120.02.08,"Subdirector general, empresa / comercio mayorista (10 empleados y más)",8
1120.02.09,"Subdirector general, empresa / comercio minorista (10 empleados y más)",8
1120.02.10,"Subdirector general, empresa / comunicaciones (10 empleados y más)",8
1120.02.11,"Subdirector general, empresa / construcción y obras públicas (10 empleados y más)",8
1120.02.12,"Subdirector general, empresa / cuidados personales (10 empleados y más)",8
1120.02.13,"Subdirector general, empresa / enseñanza (10 empleados y más)",8
1120.02.14,"Subdirector general, empresa / explotación forestal (10 empleados y más)",8
1120.02.15,"Subdirector general, empresa / hostelería (10 empleados y más)",8
1120.02.16,"Subdirector general, empresa / industrias manufactureras (10 empleados y más)",8
1120.02.17,"Subdirector general, empresa / intermediación financiera (10 empleados y más)",8
1120.02.18,"Subdirector general, empresa / limpieza (10 empleados y más)",8
1120.02.19,"Subdirector general, empresa / pesca (10 empleados y más)",8
1120.02.20,"Subdirector general, empresa / restaurantes (10 empleados y más)",8
1120.02.21,"Subdirector general, empresa / servicios a las empresas (10 empleados y más)",8
1120.02.22,"Subdirector general, empresa / servicios de sanidad (10 empleados y más)",8
1120.02.23,"Subdirector general, empresa / silvicultura (10 empleados y más)",8
1120.02.24,"Subdirector general, empresa / trabajo social (10 empleados y más)",8
1120.02.25,"Subdirector general, empresa / transporte (10 empleados y más)",8
1120.02.26,"Subgerente general, empresa / actividades culturales (10 empleados y más)",8
1120.02.27,"Subgerente general, empresa / actividades deportivas (10 empleados y más)",8
1120.02.28,"Subgerente general, empresa / actividades recreativas (10 empleados y más)",8
1120.02.29,"Subgerente general, empresa / agencia de viajes (10 empleados y más)",8
1120.02.30,"Subgerente general, empresa / agricultura (10 empleados y más)",8
1120.02.31,"Subgerente general, empresa / almacenamiento (10 empleados y más)",8
1120.02.32,"Subgerente general, empresa/caza (10 empleados y más)",8
1120.02.33,"Subgerente general, empresa / comercio mayorista (10 empleados y más)",8
1120.02.34,"Subgerente general, empresa / comercio minorista (10 empleados y más)",8
1120.02.35,"Subgerente general, empresa / comunicaciones (10 empleados y más)",8
1120.02.36,"Subgerente general, empresa / construcción y obras públicas (10 empleados y más)",8
1120.02.37,"Subgerente general, empresa / cuidados personales (10 empleados y más)",8
1120.02.38,"Subgerente general, empresa / enseñanza (10 empleados y más)",8
1120.02.39,"Subgerente general, empresa /hotelería (10 empleados y más)",8
1120.02.40,"Subgerente general, empresa / industrias manufactureras (10 empleados y más)",8
1120.02.41,"Subgerente general, empresa / intermediación financiera (10 empleados y más)",8
1120.02.42,"Subgerente general, empresa / limpieza (10 empleados y más)",8
1120.02.43,"Subgerente general, empresa / pesca (10 empleados y más)",8
1120.02.44,"Subgerente general, empresa / restaurantes (10 empleados y más)",8
1120.02.45,"Subgerente general, empresa / servicios a las empresas (10 empleados y más)",8
1120.02.46,"Subgerente general, empresa / servicios de sanidad (10 empleados y más)",8
1120.02.47,"Subgerente general, empresa / silvicultura (10 empleados y más)",8
1120.02.48,"Subgerente general, empresa / trabajo social (10 empleados y más)",8
1120.02.49,"Subgerente general, empresa / transporte (10 empleados y más)",8
1120.03,"Directores generales y gerentes generales de organización",6
1120.03.01,"Director general, organización (10 empleados y más)",8
1120.03.02,"Director general, organización / actividades culturales (10 empleados y más)",8
1120.03.03,"Director general, organización / actividades deportivas (10 empleados y más)",8
1120.03.04,"Director general, organización / actividades recreativas (10 empleados y más)",8
1120.03.05,"Director general, organización / administración pública (10 empleados y más)",8
1120.03.06,"Director general, organización / caza (10 empleados y más)",8
1120.03.07,"Director general, organización / comercio mayorista (10 empleados y más)",8
1120.03.08,"Director general, organización / comercio minorista (10 empleados y más)",8
1120.03.09,"Director general, organización / educación (10 empleados y más)",8
1120.03.10,"Director general, organización / enseñanza (10 empleados y más)",8
1120.03.11,"Director general, organización / hostelería (10 empleados y más)",8
1120.03.12,"Director general, organización / instituciones extraterritoriales (10 empleados y más)",8
1120.03.13,"Director general, organización / ocio (10 empleados y más)",8
1120.03.14,"Director general, organización / pesca (10 empleados y más)",8
1120.03.15,"Director general, organización / restaurantes (10 empleados y más)",8
1120.03.16,"Director general, organización / salud (hospital....) (10 empleados y más)",8
1120.03.17,"Director general, organización / silvicultura (10 empleados y más)",8
1120.03.18,"Director general, organización / trabajo social (10 empleados y más)",8
1120.03.19,"Director general, organización / transporte (10 empleados y más)",8
1120.03.20,"Gerente general, organización (10 empleados y más)",8
1120.03.21,"Gerente general, organización / actividades culturales (10 empleados y más)",8
1120.03.22,"Gerente general, organización / actividades deportivas (10 empleados y más)",8
1120.03.23,"Gerente general, organización / actividades recreativas (10 empleados y más)",8
1120.03.24,"Gerente general, organización / administración pública (10 empleados y más)",8
1120.03.25,"Gerente general, organización / caza (10 empleados y más)",8
1120.03.26,"Gerente general, organización / comercio mayorista (10 empleados y más)",8
1120.03.27,"Gerente general, organización / comercio minorista (10 empleados y más)",8
1120.03.28,"Gerente general, organización / educación (10 empleados y más)",8
1120.03.29,"Gerente general, organización / enseñanza (10 empleados y más)",8
1120.03.30,"Gerente general, organización / hostelería (10 empleados y más)",8
1120.03.31,"Gerente general, organización / instituciones extraterritoriales (10 empleados y más)",8
1120.03.32,"Gerente general, organización / pesca (10 empleados y más)",8
1120.03.33,"Gerente general, organización / restaurantes (10 empleados y más)",8
1120.03.34,"Gerente general, organización / servicios de sanidad (10 empleados y más)",8
1120.03.35,"Gerente general, organización / silvicultura (10 empleados y más)",8
1120.03.36,"Gerente general, organización / trabajo social (10 empleados y más)",8
1120.03.37,"Gerente general, organización / transporte (10 empleados y más)",8
1120.03.38,"Presidente, empresa (10 empleados y más)",8
1120.03.39,"Presidente, organización (10 empleados y más)",8
1120.04,"Subdirectores generales y Subgerentes generales de organización",6
1120.04.01,"Subdirector general, organización (10 empleados y más)",8
1120.04.02,"Subdirector general, organización / actividades culturales (10 empleados y más)",8
1120.04.03,"Subdirector general, organización / actividades deportivas (10 empleados y más)",8
1120.04.04,"Subdirector general, organización / actividades recreativas (10 empleados y más)",8
1120.04.05,"Subdirector general, organización / administración pública (10 empleados y más)",8
1120.04.06,"Subdirector general, organización / caza (10 empleados y más)",8
1120.04.07,"Subdirector general, organización / comercio mayorista (10 empleados y más)",8
1120.04.08,"Subdirector general, organización / comercio minorista (10 empleados y más)",8
1120.04.09,"Subdirector general, organización / educación (10 empleados y más)",8
1120.04.10,"Subdirector general, organización / enseñanza (10 empleados y más)",8
1120.04.11,"Subdirector general, organización / hotelería (10 empleados y más)",8
1120.04.12,"Subdirector general, organización / instituciones extraterritoriales (10 empleados y más)",8
1120.04.13,"Subdirector general, organización / ocio (10 empleados y más)",8
1120.04.14,"Subdirector general, organización / pesca (10 empleados y más)",8
1120.04.15,"Subdirector general, organización / restaurantes (10 empleados y más)",8
1120.04.16,"Subdirector general, organización / salud (hospital) (10 empleados y más)",8
1120.04.17,"Subdirector general, organización / silvicultura (10 empleados y más)",8
1120.04.18,"Subdirector general, organización / trabajo social (10 empleados y más)",8
1120.04.19,"Subdirector general, organización / transporte (10 empleados y más)",8
1120.04.20,"Subgerente general, organización (10 empleados y más)",8
1120.04.21,"Subgerente general, organización / actividades culturales (10 empleados y más)",8
1120.04.22,"Subgerente general, organización / actividades deportivas (10 empleados y más)",8
1120.04.23,"Subgerente general, organización / actividades recreativas (10 empleados y más)",8
1120.04.24,"Subgerente general, organización / administración pública (10 empleados y más)",8
1120.04.25,"Subgerente general, organización / caza (10 empleados y más)",8
1120.04.26,"Subgerente general, organización / comercio mayorista (10 empleados y más)",8
1120.04.27,"Subgerente general, organización / comercio minorista (10 empleados y más)",8
1120.04.28,"Subgerente general, organización / educación (10 empleados y más)",8
1120.04.29,"Subgerente general, organización / enseñanza (10 empleados y más)",8
1120.04.30,"Subgerente general, organización / hotelería (10 empleados y más)",8
1120.04.31,"Subgerente general, organización / instituciones extraterritoriales (10 empleados y más)",8
1120.04.32,"Subgerente general, organización / pesca (10 empleados y más)",8
1120.04.33,"Subgerente general, organización / restaurantes (10 empleados y más)",8
1120.04.34,"Subgerente general, organización / servicios de sanidad (10 empleados y más)",8
1120.04.35,"Subgerente general, organización / silvicultura (10 empleados y más)",8
1120.04.36,"Subgerente general, organización / trabajo social (10 empleados y más)",8
1120.04.37,"Subgerente general, organización / transporte (10 empleados y más)",8
12,"DIRECTORES ADMINISTRADORES Y COMERCIALES",2
121,"DIRECTORES DE ADMINISTRACIÓN Y SERVICIOS",3
1211,"DIRECTORES FINANCIEROS",4
1211.01,"Directores financieros",6
1211.01.01,"Director de departamento administración (10 empleados y más)",8
1211.01.02,"Director de departamento contabilidad (10 empleados y más)",8
1211.01.03,"Director de departamento, finanzas (10 empleados y más)",8
1211.01.04,"Director de departamento, presupuesto (10 empleados y más)",8
1211.01.05,"Director departamento de auditoría y control",8
1211.01.06,"Director departamento de contabilidad y presupuestos",8
1211.01.07,"Director financiero (10 empleados y más)",8
1211.01.08,"Gerente de finanzas",8
1211.01.09,"Asistente Administrativo Financiero (10 empleados y más)",8
1211.01.10,"Asistente financiero (10 empleados y más)",8
1212,"DIRECTORES DE RECURSOS HUMANOS",4
1212.01,"Directores de recursos humanos",6
1212.01.01,"Director de departamento, personal (10 empleados y más)",8
1212.01.02,"Director de personal y relaciones industriales",8
1212.01.03,"Director de riesgos profesionales",8
1212.01.04,"Director departamento de recursos humanos",8
1212.01.05,"Director departamento de relaciones laborales",8
1212.01.06,"Director desarrollo personal",8
1212.01.07,"Gerente de Personal",8
1212.01.08,"Jefe de contratación",8
1212.01.09,"Jefe de personal, empresa (10 empleados y más)",8
1213,"DIRECTORES DE POLÍTICAS Y PLANIFICACIÓN",4
1213.01,"Directores de políticas y planificación",6
1213.01.01,"Director de bienestar",8
1213.01.02,"Gerente Corporativo de planificación",8
1213.01.03,"Gerente de planificación estratégica",8
1213.01.04,"Gerente de política",8
1219,"DIRECTORES DE ADMINISTRACIÓN Y SERVICIOS NO CLASIFICADOS BAJO OTROS EPÍGRAFES",4
1219.01,"Directores de administración y servicios no clasificados bajo otros epígrafes",6
1219.01.01,"Director creativo",8
1219.01.02,"Director de arte",8
1219.01.03,"Director de plató, cine",8
1219.01.04,"Director, musical",8
1219.01.05,"Gerente de compras",8
1219.01.06,"Gerente de servicios corporativos",8
1219.01.07,"Gerente de servicios de limpieza",8
1219.01.08,"Gerente de servicios administrativos",8
1219.01.09,"Gerente de instalaciones",8
1219.01.10,"Productor, radio",8
1219.01.11,"Productor, televisión",8
1219.01.12,"Jefe de producción de programas de radio y TV.",8
1219.01.13,"Administrador de servicios",8
1219.01.14,"Regidor, teatro",8
122,"DIRECTORES DE VENTAS, COMERCIALIZACIÓN Y DESARROLLO",3
1221,"DIRECTORES DE VENTAS Y COMERCIALIZACIÓN",4
1221.01,"Directores de ventas y comercialización",6
1221.01.01,"Director de departamento / comercialización (10 empleados y más)",8
1221.01.02,"Director de departamento, ventas (10 empleados y más)",8
1221.01.03,"Director de departamento, ventas / organización (10 empleados y más)",8
1221.01.04,"Director de ventas de industrias manufactureras",8
1221.01.05,"Director mercado y ventas",8
1221.01.06,"Director tele mercadeo",8
1221.01.07,"Director ventas",8
1221.01.08,"Directores de ventas y comercialización",8
1221.01.09,"Gerente de marketing",8
1221.01.10,"Gerente de ventas",8
1221.01.11,"Jefe de departamento de comercialización y ventas (10 empleados y más)",8
1221.01.12,"Jefe departamento de exportación",8
1222,"DIRECTORES DE PUBLICIDAD Y RELACIONES PÚBLICAS",4
1222.01,"Directores de publicidad y relaciones públicas",6
1222.01.01,"Director de departamento, publicidad (10 empleados y más)",8
1222.01.02,"Director de departamento, relaciones públicas (10 empleados y más)",8
1222.01.03,"Director de relaciones publicas",8
1222.01.04,"Director departamento servicio cliente",8
1222.01.05,"Director financiero agencias de publicidad",8
1222.01.06,"Gerente de publicidad",8
1222.01.07,"Gerente de relaciones públicas",8
1222.01.08,"Jefe de departamento, publicidad (10 empleados y más)",8
1222.01.09,"Jefe de departamento, relaciones públicas (10 empleados y más)",8
1223,"DIRECTORES DE INVESTIGACIÓN Y DESARROLLO",4
1223.01,"Directores de investigación y desarrollo",6
1223.01.01,"Director de departamento, investigación y desarrollo (10 empleados y más)",8
1223.01.02,"Gerente de desarrollo de productos",8
1223.01.03,"Gerente del departamento de investigación",8
1223.01.04,"Jefe de departamento, investigación y desarrollo (10 empleados y más)",8
13,"DIRECTORES Y GERENTES DE PRODUCCIÓN Y OPERACIONES",2
131,"DIRECTORES DE PRODUCCIÓN AGROPECUARIA, SILVICULTURA Y PESCA",3
1311,"DIRECTORES DE PRODUCCIÓN AGROPECUARIA Y SILVICULTURA",4
1311.01,"Directores de producción agropecuaria y silvicultura",6
1311.01.01,"Director departamento producción y operaciones / agricultura (10 empleados y más)",8
1311.01.02,"Director departamento producción y operaciones / silvicultura (10 empleados y más)",8
1311.01.03,"Directores de producción agropecuaria y silvicultura",8
1311.01.04,"Gerente de operaciones forestales",8
1311.01.05,"Gerente de producción agrícola y pecuaria",8
1311.01.06,"Gerente plantación",8
1311.01.07,"Administrador de plantación",8
1311.01.08,"Administrador de rancho",8
1311.01.09,"Jefe departamento producción y operaciones / agricultura (10 empleados y más)",8
1311.01.10,"Jefe departamento producción y operaciones / silvicultura (10 empleados y más)",8
1311.01.11,"Supervisor de producción en general (10 empleados y más)",8
1312,"DIRECTORES DE PRODUCCIÓN DE PISCICULTURA Y PESCA",4
1312.01,"Directores de producción de piscicultura y pesca",6
1312.01.01,"Director departamento producción y operaciones / caza (10 empleados y más)",8
1312.01.02,"Director departamento producción y operaciones / pesca (10 empleados y más)",8
1312.01.03,"Gerente de producción de la acuicultura",8
1312.01.04,"Gerente empresa, pesca (5 a 9 empleados)",8
1312.01.05,"Gerente operación y pesca",8
1312.01.06,"Jefe departamento producción y operaciones / caza (10 empleados y más)",8
1312.01.07,"Jefe departamento producción y operaciones / pesca (10 empleados y más)",8
132,"DIRECTORES DE INDUSTRIAS MANUFACTURERAS, DE MINERÍA, CONSTRUCCIÓN Y DISTRIBUCIÓN",3
1321,"DIRECTORES DE INDUSTRIAS MANUFACTURERAS",4
1321.01,"Directores de industrias manufactureras",6
1321.01.01,"Director departamento producción y operaciones / industria manufacturera (10 empleados y más)",8
1321.01.02,"Director departamento producción y operaciones / industria manufacturera / Actividades de edición e impresión y de reproducción de grabaciones. (10 empleados y más)",8
1321.01.03,"Director departamento producción y operaciones / industria manufacturera / fabricación de coque, productos de la refinación de petróleo y combustible nuclear. (10 empleados y más)",8
1321.01.04,"Director departamento producción y operaciones / industria manufacturera / fabricación de instrumentos médicos, ópticos y de precisión y fabricación de relojes. (10 empleados y más)",8
1321.01.05,"Director departamento producción y operaciones / industria manufacturera / fabricación de maquinaria y equipo n.c.p. (10 empleados y más)",8
1321.01.06,"Director departamento producción y operaciones / industria manufacturera / fabricación de metales comunes y productos elaborados de metal (10 empleados y más)",8
1321.01.07,"Director departamento producción y operaciones / industria manufacturera / fabricación de muebles; industrias manufactureras n.c.p. (10 empleados y más)",8
1321.01.08,"Director departamento producción y operaciones / industria manufacturera / fabricación de otros productos minerales no metálicos. (10 empleados y más)",8
1321.01.09,"Director departamento producción y operaciones / industria manufacturera / fabricación de substancias y productos químicos, caucho y plásticos (10 empleados y más)",8
1321.01.10,"Director departamento producción y operaciones / industria manufacturera / fabricación de vehículos automotores, remolques y semirremolques. (10 empleados y más)",8
1321.01.11,"Director departamento producción y operaciones / industria manufacturera / papel y de productos de papel. (10 empleados y más)",8
1321.01.12,"Director departamento producción y operaciones / industria manufacturera / producción de madera y fabricación de productos de madera y de corcho excepto muebles; fabricación de artículos de paja y de materiales trenzables. (10 empleados y más)",8
1321.01.13,"Director departamento producción y operaciones / industria manufacturera / productos alimenticios, bebidas y tabaco (10 empleados y más)",8
1321.01.14,"Director departamento producción y operaciones / industria manufacturera / productos textiles, prendas de vestir, cuero, talabartería y calzado (10 empleados y más)",8
1321.01.15,"Director departamento producción y operaciones / industria manufacturera / reciclamiento. (10 empleados y más)",8
1321.01.16,"Director departamento producción y operaciones / suministro de electricidad, gas y agua (10 empleados y más)",8
1321.02,"Gerentes de industrias manufactureras",6
1321.02.01,"Gerente / industria manufacturera (5 a 9 empleados)",8
1321.02.02,"Gerente / industria manufacturera / actividades de edición e impresión y de reproducción de grabaciones. (5 a 9 empleados)",8
1321.02.03,"Gerente / industria manufacturera / fabricación de maquinaria y equipo n.c.p. (5 a 9 empleados)",8
1321.02.04,"Gerente / industria manufacturera / fabricación de metales comunes y productos elaborados de metal (5 a 9 empleados)",8
1321.02.05,"Gerente / industria manufacturera / fabricación de muebles; industrias manufactureras n.c.p. (5 a 9 empleados)",8
1321.02.06,"Gerente / industria manufacturera / fabricación de otros productos minerales no metálicos. (5 a 9 empleados)",8
1321.02.07,"Gerente / industria manufacturera / fabricación de substancias y productos químicos, caucho y plásticos (5 a 9 empleados)",8
1321.02.08,"Gerente / industria manufacturera / papel y de productos de papel. (5 a 9 empleados)",8
1321.02.09,"Gerente / industria manufacturera / producción de madera y fabricación de productos de madera y de corcho excepto muebles; fabricación de artículos de paja y de materiales trenzables. (5 a 9 empleados)",8
1321.02.10,"Gerente / industria manufacturera / productos alimenticios, bebidas y tabaco (5 a 9 empleados)",8
1321.02.11,"Gerente / industria manufacturera / productos textiles, prendas de vestir, cuero, talabartería y calzado (5 a 9 empleados)",8
1321.03,"Jefes de industrias manufactureras",6
1321.03.01,"Jefe de planta industria manufacturera (10 empleados y más)",8
1321.03.02,"Jefe departamento producción y operaciones / explotación de minas y canteras (10 empleados y más)",8
1321.03.03,"Jefe departamento producción y operaciones / industria manufacturera (10 empleados y más)",8
1321.03.04,"Jefe departamento producción y operaciones / industria manufacturera / actividades de edición e impresión y de reproducción de grabaciones. (10 empleados y más)",8
1321.03.05,"Jefe departamento producción y operaciones / industria manufacturera / fabricación de coque, productos de la refinación de petróleo y combustible nuclear. (10 empleados y más)",8
1321.03.06,"Jefe departamento producción y operaciones / industria manufacturera / fabricación de instrumentos médicos, ópticos y de precisión y fabricación de relojes. (10 empleados y más)",8
1321.03.07,"Jefe departamento producción y operaciones / industria manufacturera / fabricación de maquinaria y equipo n.c.p. (10 empleados y más)",8
1321.03.08,"Jefe departamento producción y operaciones / industria manufacturera / fabricación de metales comunes y productos elaborados de metal (10 empleados y más)",8
1321.03.09,"Jefe departamento producción y operaciones / industria manufacturera / fabricación de muebles; industrias manufactureras n.c.p. (10 empleados y más)",8
1321.03.10,"Jefe departamento producción y operaciones / industria manufacturera / fabricación de otros productos minerales no metálicos. (10 empleados y más)",8
1321.03.11,"Jefe departamento producción y operaciones / industria manufacturera / fabricación de papel y de productos de papel (10 empleados y más)",8
1321.03.12,"Jefe departamento producción y operaciones / industria manufacturera / fabricación de substancias y productos químicos, caucho y plásticos (10 empleados y más)",8
1321.03.13,"Jefe departamento producción y operaciones / industria manufacturera / fabricación de vehículos automotores, remolques y semirremolques. (10 empleados y más)",8
1321.03.14,"Jefe departamento producción y operaciones / industria manufacturera / producción de madera y fabricación de productos de madera y de corcho excepto muebles; fabricación de artículos de paja y de materiales trenzables. (10 empleados y más)",8
1321.03.15,"Jefe departamento producción y operaciones / industria manufacturera / productos alimenticios, bebidas y tabaco (10 empleados y más)",8
1321.03.16,"Jefe departamento producción y operaciones / industria manufacturera / productos textiles, prendas de vestir, cuero, talabartería y calzado (10 empleados y más)",8
1321.03.17,"Jefe departamento producción y operaciones / industria manufacturera / reciclamiento. (10 empleados y más)",8
1321.03.18,"Jefe departamento producción y operaciones / suministro de electricidad, gas y agua (10 empleados y más)",8
1322,"DIRECTORES DE EXPLOTACIONES DE MINERÍA",4
1322.01,"Directores de explotaciones de minería",6
1322.01.01,"Director departamento producción y operaciones / explotación de minas y canteras (10 empleados y más)",8
1322.01.02,"Gerente / Explotación de minas y canteras (5 a 9 empleados)",8
1322.01.03,"Gerente de producción (cantera)",8
1322.01.04,"Gerente de producción (extracción de petróleo y gas)",8
1322.01.05,"Gerente de producción (las minas)",8
1322.01.06,"Vicepresidente de compañías mineras",8
1322.01.07,"Administrador de la cantera",8
1323,"DIRECTORES DE EMPRESAS DE CONSTRUCCIÓN",4
1323.01,"Directores de empresas de construcción",6
1323.01.01,"Director de obra e inventarios",8
1323.01.02,"Director departamento producción y operaciones / construcción y obras públicas (10 empleados y más)",8
1323.01.03,"Director general de construcción",8
1323.01.04,"Gerente de arquitectura",8
1323.01.05,"Gerente de construcción residencial",8
1323.01.06,"Gerente de proyectos de construcción",8
1323.01.07,"Jefe departamento producción y operaciones / construcción y obras públicas (10 empleados y más)",8
1323.01.08,"Constructor de proyectos",8
1324,"DIRECTORES DE EMPRESAS DE ABASTECIMIENTO, DISTRIBUCIÓN Y AFINES",4
1324.01,"Directores de empresas de abastecimiento, distribución y afines",6
1324.01.01,"Director de departamento, abastecimiento (10 empleados y más)",8
1324.01.02,"Director de departamento, almacenamiento (10 empleados y más)",8
1324.01.03,"Director de departamento, compras (10 empleados y más)",8
1324.01.04,"Director de departamento, distribución (10 empleados y más)",8
1324.01.05,"Director de departamento, suministros",8
1324.01.06,"Gerente de la cadena de suministro",8
1324.01.07,"Gerente de la empresa de transporte",8
1324.01.08,"Gerente de estación de autobuses",8
1324.01.09,"Gerente de estación ferroviaria",8
1324.01.10,"Gerente de logística",8
1324.01.11,"Administrador de almacén",8
1324.01.12,"Administrador del sistema de transporte urbano",8
1324.01.13,"Jefe de la estación de ferrocarril",8
1324.01.14,"Encargado de la distribución de suministros",8
1324.01.15,"Principal de estación ferroviaria",8
133,"DIRECTORES DE SERVICIOS DE TECNOLOGÍA DE LA INFORMACIÓN Y LAS COMUNICACIONES",3
1330,"DIRECTORES DE SERVICIOS DE TECNOLOGÍA DE LA INFORMACIÓN Y LAS COMUNICACIONES",4
1330.01,"Directores de servicios de tecnología de la información y las comunicaciones (TIC)",6
1330.01.01,"Director de sistemas",8
1330.01.02,"Director de sistemas de información",8
1330.01.03,"Director de transmisión de datos",8
1330.01.04,"Director departamento informática (10 empleados y más)",8
1330.01.05,"Directores de servicios de tecnología de la información y las comunicaciones",8
1330.01.06,"Gerente de centro de computo (10 empleados y más)",8
1330.01.07,"Gerente de desarrollo de aplicaciones",8
1330.01.08,"Gerente de procesamiento de datos",8
1330.01.09,"Gerente de sistemas",8
1330.01.10,"Gerente de tecnología de la información",8
1330.01.11,"Gerente de desarrollo de las TIC",8
1330.01.12,"Gerente de red",8
1330.01.13,"Jefe de departamento, informática (10 empleados y más)",8
1330.01.14,"Jefe de tecnología de la información",8
1330.01.15,"Administrador de aplicaciones de desarrollo",8
134,"DIRECTORES Y GERENTES DE SERVICIOS PROFESIONALES",3
1341,"DIRECTORES DE SERVICIOS DE CUIDADOS INFANTILES",4
1341.01,"Directores de servicios de cuidados infantiles",6
1341.01.01,"Director de departamento, producción y operaciones / actividades culturales",8
1341.01.02,"Director de departamento, producción y operaciones / actividades deportivas",8
1341.01.03,"Director de departamento, producción y operaciones / actividades recreativas",8
1341.01.04,"Director de Jardín de Infantes",8
1341.01.05,"Gerente del centro de cuidado de niños",8
1342,"DIRECTORES DE SERVICIOS DE SALUD",4
1342.01,"Directores de servicios de salud",6
1342.01.01,"Director de centro de salud",8
1342.01.02,"Director de clínica",8
1342.01.03,"Director de departamento, producción y operaciones / salud",8
1342.01.04,"Director de departamento, producción y operaciones / servicios de sanidad",8
1342.01.05,"Director de enfermería",8
1342.01.06,"Director de rehabilitación",8
1342.01.07,"Director de salud ocupacional",8
1342.01.08,"Director de urgencias",8
1342.01.09,"Director general instituciones de servicios de salud",8
1342.01.10,"Director Médico",8
1342.01.11,"Directores de servicios de salud",8
1342.01.12,"Director de área de salud pública",8
1342.01.13,"Administrador de institución de salud",8
1342.01.14,"Coordinador de atención comunitaria de salud",8
1342.01.15,"Gerente de servicios de salud",8
1343,"DIRECTORES DE SERVICIOS DE CUIDADO DE LAS PERSONAS DE EDAD",4
1343.01,"Directores de servicios de cuidado de las personas de edad",6
1343.01.01,"Director de atención domiciliaria",8
1343.01.02,"Director de hogares de ancianos",8
1343.01.03,"Directora de enfermería en casa",8
1343.01.04,"Gerente de servicios de atención a ancianos",8
1343.01.05,"Administrador de casas asistenciales",8
1343.01.06,"Coordinador de cuidado de personas mayores",8
1343.01.07,"Coordinador de la aldea de jubilación",8
1343.01.08,"Coordinador de retiro (pueblo)",8
1344,"DIRECTORES DE SERVICIOS DE BIENESTAR SOCIAL",4
1344.01,"Directores de servicios de bienestar social",6
1344.01.01,"Director de departamento, producción y operaciones / trabajo social",8
1344.01.02,"Gerente de servicios de familia",8
1344.01.03,"Gerente de servicios de vivienda",8
1344.01.04,"Gerente del centro de bienestar",8
1344.01.05,"Gerente del centro de la comunidad",8
1344.01.06,"Administrador de centro comunitario",8
1344.01.07,"Administrador de servicios vivienda",8
1345,"DIRECTORES DE SERVICIOS DE EDUCACIÓN",4
1345.01,"Directores de servicios de educación",6
1345.01.01,"Director académico",8
1345.01.02,"Director bienestar universitario",8
1345.01.03,"Director de capacitación",8
1345.01.04,"Director de centro de formación",8
1345.01.05,"Director de departamento, producción y operaciones / enseñanza",8
1345.01.06,"Director de educación",8
1345.01.07,"Director de educación básica (9 años)",8
1345.01.08,"Director de escuela primaria (6 años)",8
1345.01.09,"Director de universidad",8
1345.01.10,"Director General de instituciones educativas",8
1345.01.11,"Director General empresas enseñanzas",8
1345.01.12,"Director General escuelas de aviación",8
1345.01.13,"Director instituto de posgrado",8
1345.01.14,"Director, enseñanza secundaria",8
1345.01.15,"Rector, instituto superior",8
1345.01.16,"Rector de educación secundaria",8
1345.01.17,"Rector o director de establecimientos educacionales",8
1345.01.18,"Rector, universidad",8
1345.01.19,Vicerrector,8
1345.01.20,"Vicerrector, universidad",8
1345.01.21,Decano,8
1345.01.22,"Decano, facultad",8
1345.01.23,"Decano universidad",8
1345.01.24,"Maestro jefe",8
1345.01.25,Vicedecano,8
1345.01.26,"Coordinador de educación de Escuela Politécnica",8
1346,"GERENTES DE SUCURSALES DE BANCOS, DE SERVICIOS FINANCIEROS Y DE SEGUROS",4
1346.01,"Gerentes de sucursales de bancos, de servicios financieros y de seguros",6
1346.01.01,"Gerente de banco",8
1346.01.02,"Gerente de cooperativa de crédito",8
1346.01.03,"Gerente de seguros",8
1346.01.04,"Gerente financiero (10 empleados y más)",8
1346.01.05,"Gerente general de compañías de seguros",8
1346.01.06,"Director administrador de barco (Sobrecargo, barco) (10 empleados y más)",8
1346.01.07,"Director del departamento de contabilidad (10 empleados y más)",8
1346.01.08,"Administrador de agencia de seguros",8
1346.01.09,"Administrador financiero o de seguro",8
1346.01.10,"Jefe de presupuesto (10 empleados y más)",8
1346.01.11,"Asistente administrativo (10 empleados y más)",8
1346.01.12,"Otros jefes de departamentos financieros y administrativos (10 empleados y más)",8
1349,"DIRECTORES Y GERENTES DE SERVICIOS PROFESIONALES NO CLASIFICADOS BAJO OTROS EPÍGRAFES",4
1349.01,"Directores y gerentes de servicios profesionales no clasificados bajo otros epígrafes",6
1349.01.01,"Director de asociaciones deportivas",8
1349.01.02,"Director de departamento, producción y operaciones / administración pública",8
1349.01.03,"Gerente / Suministro de electricidad, gas y agua (5 a 9 empleados)",8
1349.01.04,"Gerente de operaciones perforación",8
1349.01.05,"Gerente de producción y fabricación",8
1349.01.06,"Gerente empresa, explotación forestal (5 a 9 empleados)",8
1349.01.07,"Gerente empresas, caza (5 a 9 empleados)",8
1349.01.08,"Gerente operaciones y distribución de gas",8
1349.01.09,"Gerente propietario de discotecas y clubes nocturnos (5 a 9 empleados)",8
1349.01.10,"Gerente, albergue / jóvenes (5 a 9 empleados)",8
1349.01.11,"Gerente, establecimiento de enseñanza (5 a 9 empleados)",8
1349.01.12,"Gerente, servicios de salud (5 a 9 empleados)",8
1349.01.13,"Gerente, servicios de sanidad (5 a 9 empleados)",8
1349.01.14,"Gerente, trabajo social (5 a 9 empleados)",8
1349.01.15,"Gerentes empresa, agricultura (5 a 9 empleados)",8
1349.01.16,"Gerente de archivos",8
1349.01.17,"Gerente galería de arte",8
1349.01.18,"Gerente de servicios de correccionales",8
1349.01.19,"Gerente de servicios legales",8
1349.01.20,"Gerente de museo",8
1349.01.21,"Gobernador de prisión",8
1349.01.22,"Productor de cine",8
14,"GERENTES DE HOTELES, RESTAURANTES, COMERCIOS Y OTROS SERVICIOS",2
141,"GERENTES DE HOTELES Y RESTAURANTES",3
1411,"GERENTES DE HOTELES",4
1411.01,"Gerentes de hoteles",6
1411.01.01,"Gerente de servicios de banquetes de hoteles",8
1411.01.02,"Gerente de servicios y bebidas de hotel",8
1411.01.03,"Gerente, bar (5 a 9 empleados)",8
1411.01.04,"Gerente, café (5 a 9 empleados)",8
1411.01.05,"Gerente, campamento / vacaciones (5 a 9 empleados)",8
1411.01.06,"Gerente, cantina / empresa (5 a 9 empleados)",8
1411.01.07,"Gerente, casa de huéspedes (5 a 9 empleados)",8
1411.01.08,"Gerente, establecimientos de recepciones y banquetes (5 a 9 empleados)",8
1411.01.09,"Gerente, hostelería (5 a 9 empleados)",8
1411.01.10,"Gerente, hotel (5 a 9 empleados)",8
1411.01.11,"Gerente, mesón (5 a 9 empleados)",8
1411.01.12,"Gerente, motel (5 a 9 empleados)",8
1411.01.13,"Gerente, parque de caravanas (5 a 9 empleados)",8
1411.01.14,"Gerente, pensión (5 a 9 empleados)",8
1411.01.15,"Director de hotel",8
1411.01.16,"Director residencia de la juventud",8
1411.01.17,"Jefe de Departamento, producción y operaciones / establecimientos de banquetes y recepciones (10 empleados y más)",8
1412,"GERENTES DE RESTAURANTES",4
1412.01,"Gerentes de restaurantes",6
1412.01.01,"Gerente, restaurante (5 a 9 empleados)",8
1412.01.02,"Gerente, restaurante / autoservicio (5 a 9 empleados)",8
1412.01.03,"Gerente, restaurante-bar (5 a 9 empleados)",8
1412.01.04,"Gerente, snack-bar (5 a 9 empleados)",8
1412.01.05,"Gerente, taberna (5 a 9 empleados)",8
1412.01.06,"Gerente general cadenas de restaurantes",8
1412.01.07,"Gerente propietario café bar y similares",8
1412.01.08,"Gerente propietario de restaurantes",8
1412.01.09,"Administrador de bar",8
1412.01.10,"Administrador de cafetería",8
1412.01.11,"Administrador de restaurante",8
142,"GERENTES DE COMERCIOS AL POR MAYOR Y AL POR MENOR",3
1420,"GERENTES DE COMERCIOS AL POR MAYOR Y AL POR MENOR",4
1420.01,"Gerentes de comercios al por mayor y al por menor",6
1420.01.01,"Gerente, comercio mayorista (5 a 9 empleados)",8
1420.01.02,"Gerente, comercio mayorista / exportación (5 a 9 empleados)",8
1420.01.03,"Gerente, comercio mayorista / importación (5 a 9 empleados)",8
1420.01.04,"Gerente, comercio minorista (5 a 9 empleados)",8
1420.01.05,"Gerente, comercio minorista / almacenes (5 a 9 empleados)",8
1420.01.06,"Gerente, comercio minorista / almacenes (ventas por correo) (5 a 9 empleados)",8
1420.01.07,"Gerente, comercio minorista / supermercados (autoservicio) (5 a 9 empleados)",8
1420.01.08,"Gerente de almacén",8
1420.01.09,"Gerente de concesionarios",8
1420.01.10,"Gerente de estación de servicios",8
1420.01.11,"Gerente supermercados",8
1420.01.12,"Presidente de cadenas de hoteles",8
1420.01.13,"Vicepresidente de cadenas de hoteles",8
143,"OTROS GERENTES DE SERVICIOS",3
1431,"GERENTES DE CENTROS DEPORTIVOS, DE ESPARCIMIENTO Y CULTURALES",4
1431.01,"Gerente de centros deportivos, de esparcimiento y culturales",6
1431.01.01,"Gerente, actividades culturales (5 a 9 empleados)",8
1431.01.02,"Gerente, actividades deportivas (5 a 9 empleados)",8
1431.01.03,"Gerente, actividades recreativas (5 a 9 empleados)",8
1431.01.04,"Gerente de teatro",8
1431.01.05,"Gerente del parque temático",8
1431.01.06,"Administrador de casino",8
1431.01.07,"Administrador de centro de ocio",8
1431.01.08,"Administrador de centro deportivo",8
1431.01.09,"Administrador de cine",8
1431.01.10,"Administrador de escuela de equitación",8
1431.01.11,"Administrador de sala de billar",8
1439,"GERENTES DE SERVICIOS NO CLASIFICADOS BAJO OTROS EPÍGRAFES",4
1439.01,"Gerentes de servicios no clasificados bajo otros epígrafes",6
1439.01.01,"Gerente, agencia de viajes (5 a 9 empleados)",8
1439.01.02,"Gerente, almacenamiento (5 a 9 empleados)",8
1439.01.03,"Gerente, comunicaciones (5 a 9 empleados)",8
1439.01.04,"Gerente, correos alternos (5 a 9 empleados)",8
1439.01.05,"Gerente, cuidados personales (5 a 9 empleados)",8
1439.01.06,"Gerente, cuidados personales / otros servicios personales (5 a 9 empleados)",8
1439.01.07,"Gerente, cuidados personales / servicios de peluquería y otros de belleza (5 a 9 empleados)",8
1439.01.08,"Gerente, cuidados personales / servicios de pompas fúnebres (5 a 9 empleados)",8
1439.01.09,"Gerente, limpieza (5 a 9 empleados)",8
1439.01.10,"Gerente, servicios a las empresas (5 a 9 empleados)",8
1439.01.11,"Gerente, servicios a las empresas / arquitectura e ingeniería (5 a 9 empleados)",8
1439.01.12,"Gerente, servicios a las empresas / contabilidad (5 a 9 empleados)",8
1439.01.13,"Gerente, servicios a las empresas / informática (5 a 9 empleados)",8
1439.01.14,"Gerente, servicios a las empresas / inmobiliarias (5 a 9 empleados)",8
1439.01.15,"Gerente, servicios a las empresas / publicidad, estudios de mercado y otros (5 a 9 empleados)",8
1439.01.16,"Gerente, servicios de intermediación financiera (5 a 9 empleados)",8
1439.01.17,"Gerente, transporte pasajeros / vía terrestre (5 a 9 empleados)",8
1439.01.18,"Gerente, transporte (5 a 9 empleados)",8
1439.01.19,"Gerente, transporte mercancías / vía acuática (5 a 9 empleados)",8
1439.01.20,"Gerente, transporte mercancías / vía aérea (5 a 9 empleados)",8
1439.01.21,"Gerente, transporte mercancías / vía terrestre (5 a 9 empleados)",8
1439.01.22,"Gerente, transporte pasajeros / vía acuática (5 a 9 empleados)",8
1439.01.23,"Gerente, transporte pasajeros / vía aérea (5 a 9 empleados)",8
1439.01.24,"Director de departamento, producción y operaciones / agencias de viajes",8
1439.01.25,"Director de departamento, producción y operaciones / espectáculos",8
1439.01.26,"Administrador de agencia de viajes",8
1439.01.27,"Administrador de camping",8
1439.01.28,"Administrador de centro comercial",8
1439.01.29,"Administrador de centro de conferencias",8
1439.01.30,"Administrador de centro de contacto",8
2,"PROFESIONALES CIENTÍFICOS E INTELECTUALES",1
21,"PROFESIONALES DE LAS CIENCIAS Y DE LA INGENIERÍA",2
211,"FÍSICOS, QUÍMICOS Y AFINES",3
2111,"FÍSICOS Y ASTRÓNOMOS",4
2111.01,Físicos,6
2111.01.01,Físico,8
2111.01.02,"Físico acuático",8
2111.01.03,"Físico atmosférico",8
2111.01.04,"Físico atómico",8
2111.01.05,"Físico especializado en vibraciones ultrasónicas",8
2111.01.06,"Físico experimental",8
2111.01.07,"Físico Matemático",8
2111.01.08,"Físico Médico",8
2111.01.09,"Físico reología",8
2111.01.10,"Físico Técnico",8
2111.01.11,"Físico, acústica",8
2111.01.12,"Físico, aerodinámica",8
2111.01.13,"Físico, astrofísica",8
2111.01.14,"Físico, astronomía",8
2111.01.15,"Físico, balística",8
2111.01.16,"Físico, electricidad y magnetismo",8
2111.01.17,"Físico, electrónica",8
2111.01.18,"Físico, estática",8
2111.01.19,"Físico, física de los sólidos",8
2111.01.20,"Físico, física molecular",8
2111.01.21,"Físico, física nuclear",8
2111.01.22,"Físico, física teórica",8
2111.01.23,"Físico, hidrodinámica",8
2111.01.24,"Físico, mecánica",8
2111.01.25,"Físico, óptica",8
2111.01.26,"Físico, sonido",8
2111.01.27,"Físico, termodinámica",8
2111.01.28,"Ingeniero nuclear",8
2111.01.29,"Reólogo (físico)",8
2111.02,Astrónomos,6
2111.02.01,Astrofísico,8
2111.02.02,Astrónomo,8
2111.02.03,"Astrónomo investigador",8
2111.02.04,"Científico investigador",8
2111.02.05,"Científico investigador comunicaciones",8
2111.02.06,"Científico investigador electrónica",8
2111.02.07,"Radio astrónomo",8
2112,METEORÓLOGOS,4
2112.01,Meteorólogos,6
2112.01.01,Climatólogo,8
2112.01.02,Hidrometeorólogo,8
2112.01.03,Meteorólogo,8
2112.01.04,"Meteorólogo, climatología",8
2112.01.05,"Meteorólogo, prevención del tiempo",8
2112.01.06,"Pronosticador del tiempo",8
2113,QUÍMICOS,4
2113.01,Químicos,6
2113.01.01,"Cristalógrafo (química física)",8
2113.01.02,"Electro químico",8
2113.01.03,Geoquímico,8
2113.01.04,Químico,8
2113.01.05,"Químico en alimentos",8
2113.01.06,"Químico en minerales",8
2113.01.07,"Químico en productos farmacéuticos",8
2113.01.08,"Químico en tratamiento de agua",8
2113.01.09,"Químico especializado en aeronáutica",8
2113.01.10,"Químico especializado en fisicoquímica",8
2113.01.11,"Químico farmacéutico biólogo",8
2113.01.12,"Químico farmacéutico industrial",8
2113.01.13,"Químico farmacéutico preparador de fórmulas medicinales",8
2113.01.14,"Químico farmacéutico preparador de fórmulas químicas",8
2113.01.15,"Químico, abonos",8
2113.01.16,"Químico, administrador",8
2113.01.17,"Químico, agricultura",8
2113.01.18,"Químico, analista",8
2113.01.19,"Químico, analista de suelos",8
2113.01.20,"Químico, analítico especializado en la elaboración de cigarrillos",8
2113.01.21,"Químico, azucarero",8
2113.01.22,"Químico, bacteriólogo y parasitólogo",8
2113.01.23,"Químico, biólogo",8
2113.01.24,"Químico, bromatólogo",8
2113.01.25,"Químico, caucho",8
2113.01.26,"Químico, cervecero",8
2113.01.27,"Químico, colorantes",8
2113.01.28,"Químico, control de calidad",8
2113.01.29,"Químico, corrosión",8
2113.01.30,"Químico, cristalografía",8
2113.01.31,"Químico, cueros y pieles",8
2113.01.32,"Químico, detergentes",8
2113.01.33,"Químico, electrónica",8
2113.01.34,"Químico, electroquímica",8
2113.01.35,"Químico, física",8
2113.01.36,"Químico, industria del vidrio",8
2113.01.37,"Químico, industria metalúrgica",8
2113.01.38,"Químico, industrial",8
2113.01.39,"Químico, investigador",8
2113.01.40,"Químico, investigador de medicina",8
2113.01.41,"Químico, laboratorio",8
2113.01.42,"Químico, perfumería",8
2113.01.43,"Químico, petrolero",8
2113.01.44,"Químico, petroquímica",8
2113.01.45,"Químico, pinturas",8
2113.01.46,"Químico, plásticos (especializado en la elaboración de plásticos)",8
2113.01.47,"Químico, polímeros",8
2113.01.48,"Químico, química analítica",8
2113.01.49,"Químico, química inorgánica",8
2113.01.50,"Químico, química mineral",8
2113.01.51,"Químico, química nuclear",8
2113.01.52,"Químico, química orgánica",8
2113.01.53,"Químico, textiles",8
2113.01.54,"Químico, tinturas",8
2114,"GEÓLOGOS Y GEOFÍSICOS",4
2114.01,Geólogos,6
2114.01.01,"Especialista, fuentes alternas de energía",8
2114.01.02,"Estratigrafista (geólogo)",8
2114.01.03,Geólogo,8
2114.01.04,"Geólogo de exploración",8
2114.01.05,"Geólogo, estratigrafía",8
2114.01.06,"Geólogo, micropaleontología",8
2114.01.07,"Geólogo, minas",8
2114.01.08,"Geólogo, oceanografía",8
2114.01.10,"Geólogo, petróleo",8
2114.01.11,"Geólogo, petrología",8
2114.01.12,"Geomagneticista (geólogo)",8
2114.01.13,"Geomorfología (geólogo)",8
2114.01.14,Geotecnista,8
2114.01.15,"Glaciólogo (geólogo)",8
2114.01.16,"Hidrólogo (geólogo)",8
2114.01.17,"Ingeniero (geólogo)",8
2114.01.18,"Ingeniero topógrafo geodesta",8
2114.01.19,"Micropaleontólogo (geólogo)",8
2114.01.20,"Oceanógrafo, geología",8
2114.01.21,"Paleontólogo (geólogo)",8
2114.01.22,"Petrólogo (geólogo)",8
2114.01.23,"Prospector de geología y minas",8
2114.02,Geofísico,6
2114.02.01,"Geodesta (geofísico)",8
2114.02.02,Geofísico,8
2114.02.03,"Geofísico, geomagnetismo",8
2114.02.04,"Geofísico, geomorfología",8
2114.02.05,"Geofísico, glaciología",8
2114.02.06,"Geofísico, hidrología",8
2114.02.07,"Geofísico, métodos magnéticos",8
2114.02.08,"Geofísico, oceanografía",8
2114.02.09,"Geofísico, sismología",8
2114.02.10,"Geofísico, vulcanología",8
2114.02.11,"Ingeniero (geofísico)",8
2114.02.12,"Oceanógrafo, geofísica",8
2114.02.13,"Sismólogo (geofísico)",8
2114.02.14,"Vulcanólogo (geofísico)",8
212,"MATEMÁTICOS, ACTUARIOS Y ESTADÍSTICOS",3
2120,"MATEMÁTICOS, ACTUARIOS Y ESTADÍSTICOS",4
2120.01,Matemáticos,6
2120.01.01,"Ingeniero en Matemáticas",8
2120.01.02,Matemático,8
2120.01.03,"Matemático especialista en informática",8
2120.01.04,"Matemático, análisis actuarial",8
2120.01.05,"Matemático, estadística",8
2120.01.06,"Matemático, matemática aplicada",8
2120.01.07,"Matemático, matemática pura",8
2120.01.08,"Matemático-analista, investigación operativa",8
2120.02,Actuarios,6
2120.02.01,Actuario,8
2120.02.02,"Actuario de seguros",8
2120.02.03,"Actuario especialista en matemática aplicada",8
2120.02.04,"Actuario especializado en computación",8
2120.03,Estadísticos,6
2120.03.01,"Analista de estadística económica",8
2120.03.02,"Analista de estadística socio demográfica",8
2120.03.03,"Analista de información estadística",8
2120.03.04,"Analista de investigación de operaciones",8
2120.03.05,"Bioestadística (estadígrafo, estadística aplicada)",8
2120.03.06,"Biometrista (estadígrafo, estadística aplicada)",8
2120.03.07,Demógrafo,8
2120.03.08,Estadístico,8
2120.03.09,"Estadístico de Muestreo",8
2120.03.10,"Estadístico de trabajo",8
2120.03.11,"Estadístico, agricultura",8
2120.03.12,"Estadístico, bioestadística",8
2120.03.13,"Estadístico, biometría",8
2120.03.14,"Estadístico, ciencias físicas",8
2120.03.15,"Estadístico, computación",8
2120.03.16,"Estadístico, demografía",8
2120.03.17,"Estadístico, economía",8
2120.03.18,"Estadístico, educación",8
2120.03.19,"Estadístico, encuestas",8
2120.03.20,"Estadístico, encuestas por sondeo",8
2120.03.21,"Estadístico, estadística aplicada",8
2120.03.22,"Estadístico, finanzas",8
2120.03.23,"Estadístico, industrial",8
2120.03.24,"Estadístico, investigación",8
2120.03.25,"Estadístico, matemático",8
2120.03.26,"Estadístico, salud",8
2120.03.27,"Ingeniero, estadístico",8
2120.03.28,"Licenciado en estadística",8
2120.03.29,"Programador estadístico",8
213,"PROFESIONALES EN CIENCIAS BIOLÓGICAS",3
2131,"BIÓLOGOS, BOTÁNICOS, ZOÓLOGOS Y AFINES",4
2131.01,Biólogos,6
2131.01.01,"Biólogo en parasitología",8
2131.01.02,"Biólogo molecular",8
2131.01.03,"Biólogo, fauna de agua dulce",8
2131.01.04,"Biólogo, fauna marina",8
2131.01.05,"Biólogo, genética",8
2131.01.06,"Biólogo, hidrobiología",8
2131.01.07,"Biólogo, hidrología",8
2131.01.08,"Biólogo, marino",8
2131.01.09,"Biólogo, químico",8
2131.01.10,Biólogos,8
2131.01.11,Bacteriólogo,8
2131.01.12,"Bacteriólogo, agricultura",8
2131.01.13,"Bacteriólogo, alimentación",8
2131.01.14,"Bacteriólogo, farmacia",8
2131.01.15,"Bacteriólogo, industria",8
2131.01.16,"Bacteriólogo, industrias lácteas",8
2131.01.17,"Bacteriólogo, medicina",8
2131.01.18,"Bacteriólogo, medicina / veterinaria",8
2131.01.19,"Bacteriólogo, pesca",8
2131.01.20,"Bacteriólogo, suelos",8
2131.01.21,Biotecnólogo,8
2131.01.22,Hidrobiólogo,8
2131.01.23,"Investigador biólogo marino",8
2131.01.24,"Investigador en biología",8
2131.01.25,"Investigador biométrico",8
2131.01.26,"Licenciado en biología",8
2131.01.27,"Microbiólogo (bacteriólogo)",8
2131.01.28,Embriólogo,8
2131.01.29,"Genetista, célula",8
2131.01.30,"Genetista, molecular",8
2131.02,Botánicos,6
2131.02.01,Botánico,8
2131.02.02,"Botánico, ecología",8
2131.02.03,"Botánico, economista",8
2131.02.04,"Botánico, genética",8
2131.02.05,"Botánico, histología",8
2131.02.06,"Botánico, micología",8
2131.02.07,"Botánico, suelos",8
2131.02.08,"Botánico, taxonomía",8
2131.02.09,"Cito tecnólogo",8
2131.02.10,Citólogo,8
2131.02.11,"Citólogo, botánico",8
2131.02.12,Histólogo,8
2131.02.13,"Histólogo, plantas",8
2131.02.14,"Ingeniero, genética",8
2131.02.15,Inmunólogo,8
2131.02.16,"Micólogo (estudio de los hongos)",8
2131.02.17,Taxonomista,8
2131.02.18,"Taxonomista, plantas",8
2131.03,Zoólogos,6
2131.03.01,Zoólogo,8
2131.03.02,"Zoólogo, embriología",8
2131.03.03,"Zoólogo, entomología",8
2131.03.04,"Zoólogo, ictiología",8
2131.03.05,"Zoólogo, itología",8
2131.03.06,"Zoólogo, ornitología",8
2131.03.07,"Zoólogo, parasitología",8
2131.03.08,"Zoólogo, piscicultura",8
2131.03.09,"Zoólogo, taxonomía",8
2131.03.10,Zootécnico,8
2131.03.11,"Citólogo, zoología",8
2131.03.12,Entomólogo,8
2131.03.13,"Genetista, zoólogo",8
2131.03.14,"Histólogo, animales",8
2131.03.15,Ictiólogo,8
2131.03.16,"Naturista especializado en el estudio de animales domésticos",8
2132,"AGRÓNOMOS Y AFINES",4
2132.01,"Agrónomos y afines",6
2132.01.01,Agrólogo,8
2132.01.02,Agrónomo,8
2132.01.03,"Agrónomo edafología",8
2132.01.04,"Agrónomo en economía agrícola",8
2132.01.05,"Agrónomo especialista en suelos",8
2132.01.06,"Agrónomo, arboricultor",8
2132.01.07,"Agrónomo, conservación de la naturaleza",8
2132.01.08,"Agrónomo, ecólogo",8
2132.01.09,"Agrónomo, edafología",8
2132.01.10,"Agrónomo, horticultura",8
2132.01.11,"Asesor de pesca",8
2132.01.12,"Asesor forestal",8
2132.01.13,"Científico del suelo",8
2132.01.14,"Científico forestal",8
2132.01.15,"Científico hortícolas",8
2132.01.16,"Consultor agrícola",8
2132.01.17,"Consultor agropecuario",8
2132.01.18,"Consultor forestal",8
2132.01.19,Edafólogo,8
2132.01.20,"Especialista cultivos",8
2132.01.21,"Fisiólogo, plantas",8
2132.01.22,Fitosanitario,8
2132.01.23,"Ingeniero agrónomo",8
2132.01.24,"Ingeniero Agropecuario",8
2132.01.25,"Inspector, fitosanitario",8
2132.01.26,"Investigador en cultivos agrícolas",8
2132.01.27,Oleicultor,8
2132.01.28,"Patólogo en plantas",8
2132.01.29,Silvicultor,8
2133,"PROFESIONALES DE LA PROTECCIÓN MEDIO AMBIENTAL",4
2133.01,"Profesionales de la protección medio ambiental",6
2133.01.01,"Analista de contaminación de agua",8
2133.01.02,"Analista de contaminación del aire",8
2133.01.03,"Asesor ambiental",8
2133.01.04,"Auditor ambiental",8
2133.01.05,"Científico ambiental",8
2133.01.06,"Científico en conservación ambiental",8
2133.01.07,"Consultor ambiental",8
2133.01.08,Ecologista,8
2133.01.09,"Ecologista, botánico",8
2133.01.10,"Ecologista, zoología",8
2133.01.11,"Especialista en gestión ambiental",8
2133.01.12,"Experto forestal",8
2133.01.13,"Investigador en ciencias biomédicas",8
2133.01.14,"Oficial en conservación ambiental",8
2133.01.15,"Planificador ambiental",8
2133.01.16,"Protector del medio ambiente",8
2133.01.17,"Tecnólogo en agua y saneamiento ambiental",8
2133.01.18,"Tecnólogo en medio ambiente",8
2133.01.19,Guardaparques,8
214,"INGENIEROS (EXCLUYENDO ELECTRO TECNÓLOGOS)",3
2141,"INGENIEROS INDUSTRIALES Y DE PRODUCCIÓN",4
2141.01,"Ingenieros Industriales y de Producción",6
2141.01.01,"Ingeniero en alimentos",8
2141.01.02,"Ingeniero industrial",8
2141.01.03,"Ingeniero, eficiencia comercial (industrial)",8
2141.01.04,"Ingeniero, estudio de tiempos y movimientos (industrial)",8
2141.01.05,"Ingeniero, estudio del trabajo (industrial)",8
2141.01.06,"Ingeniero, fabricación alimentos y bebidas",8
2141.01.07,"Ingeniero, métodos y tiempos (industrial)",8
2141.01.08,"Ingeniero, organización industrial",8
2141.01.09,"Ingeniero, organización y métodos (industrial)",8
2141.01.10,"Ingeniero, planificación",8
2141.01.11,"Ingeniero, producción (industrial)",8
2141.01.12,"Ingeniero, seguridad (industrial)",8
2141.01.13,"Promotor industrial",8
2141.01.14,"Tecnólogo en mantenimiento industrial",8
2142,"INGENIEROS CIVILES",4
2142.01,"Ingenieros civiles",6
2142.01.01,"Ingeniero analista en costos unitarios",8
2142.01.02,"Ingeniero civil",8
2142.01.03,"Ingeniero civil, construcción",8
2142.01.04,"Ingeniero civil, construcción / aeropuertos",8
2142.01.05,"Ingeniero civil, construcción / calles",8
2142.01.06,"Ingeniero civil, construcción / carreteras y autopistas",8
2142.01.07,"Ingeniero civil, construcción / chimeneas",8
2142.01.08,"Ingeniero civil, construcción / edificios",8
2142.01.09,"Ingeniero civil, construcción / estructuras de edificios",8
2142.01.10,"Ingeniero civil, construcción / estructuras metálicas",8
2142.01.11,"Ingeniero civil, construcción / muelles y puertos",8
2142.01.12,"Ingeniero civil, construcción / puentes",8
2142.01.13,"Ingeniero civil, construcción / torres",8
2142.01.14,"Ingeniero civil, construcción / túneles",8
2142.01.15,"Ingeniero civil, construcción / vías de ferrocarriles",8
2142.01.16,"Ingeniero civil, construcción y obras públicas",8
2142.01.17,"Ingeniero civil, construcción/ aeródromos",8
2142.01.18,"Ingeniero civil, dragado",8
2142.01.19,"Ingeniero civil, instalaciones de higiene y sanidad",8
2142.01.20,"Ingeniero civil, irrigación",8
2142.01.21,"Ingeniero civil, mecánica / suelos",8
2142.01.22,"Ingeniero civil, trabajos marítimos",8
2142.01.23,"Ingeniero geotécnico",8
2142.01.24,"Ingeniero mantenimiento obra",8
2142.01.25,"Ingeniero, (hidráulica)",8
2142.01.26,"Ingeniero, canales y puertos",8
2142.01.27,"Ingeniero, dragado",8
2142.01.28,"Ingeniero, fiscalizador de construcción",8
2142.01.29,"Ingeniero, hidrología",8
2142.01.30,"Ingeniero, irrigación",8
2142.01.31,"Ingeniero, sanidad o sanitario",8
2142.01.32,"Tecnólogo de construcciones civiles",8
2142.01.33,"Tecnólogo en procesos de construcción",8
2142.01.34,"Tecnólogo, ingeniería civil",8
2142.01.35,"Tecnólogo, ingeniería rural",8
2142.01.36,"Tecnólogo, materiales de construcción",8
2143,"INGENIEROS MEDIO AMBIENTALES",4
2143.01,"Ingenieros medio ambientales",6
2143.01.01,"Analista ambiental",8
2143.01.02,"Ingeniero de control de contaminación atmosférica",8
2143.01.03,"Ingeniero en medio ambiente",8
2143.01.04,"Ingeniero forestal",8
2143.01.05,"Ingeniero geógrafo y del medio ambiente",8
2143.01.06,"Ingeniero químico medio ambiente",8
2143.01.07,"Ingeniero tecnológico en medio ambiente",8
2143.01.08,"Ingeniero en procesos de aguas residuales",8
2144,"INGENIEROS MECÁNICOS",4
2144.01,"Ingenieros mecánicos",6
2144.01.01,"Arquitecto, construcciones navales (ingeniero mecánico construcción de barcos)",8
2144.01.02,"Diseñador, aeronáutica (ingeniero mecánico, construcción de aeronaves)",8
2144.01.03,"Diseñador, automóviles (ingeniero mecánico, construcción de automóviles)",8
2144.01.04,"Ingeniero en mecánica automotriz",8
2144.01.05,"Ingeniero mecánico",8
2144.01.06,"Ingeniero mecánico en suelos",8
2144.01.07,"Ingeniero mecánico, aeronáutica",8
2144.01.08,"Ingeniero mecánico, automotores",8
2144.01.09,"Ingeniero mecánico, automóviles (construcción)",8
2144.01.10,"Ingeniero mecánico, calefacción, ventilación y refrigeración",8
2144.01.11,"Ingeniero mecánico, construcción / reparación naval",8
2144.01.12,"Ingeniero mecánico, energía nuclear",8
2144.01.13,"Ingeniero mecánico, instrumentos científicos",8
2144.01.14,"Ingeniero mecánico, maquinaria y cerramientos industriales",8
2144.01.15,"Ingeniero mecánico, mecánica de precisión",8
2144.01.16,"Ingeniero mecánico, motores / excepto los marinos",8
2144.01.17,"Ingeniero mecánico, motores / locomotoras a vapor",8
2144.01.18,"Ingeniero mecánico, motores a diesel",8
2144.01.19,"Ingeniero mecánico, motores a reacción",8
2144.01.20,"Ingeniero mecánico, motores marinos",8
2144.01.21,"Ingeniero mecánico, motores y equipo para barcos",8
2144.01.22,"Ingeniero mecánico, refrigeración",8
2144.01.23,"Ingeniero mecánico, turbinas de gas",8
2144.01.24,"Ingeniero, aeronáutico",8
2144.01.25,"Ingeniero, criogenia (otros ingenieros mecánicos)",8
2144.01.26,"Ingeniero, energía nuclear",8
2144.01.27,"Ingeniero, lubricación (otros ingenieros mecánicos)",8
2144.01.28,"Ingeniero, maquinaria y herramientas industriales (ingeniero mecánico)",8
2144.01.29,"Ingeniero, motores de combustión interna (ingeniero mecánico)",8
2144.01.30,"Ingeniero, motores de locomotoras (ingeniero mecánico)",8
2144.01.31,"Ingeniero, motores diesel (ingeniero mecánico)",8
2144.01.32,"Ingeniero, naval (ingeniero mecánico)",8
2144.01.33,"Maquinista naval",8
2144.01.34,"Tecnólogo electromecánico",8
2144.01.35,"Tecnólogo en mecánica automotriz",8
2144.01.36,"Tecnólogo en procesos de producción mecánico",8
2144.01.37,"Tecnólogo, mecánica",8
2144.01.38,"Tecnólogo, soldadura",8
2145,"INGENIEROS QUÍMICOS",4
2145.01,"Ingenieros Químicos",6
2145.01.01,"Ingeniero de proyectos químicos",8
2145.01.02,"Ingeniero en industrias químicas",8
2145.01.03,"Ingeniero químico",8
2145.01.04,"Ingeniero químico (refinerías de petróleo)",8
2145.01.05,"Ingeniero químico, alimentos y bebidas (fabricación)",8
2145.01.06,"Ingeniero químico, carburantes",8
2145.01.07,"Ingeniero químico, caucho",8
2145.01.08,"Ingeniero químico, colores y pinturas",8
2145.01.09,"Ingeniero químico, fibras textiles",8
2145.01.10,"Ingeniero químico, gas / producción y distribución",8
2145.01.11,"Ingeniero químico, material plástico",8
2145.01.12,"Ingeniero químico, papel",8
2145.01.13,"Ingeniero químico, petróleo y gas natural",8
2145.01.14,"Ingeniero refinería",8
2145.01.15,"Ingeniero, petróleo (ingeniero químico)",8
2145.02,"Tecnólogos Químicos",6
2145.02.01,"Tecnólogo, alimentos y bebidas",8
2145.02.02,"Tecnólogo, carburantes",8
2145.02.03,"Tecnólogo, caucho",8
2145.02.04,"Tecnólogo, cervecerías",8
2145.02.05,"Tecnólogo, químico",8
2145.02.06,"Tecnólogo, fabricación de neumáticos",8
2145.02.07,"Tecnólogo, fibras artificiales y sintéticas",8
2145.02.08,"Tecnólogo, materias plásticas",8
2145.02.09,"Tecnólogo, papel",8
2145.02.10,"Tecnólogo, pinturas",8
2145.02.11,"Tecnólogo, polímeros",8
2146,"INGENIEROS DE MINAS, METALÚRGICOS Y AFINES",4
2146.01,"Ingenieros de minas, metalúrgicos y afines",6
2146.01.01,"Ingeniero en recursos energéticos",8
2146.01.02,"Ingeniero en minas (de minerales metálicos)",8
2146.01.03,"Ingeniero en minas (de minerales no metálicos)",8
2146.01.04,"Ingeniero en petróleos",8
2146.01.05,"Ingeniero geólogo de minas, en general",8
2146.01.06,"Ingeniero metalúrgico",8
2146.01.07,"Ingeniero metalúrgico (minas)",8
2146.01.08,"Ingeniero metalúrgico (producción metales)",8
2146.01.09,"Ingeniero metalúrgico, minerales radiactivos",8
2146.01.10,"Ingeniero metalúrgico, producción y afino / metales",8
2146.01.11,"Ingeniero metalúrgico, tratamiento de los metales",8
2146.01.12,"Ingeniero, fundición",8
2146.01.13,"Ingeniero, metalúrgico, extracción",8
2146.01.14,"Ingeniero, minas",8
2146.01.15,"Ingeniero, minas / carbón",8
2146.01.16,"Ingeniero, minas / diamantes",8
2146.01.17,"Ingeniero, minas / metales",8
2146.01.18,"Ingeniero, minas / petróleo y gas natural",8
2146.01.19,"Ingeniero, perforación / pozos de petróleo y de gas",8
2146.01.20,"Ingeniero, siderurgia (minas producción de metales)",8
2146.01.21,Mineralogista,8
2146.01.22,"Tecnólogo, metalurgia / producción y afino (metales)",8
2149,"INGENIEROS NO CLASIFICADOS BAJO OTROS EPÍGRAFES",4
2149.01,"Ingenieros no clasificados bajo otros epígrafes",6
2149.01.01,"Ingeniero asesor, organización industrial",8
2149.01.02,"Analista, comunicaciones / excepto computadoras",8
2149.01.03,"Creador, sistemas / excepto informáticos",8
2149.01.04,"Ingeniera en gestión de gobiernos seccionales",8
2149.01.05,"Ingeniero biomédico",8
2149.01.06,"Ingeniero de artefactos explosivos",8
2149.01.07,"Ingeniero de materiales",8
2149.01.08,"Ingeniero de salvamento marinos",8
2149.01.09,"Ingeniero de seguridad",8
2149.01.10,"Ingeniero empresarial",8
2149.01.11,"Ingeniero en administración de procesos",8
2149.01.12,"Ingeniero en ciencias económicas y finanzas",8
2149.01.13,"Ingeniero, cemento",8
2149.01.14,"Ingeniero, cerámica y vidrios",8
2149.01.15,"Ingeniero, comercial",8
2149.01.16,"Ingeniero, imprenta",8
2149.01.17,"Ingeniero, mercadotecnia",8
2149.01.18,"Ingeniero, óptico",8
2149.01.19,"Ingeniero, organización / cálculo de costos",8
2149.01.20,"Ingeniero, planificación (y control de la producción)",8
2149.01.21,"Ingeniero, robótica",8
2149.01.22,"Ingeniero, sistemas / excepto informáticos",8
2149.01.23,"Promotor de telares artesanales",8
2149.01.24,"Tecnólogo en administración turística",8
2149.01.25,"Tecnólogo en petróleos",8
2149.01.26,"Tecnólogo en secretaria de ejecutivo-asistente de gerencia",8
2149.01.27,"Tecnólogo, cemento",8
2149.01.28,"Tecnólogo, cerámica",8
2149.01.29,"Tecnólogo, cuero",8
2149.01.30,"Tecnólogo, embalaje",8
2149.01.31,"Tecnólogo, imprenta",8
2149.01.32,"Tecnólogo, madera",8
2149.01.33,"Tecnólogo, textiles",8
2149.01.34,"Tecnólogo, vidrio",8
2149.01.35,"Verificador, cantidad (cálculo de costos de construcción)",8
215,"INGENIEROS EN ELECTRO TECNOLOGÍA",3
2151,"INGENIEROS ELECTRICISTAS",4
2151.01,"Ingenieros electricistas",6
2151.01.01,"Electrotécnico superior (técnico electricista, en general)",8
2151.01.02,"Ingeniero de generación de energía nuclear",8
2151.01.03,"Ingeniero de pruebas eléctricas y calificación",8
2151.01.04,"Ingeniero de radio",8
2151.01.05,"Ingeniero electricista",8
2151.01.06,"Ingeniero electricista, alto voltaje",8
2151.01.07,"Ingeniero electricista, equipo electromecánico",8
2151.01.08,"Ingeniero electricista, equipo electromecánico de baja potencia",8
2151.01.09,"Ingeniero electricista, iluminación",8
2151.01.10,"Ingeniero electricista, líneas eléctricas",8
2151.01.11,"Ingeniero electricista, mantenimiento y sistemas de potencia",8
2151.01.12,"Ingeniero electricista, producción de energía eléctrica",8
2151.01.13,"Ingeniero electricista, tracción eléctrica",8
2151.01.14,"Ingeniero electricista, transporte y distribución de energía",8
2151.01.15,"Ingeniero en diseño eléctrico",8
2151.01.16,"Tecnólogo, electricidad",8
2152,"INGENIEROS ELECTRÓNICOS",4
2152.01,"Ingenieros electrónicos",6
2152.01.01,"Ingeniero de hardware",8
2152.01.02,"Ingeniero electromecánico",8
2152.01.03,"Ingeniero electromecánico construcción de computadoras",8
2152.01.04,"Ingeniero electronicista",8
2152.01.05,"Ingeniero electronicista, instrumentos científicos",8
2152.01.06,"Ingeniero electronicista, semiconductores",8
2152.01.07,"Ingeniero electrónico redes de la información",8
2152.01.08,"Ingeniero electrónico y telecomunicaciones",8
2152.01.09,"Ingeniero en cibernética electrónica",8
2152.01.10,"Ingeniero en electrónica digital y telecomunicaciones",8
2152.01.11,"Ingeniero en electrónica y control",8
2152.01.12,"Ingeniero en sistemas electrónicos",8
2152.01.13,"Ingeniero, aeroespacio (otros ingenieros en electricidad y electrónica)",8
2152.01.14,"Tecnólogo, electrónica",8
2153,"INGENIEROS EN TELECOMUNICACIONES",4
2153.01,"Ingenieros en telecomunicaciones",6
2153.01.01,"Ingeniero de radiodifusión",8
2153.01.02,"Ingeniero de transmisión",8
2153.01.03,"Ingeniero, telecomunicaciones",8
2153.01.04,"Ingeniero, telecomunicaciones / aeroespaciales",8
2153.01.05,"Ingeniero, telecomunicaciones / radar",8
2153.01.06,"Ingeniero, telecomunicaciones / radio",8
2153.01.07,"Ingeniero, telecomunicaciones / sistemas de señales",8
2153.01.08,"Ingeniero, telecomunicaciones / teléfonos",8
2153.01.09,"Ingeniero, telecomunicaciones / telégrafos",8
2153.01.10,"Ingeniero, telecomunicaciones / televisión",8
2153.01.11,"Tecnólogo en electrónica y telecomunicaciones, en general",8
2153.01.12,"Tecnólogo, telecomunicaciones",8
216,"ARQUITECTOS URBANISTAS, AGRIMENSORES Y DISEÑADORES",3
2161,ARQUITECTOS,4
2161.01,Arquitectos,6
2161.01.01,"Arquitecto de diseño urbano",8
2161.01.02,"Arquitecto de edificaciones",8
2161.01.03,"Arquitecto, consultor",8
2161.01.04,"Arquitecto, dibujante",8
2161.01.05,"Arquitecto, edificios",8
2161.01.06,"Arquitecto, interiores de edificios",8
2161.01.07,"Arquitecto, residente",8
2161.01.08,"Arquitecto creación",8
2162,"ARQUITECTOS PAISAJISTAS",4
2162.01,"Arquitectos paisajistas",6
2162.01.01,"Arquitecto, paisajista",8
2162.01.02,Paisajista,8
2163,"DISEÑADORES DE PRODUCTOS Y DE PRENDAS",4
2163.01,"Diseñadores de productos y de prendas",6
2163.01.01,"Diseñador, alfombras",8
2163.01.02,"Diseñador, artesanía",8
2163.01.03,"Diseñador, artículos de navidad",8
2163.01.04,"Diseñador, artístico",8
2163.01.05,"Diseñador, bolsas",8
2163.01.06,"Diseñador, calzado",8
2163.01.07,"Diseñador, cerámica",8
2163.01.08,"Diseñador, cortinas",8
2163.01.09,"Diseñador, envases",8
2163.01.10,"Diseñador, escaparatista",8
2163.01.11,"Diseñador, exposiciones",8
2163.01.12,"Diseñador, heraldista",8
2163.01.13,"Diseñador, herrería artística",8
2163.01.14,"Diseñador, industrial",8
2163.01.15,"Diseñador, joyas",8
2163.01.16,"Diseñador, juguetes",8
2163.01.17,"Diseñador, moda",8
2163.01.18,"Diseñador, moldes",8
2163.01.19,"Diseñador, muebles",8
2163.01.20,"Diseñador, orfebrería",8
2163.01.21,"Diseñador, piezas de cerámica",8
2163.01.22,"Diseñador, piscinas",8
2163.01.23,"Diseñador, prendas de vestir",8
2163.01.24,"Diseñador, productos comerciales",8
2163.01.25,"Diseñador, productos de lana",8
2163.01.26,"Diseñador, productos industriales",8
2163.01.27,"Diseñador, teatro moda y exhibición",8
2163.01.28,"Diseñador, textil",8
2163.01.29,"Diseñador, tintorería",8
2163.01.30,"Diseñador, tipos y logotipos",8
2164,"URBANISTAS E INGENIEROS DE TRÁNSITO",4
2164.01,"Urbanistas e Ingenieros de Tránsito",6
2164.01.01,"Urbanista (arquitecto)",8
2164.01.02,"Diseñador ambientalista",8
2164.01.03,"Ingeniero en tránsito",8
2164.01.04,"Planificador de terrenos",8
2164.01.05,"Planificador parques",8
2164.01.06,"Planificador urbano",8
2164.01.07,"Planificador, tránsito (ingeniero)",8
2164.01.08,"Tecnólogo en tránsito",8
2165,"CARTÓGRAFOS Y AGRIMENSORES",4
2165.01,Cartógrafos,6
2165.01.01,Cartógrafo,8
2165.01.02,"Cartógrafo, marina",8
2165.01.03,Fotogrametrista,8
2165.01.04,Geohidrólogo,8
2165.02,Agrimensores,6
2165.02.01,Aerofotógrafo,8
2165.02.02,Agrimensor,8
2165.02.03,"Agrimensor, aerofotógrafo",8
2165.02.04,"Agrimensor, catastral",8
2165.02.05,"Agrimensor, geodésico",8
2165.02.06,"Agrimensor, hidrográfico",8
2165.02.07,"Agrimensor, minas",8
2165.02.08,"Agrimensor, topografía",8
2165.02.09,"Agrimensor, topografía aérea",8
2165.02.10,"Ingeniero en geociencias",8
2165.02.11,"Ingeniero hidrográfico",8
2165.02.12,Topógrafo,8
2165.02.13,"Topógrafo, foto geometría",8
2165.02.14,"Topógrafo, hidrográfico",8
2165.02.15,"Topógrafo, suelos",8
2166,"DISEÑADORES GRÁFICOS Y MULTIMEDIA",4
2166.01,"Diseñadores gráficos y multimedia",6
2166.01.01,"Animador (Caricaturas)",8
2166.01.02,"Diseñador de multimedia",8
2166.01.03,"Diseñador de publicación",8
2166.01.04,"Diseñador de web",8
2166.01.05,"Diseñador, gráfico",8
2166.01.06,"Licenciado en diseño grafico y comunicación visual",8
2166.01.07,"Tecnólogo en diseño grafico y publicidad",8
22,"PROFESIONALES DE LA SALUD",2
221,MÉDICOS,3
2211,"MÉDICOS GENERALES",4
2211.01,"Médicos generales",6
2211.01.01,"Médico, atención primaria de salud",8
2211.01.02,"Médico, medicina general",8
2211.01.03,"Médico salud pública",8
2211.01.04,"Médico distrito medicina - terapeuta",8
2211.01.05,"Médico - profesional de la familia",8
2211.01.06,"Oficial de medicina (general)",8
2211.01.07,"Jefe de residentes de médicos especializados en medicina general",8
2212,"MÉDICOS ESPECIALISTAS",4
2212.01,"Médicos especialistas",6
2212.01.01,"Alergólogo (Médico)",8
2212.01.02,"Alienista (Médico)",8
2212.01.03,"Alópata (Médico)",8
2212.01.04,"Anatomo - patólogo (Médico)",8
2212.01.05,"Angiólogo (Médico)",8
2212.01.06,"Biofísico (Médico)",8
2212.01.07,"Bioquímico (Médico)",8
2212.01.08,"Cancerólogo (Médico)",8
2212.01.09,"Cardiólogo (Médico)",8
2212.01.10,"Cirujano (Médico)",8
2212.01.11,"Cirujano, cardiología (Médico)",8
2212.01.12,"Cirujano, cirugía plástica (Médico)",8
2212.01.13,"Cirujano, especialista (Médico)",8
2212.01.14,"Cirujano, neurocirugía (Médico)",8
2212.01.15,"Cirujano, ortopedia y traumatología (Médico)",8
2212.01.16,"Cirujano, osteópata (Médico)",8
2212.01.17,"Cirujano, tórax (Médico)",8
2212.01.18,"Endocrinólogo (Médico)",8
2212.01.19,"Epidemiólogo (Médico)",8
2212.01.20,"Especialista en medicina preventiva (Médico)",8
2212.01.21,"Especialista en medicina de emergencia (Médico)",8
2212.01.22,"Fisiólogo (Médico)",8
2212.01.23,"Fisiólogo, endocrinología (Médico)",8
2212.01.24,"Fisiólogo, epidemiología (Médico)",8
2212.01.25,"Fisiólogo, neurología (Médico)",8
2212.01.26,"Histopatólogo (Médico)",8
2212.01.27,"Jefe de médicos residentes en formación de especialistas (Médico)",8
2212.01.28,"Médico en medicina del trabajo",8
2212.01.29,"Médico, anestesista",8
2212.01.30,"Médico, bacteriólogo",8
2212.01.31,"Médico, cardiología",8
2212.01.32,"Médico, cirujano partero",8
2212.01.33,"Médico, consejero / seguridad social",8
2212.01.34,"Médico, consejero / seguros médicos",8
2212.01.35,"Médico, dermatología",8
2212.01.36,"Medico, especialista (medicina interna)",8
2212.01.37,"Médico, estomatología",8
2212.01.38,"Médico, forense",8
2212.01.39,"Médico, gastroenterólogo",8
2212.01.40,"Médico, ginecología",8
2212.01.41,"Médico, nefrólogo",8
2212.01.42,"Médico, neumólogo",8
2212.01.43,"Médico, obstetricia",8
2212.01.44,"Médico, ortopedista",8
2212.01.45,"Médico, osteopatía",8
2212.01.46,"Médico, otorrinolaringología",8
2212.01.47,"Médico, pediatría",8
2212.01.48,"Médico, proctólogo",8
2212.01.49,"Médico, psiquiatría y salud mental",8
2212.01.50,"Médico, radiología",8
2212.01.51,"Médico, residente",8
2212.01.52,"Médico, reumatólogo",8
2212.01.53,"Médico, virología (Ministerio de Salud Pública)",8
2212.01.54,"Médico especialista en medicina interna",8
2212.01.55,"Neurocirujano (Médico)",8
2212.01.56,"Neurólogo (Médico)",8
2212.01.57,"Neurópata (Médico)",8
2212.01.58,"Neuropatólogo (Médico)",8
2212.01.59,"Oftalmólogo (Médico)",8
2212.01.60,"Ortofonísta, especialista (Médico)",8
2212.01.61,"Ortóptico, especialista (Médico)",8
2212.01.62,"Oficial residente en formación de especialistas (Médico)",8
2212.01.63,"Patólogo (Médico)",8
2212.01.64,"Patólogo clínico (Médico)",8
2212.01.65,"Patólogo, cirugía (Médico)",8
2212.01.66,"Patólogo, forense (Médico)",8
2212.01.67,"Patólogo, medicina (Médico)",8
2212.01.68,"Puericultor (Médico)",8
2212.01.69,"Toxicólogo (Médico)",8
2212.01.70,"Urólogo (Médico)",8
2212.01.71,"Venereólogo (Médico)",8
222,"PROFESIONALES DE ENFERMERÍA Y PARTERÍA",3
2221,"PROFESIONALES DE ENFERMERÍA",4
2221.01,"Profesionales de enfermería",6
2221.01.01,"Educador de enfermeras",8
2221.01.02,Enfermera/o,8
2221.01.03,"Enfermera/o rural",8
2221.01.04,"Enfermera/o, jefe /hospital",8
2221.01.05,"Enfermera/o, nivel superior",8
2221.01.06,"Enfermera/o, nivel superior / anestesista",8
2221.01.07,"Enfermera/o, nivel superior / asistencia a domicilio",8
2221.01.08,"Enfermera/o, nivel superior / clínica",8
2221.01.09,"Enfermera/o, nivel superior / consultorio",8
2221.01.10,"Enfermera/o, nivel superior / empresa industrial",8
2221.01.11,"Enfermera/o, nivel superior / especializada",8
2221.01.12,"Enfermera/o, nivel superior / establecimiento de enseñanza",8
2221.01.13,"Enfermera/o, nivel superior / higiene del trabajo",8
2221.01.14,"Enfermera/o, nivel superior / hospital",8
2221.01.15,"Enfermera/o, nivel superior / maternidad",8
2221.01.16,"Enfermera/o, nivel superior / obstetricia",8
2221.01.17,"Enfermera/o, nivel superior / ortopedia",8
2221.01.18,"Enfermera/o, nivel superior / practicas naturistas",8
2221.01.19,"Enfermera/o, nivel superior / psiquiatría",8
2221.01.20,"Enfermera/o, nivel superior / puericultura",8
2221.01.21,"Enfermera/o, nivel superior / salud pública",8
2221.01.22,"Enfermera/o, nivel superior / servicio de salud e higiene del trabajo",8
2221.01.23,"Enfermera/o, nivel superior / supervisión",8
2221.01.24,"Enfermera/o distrito",8
2221.01.25,"Enfermera/o, nivel superior/ funcionamiento quirófano",8
2222,"PROFESIONALES DE PARTERÍA",4
2222.01,"Profesionales de partería",6
2222.01.01,"Partera, nivel superior",8
223,"PROFESIONALES DE MEDICINA TRADICIONAL Y ALTERNATIVA",3
2230,"PROFESIONALES DE MEDICINA TRADICIONAL Y ALTERNATIVA",4
2230.01,"Profesionales de medicina tradicional y alternativa",6
2230.01.01,Acupunturista,8
2230.01.02,Homeópata,8
2230.01.03,"Médico de la medicina china a base de plantas",8
2230.01.04,"Médico de Ayurvedico (Medicina Árabe)",8
2230.01.05,"Médico Unani (Medicina Árabe)",8
2230.01.06,Naturópata,8
224,"PRACTICANTES PARAMÉDICOS",3
2240,"PRACTICANTES PARAMÉDICOS",4
2240.01,"Practicantes paramédicos",6
2240.01.01,"Paramédico atención avanzada",8
2240.01.02,"Paramédico atención primaria",8
2240.01.03,"Paramédico practicante",8
2240.01.04,"Paramédico profesional",8
2240.01.05,"Oficial clínico (paramédico)",8
2240.01.06,"Técnico quirúrgico",8
225,VETERINARIOS,3
2250,VETERINARIOS,4
2250.01,Veterinarios,6
2250.01.01,Veterinario,8
2250.01.02,"Veterinario, cirugía",8
2250.01.03,"Veterinario, epidemiología",8
2250.01.04,"Veterinario, salud pública",8
2250.01.05,"Epidemiólogo veterinario",8
2250.01.06,"Fisiólogo de animales",8
2250.01.07,"Inspector veterinario",8
2250.01.08,"Médico veterinario y zootecnista",8
2250.01.09,"Patólogo, medicina / veterinaria",8
226,"OTROS PROFESIONALES DE LA SALUD",3
2261,DENTISTAS,4
2261.01,Dentistas,6
2261.01.01,"Cirujano, dentista",8
2261.01.02,"Cirujano, dentista maxilofacial",8
2261.01.03,Dentista,8
2261.01.04,"Dentista, ortodoncia",8
2261.01.05,"Dentista, pedodoncia",8
2261.01.06,"Dentista, periodoncia",8
2261.01.07,"Dentista, prótesis dentales",8
2261.01.08,Endodoncista,8
2261.01.09,Implantólogo,8
2261.01.10,Odontólogo,8
2261.01.11,"Odontólogo, cirujano",8
2261.01.12,"Odontólogo, especialista",8
2261.01.13,"Odontólogo, salud pública",8
2261.01.14,Periodontista,8
2261.01.15,"Patólogo, oral",8
2261.01.16,Prostodoncista,8
2262,FARMACÉUTICOS,4
2262.01,Farmacéuticos,6
2262.01.01,Boticario,8
2262.01.02,Farmacéutico,8
2262.01.03,"Farmacéutico de industria",8
2262.01.04,"Farmacéutico, comercio",8
2262.01.05,"Farmacéutico, hospital",8
2262.01.06,Farmacólogo,8
2262.01.07,"Regente farmacia",8
2263,"PROFESIONALES DE LA SALUD Y LA HIGIENE LABORAL Y AMBIENTAL",4
2263.01,"Profesionales de la salud y la higiene laboral y ambiental",6
2263.01.01,"Asesor, seguridad y salud ocupacional",8
2263.01.02,"Experto, protección contra la radiación",8
2264,FISIOTERAPEUTAS,4
2264.01,Fisioterapeutas,6
2264.01.01,"Bañero, tratamientos medicinales",8
2264.01.02,Electroterapeuta,8
2264.01.03,Ergoterapeuta,8
2264.01.04,Fisioterapeuta,8
2264.01.05,"Fisioterapeuta, geriatra",8
2264.01.06,"Fisioterapeuta, ortopédica",8
2264.01.07,"Fisioterapeuta, pediátrico",8
2264.01.08,Hidroterapeuta,8
2264.01.09,Kinesiólogo,8
2264.01.10,Masajista,8
2264.01.11,Rehabilitador,8
2265,"DIETISTAS Y NUTRICIONISTAS",4
2265.01,"Dietistas y nutricionistas",6
2265.01.01,"Asistente de dietista",8
2265.01.02,"Consejero dietético, industria de alimentos",8
2265.01.03,Dietista,8
2265.01.04,"Dietista clínica",8
2265.01.05,"Dietista comunitario",8
2265.01.06,"Dietista nutricionista",8
2265.01.07,"Dietista servicio alimentación",8
2265.01.08,Nutricionista,8
2265.01.09,"Nutricionista, deportes",8
2265.01.10,"Nutriólogo, salud pública",8
2266,"AUDIÓLOGOS Y LOGOPEDAS",4
2266.01,"Audiólogos y logopedas",6
2266.01.01,Audiólogo,8
2266.01.02,"Audiólogo educativo",8
2266.01.03,"Patólogo del habla",8
2266.01.04,"Terapeuta del habla",8
2266.01.05,"Terapeuta de lengua",8
2266.01.06,"Terapista de lenguaje / logopeda",8
2267,OPTOMETRISTAS,4
2267.01,Optometristas,6
2267.01.01,Optometrista,8
2267.01.02,Ortoptista,8
2267.01.03,"Tecnólogo en optometría",8
2269,"PROFESIONALES DE LA SALUD NO CLASIFICADOS BAJO OTROS EPÍGRAFES",4
2269.01,"Profesionales de la salud no clasificados bajo otros epígrafes",6
2269.01.01,"Terapeuta danza y movimiento",8
2269.01.02,"Médicos y profesionales afines (excepto el personal de enfermería y partería), no clasificados bajo otros epígrafes",8
2269.01.03,Podólogo,8
2269.01.04,"Terapeuta artes",8
2269.01.05,"Terapeuta de recreación",8
2269.01.06,"Terapeuta respiratorio",8
2269.01.07,Osteópata,8
23,"PROFESIONALES DE LA ENSEÑANZA",2
231,"PROFESORES DE UNIVERSIDADES Y DE LA ENSEÑANZA SUPERIOR",3
2310,"PROFESORES DE UNIVERSIDADES Y DE LA ENSEÑANZA SUPERIOR",4
2310.01,"Profesores de universidades y de la enseñanza superior (área social)",6
2310.01.01,"Profesor, enseñanza superior / administración pública",8
2310.01.02,"Profesor, enseñanza superior / antropología",8
2310.01.03,"Profesor, enseñanza superior / arte dramático",8
2310.01.04,"Profesor, enseñanza superior / artes industriales",8
2310.01.05,"Profesor, enseñanza superior / bellas artes",8
2310.01.06,"Profesor, enseñanza superior / biblioteconomía",8
2310.01.07,"Profesor, enseñanza superior / ciencias económicas",8
2310.01.08,"Profesor, enseñanza superior / ciencias militares",8
2310.01.09,"Profesor, enseñanza superior / ciencias políticas",8
2310.01.10,"Profesor, enseñanza superior / ciencias sociales",8
2310.01.11,"Profesor, enseñanza superior / ciencias técnicas",8
2310.01.12,"Profesor, enseñanza superior / ciencias técnicas (tecnología)",8
2310.01.13,"Profesor, enseñanza superior / ciencias técnicas (telecomunicaciones)",8
2310.01.14,"Profesor, enseñanza superior / comercialización",8
2310.01.15,"Profesor, enseñanza superior / demografía",8
2310.01.16,"Profesor, enseñanza superior / derecho",8
2310.01.17,"Profesor, enseñanza superior / desarrollo comunitario",8
2310.01.18,"Profesor, enseñanza superior / dibujo industrial",8
2310.01.19,"Profesor, enseñanza superior / dietética",8
2310.01.20,"Profesor, enseñanza superior / dirección de asociaciones juveniles",8
2310.01.21,"Profesor, enseñanza superior / economía",8
2310.01.22,"Profesor, enseñanza superior / economía doméstica",8
2310.01.23,"Profesor, enseñanza superior / economía y comercio",8
2310.01.24,"Profesor, enseñanza superior / elaboración de alimentos",8
2310.01.25,"Profesor, enseñanza superior / escultura",8
2310.01.26,"Profesor, enseñanza superior / estudios comerciales",8
2310.01.27,"Profesor, enseñanza superior / estudios internacionales",8
2310.01.28,"Profesor, enseñanza superior / filología",8
2310.01.29,"Profesor, enseñanza superior / filosofía",8
2310.01.30,"Profesor, enseñanza superior / gestión",8
2310.01.31,"Profesor, enseñanza superior / historia",8
2310.01.32,"Profesor, enseñanza superior / historia del arte",8
2310.01.33,"Profesor, enseñanza superior / horticultura",8
2310.01.34,"Profesor, enseñanza superior / lenguas y literatura",8
2310.01.35,"Profesor, enseñanza superior / letras",8
2310.01.36,"Profesor, enseñanza superior / lingüística",8
2310.01.37,"Profesor, enseñanza superior / literatura",8
2310.01.38,"Profesor, enseñanza superior / metalurgia",8
2310.01.39,"Profesor, enseñanza superior / métodos de venta",8
2310.01.40,"Profesor, enseñanza superior / mineralogía",8
2310.01.41,"Profesor, enseñanza superior / minería",8
2310.01.42,"Profesor, enseñanza superior / música",8
2310.01.43,"Profesor, enseñanza superior / numismática",8
2310.01.44,"Profesor, enseñanza superior / organización comercial",8
2310.01.45,"Profesor, enseñanza superior / paleografía",8
2310.01.46,"Profesor, enseñanza superior / pedagogía",8
2310.01.47,"Profesor, enseñanza superior / periodismo",8
2310.01.48,"Profesor, enseñanza superior / pintura artística",8
2310.01.49,"Profesor, enseñanza superior / planificación familiar",8
2310.01.50,"Profesor, enseñanza superior / planificación industrial",8
2310.01.51,"Profesor, enseñanza superior / prehistoria",8
2310.01.52,"Profesor, enseñanza superior / psicología",8
2310.01.53,"Profesor, enseñanza superior / publicidad e información pública",8
2310.01.54,"Profesor, enseñanza superior / religión",8
2310.01.55,"Profesor, enseñanza superior / servicios de telecomunicaciones",8
2310.01.56,"Profesor, enseñanza superior / servicios de transporte",8
2310.01.57,"Profesor, enseñanza superior / servicios sociales",8
2310.01.58,"Profesor, enseñanza superior / sindicalismo",8
2310.01.59,"Profesor, enseñanza superior / sociología",8
2310.01.60,"Profesor, enseñanza superior / tecnología (industrial)",8
2310.01.61,"Profesor, enseñanza superior / tecnología de la construcción",8
2310.01.62,"Profesor, enseñanza superior / tecnología de la construcción (mecánica)",8
2310.01.63,"Profesor, enseñanza superior / teología",8
2310.02,"Profesores de universidades y de la enseñanza superior (ciencias naturales y exactas)",6
2310.02.01,"Profesor, enseñanza superior / agricultura",8
2310.02.02,"Profesor, enseñanza superior / agronomía",8
2310.02.03,"Profesor, enseñanza superior / anatomía",8
2310.02.04,"Profesor, enseñanza superior / arqueología",8
2310.02.05,"Profesor, enseñanza superior / arquitectura",8
2310.02.06,"Profesor, enseñanza superior / astronomía",8
2310.02.07,"Profesor, enseñanza superior / bacteriología",8
2310.02.08,"Profesor, enseñanza superior / biología",8
2310.02.09,"Profesor, enseñanza superior / bioquímica",8
2310.02.10,"Profesor, enseñanza superior / botánica",8
2310.02.11,"Profesor, enseñanza superior / ciencias biológicas",8
2310.02.12,"Profesor, enseñanza superior / ciencias físicas y químicas",8
2310.02.13,"Profesor, enseñanza superior / ciencias forenses",8
2310.02.14,"Profesor, enseñanza superior / ciencias médicas",8
2310.02.15,"Profesor, enseñanza superior / ciencias técnicas (electricidad)",8
2310.02.16,"Profesor, enseñanza superior / ciencias técnicas (electrónica)",8
2310.02.17,"Profesor, enseñanza superior / ciencias técnicas (ingeniería civil)",8
2310.02.18,"Profesor, enseñanza superior / ciencias técnicas (química)",8
2310.02.19,"Profesor, enseñanza superior / contabilidad",8
2310.02.20,"Profesor, enseñanza superior / cría de ganado",8
2310.02.21,"Profesor, enseñanza superior / desarrollo forestal",8
2310.02.22,"Profesor, enseñanza superior / enfermería",8
2310.02.23,"Profesor, enseñanza superior / entomología",8
2310.02.24,"Profesor, enseñanza superior / ergoterapia",8
2310.02.25,"Profesor, enseñanza superior / estadística",8
2310.02.26,"Profesor, enseñanza superior / farmacia",8
2310.02.27,"Profesor, enseñanza superior / farmacología",8
2310.02.28,"Profesor, enseñanza superior / física",8
2310.02.29,"Profesor, enseñanza superior / fisioterapia",8
2310.02.30,"Profesor, enseñanza superior / geodesia",8
2310.02.31,"Profesor, enseñanza superior / geofísica",8
2310.02.32,"Profesor, enseñanza superior / geografía",8
2310.02.33,"Profesor, enseñanza superior / geología",8
2310.02.34,"Profesor, enseñanza superior / informática",8
2310.02.35,"Profesor, enseñanza superior / ingeniería y arquitectura",8
2310.02.36,"Profesor, enseñanza superior / matemáticas",8
2310.02.37,"Profesor, enseñanza superior / medicina forense",8
2310.02.38,"Profesor, enseñanza superior / medicina veterinaria",8
2310.02.39,"Profesor, enseñanza superior / meteorología",8
2310.02.40,"Profesor, enseñanza superior / navegación aérea",8
2310.02.41,"Profesor, enseñanza superior / navegación marítima",8
2310.02.42,"Profesor, enseñanza superior / observación meteorológica",8
2310.02.43,"Profesor, enseñanza superior / obstetricia",8
2310.02.44,"Profesor, enseñanza superior / odontología",8
2310.02.45,"Profesor, enseñanza superior / optometría",8
2310.02.46,"Profesor, enseñanza superior / osteopatía",8
2310.02.47,"Profesor, enseñanza superior / patología",8
2310.02.48,"Profesor, enseñanza superior / pesca",8
2310.02.49,"Profesor, enseñanza superior / programación de computadoras",8
2310.02.50,"Profesor, enseñanza superior / química",8
2310.02.51,"Profesor, enseñanza superior / quiropráctica",8
2310.02.52,"Profesor, enseñanza superior / radiología",8
2310.02.53,"Profesor, enseñanza superior / salud pública",8
2310.02.54,"Profesor, enseñanza superior / silvicultura",8
2310.02.55,"Profesor, enseñanza superior / terapéutica paramédica",8
2310.02.56,"Profesor, enseñanza superior / tratamientos médicos",8
2310.02.57,"Profesor, enseñanza superior / zoología",8
2310.03,"Otros profesores de la enseñanza superior",6
2310.03.01,"Profesor, enseñanza superior",8
2310.03.02,"Profesor, universidad",8
2310.03.03,"Encargado de curso, enseñanza superior",8
2310.03.04,"Encargado de curso, universidad",8
232,"PROFESORES DE FORMACIÓN PROFESIONAL",3
2320,"PROFESORES DE FORMACIÓN PROFESIONAL",4
2320.01,"Profesores de formación profesional",6
2320.01.01,"Profesor, formación profesional / administración",8
2320.01.02,"Profesor, formación profesional / agroindustrias, textiles y artesanías",8
2320.01.03,"Profesor, formación profesional / artes",8
2320.01.04,"Profesor, formación profesional / artes gráficas",8
2320.01.05,"Profesor, formación profesional / artes industriales",8
2320.01.06,"Profesor, formación profesional / automecánica",8
2320.01.07,"Profesor, formación profesional / belleza",8
2320.01.08,"Profesor, formación profesional / ciencias físicas y químicas",8
2320.01.09,"Profesor, formación profesional / comercialización",8
2320.01.10,"Profesor, formación profesional / confecciones",8
2320.01.11,"Profesor, formación profesional / construcciones civiles",8
2320.01.12,"Profesor, formación profesional / cosmetología",8
2320.01.13,"Profesor, formación profesional / desarrollo empresarial",8
2320.01.14,"Profesor, formación profesional / electricidad",8
2320.01.15,"Profesor, formación profesional / electrónica",8
2320.01.16,"Profesor, formación profesional / historia del arte",8
2320.01.17,"Profesor, formación profesional / idiomas",8
2320.01.18,"Profesor, formación profesional / industriales de prendas de vestir",8
2320.01.19,"Profesor, formación profesional / informática",8
2320.01.20,"Profesor, formación profesional / madera y muebles",8
2320.01.21,"Profesor, formación profesional / mecánica",8
2320.01.22,"Profesor, formación profesional / metalmecánica",8
2320.01.23,"Profesor, formación profesional / micro empresarial",8
2320.01.24,"Profesor, formación profesional / pintura artística",8
2320.01.25,"Profesor, formación profesional / tecnología aplicada",8
2320.01.26,"Profesor, formación profesional / terapéutica paramédica",8
2320.01.27,"Profesor, formación profesional / turismo",8
2320.01.28,"Formador a distancia",8
2320.01.29,"Formador técnico de formación",8
2320.01.30,"Instructor bellas artes",8
2320.01.31,"Instructor ciencias y tecnología",8
2320.01.32,"Instructor computación",8
2320.01.33,"Instructor corte y confección",8
2320.01.34,"Instructor de automoción",8
2320.01.35,"Instructor de cosmetología",8
2320.01.36,"Instructor de electricidad",8
2320.01.37,"Instructor de electrónica",8
2320.01.38,"Instructor de manualidades",8
2320.01.39,"Instructor mecánica",8
2320.01.40,"Instructor pintura artística",8
233,"PROFESORES DE ENSEÑANZA SECUNDARIA",3
2330,"PROFESORES DE ENSEÑANZA SECUNDARIA",4
2330.01,"Profesores de enseñanza secundaria",6
2330.01.01,"Profesor, enseñanza secundaria",8
2330.01.02,"Profesor, enseñanza secundaria / actividades prácticas manualidades femeninas",8
2330.01.03,"Profesor, enseñanza secundaria / agricultura",8
2330.01.04,"Profesor, enseñanza secundaria / agropecuaria",8
2330.01.05,"Profesor, enseñanza secundaria / albañilería",8
2330.01.06,"Profesor, enseñanza secundaria / alfabetización de adultos",8
2330.01.07,"Profesor, enseñanza secundaria / arqueología",8
2330.01.08,"Profesor, enseñanza secundaria / arte dramático",8
2330.01.09,"Profesor, enseñanza secundaria / artes gráficas",8
2330.01.10,"Profesor, enseñanza secundaria / artesanía",8
2330.01.11,"Profesor, enseñanza secundaria / baile",8
2330.01.12,"Profesor, enseñanza secundaria / bellas artes",8
2330.01.13,"Profesor, enseñanza secundaria / biología",8
2330.01.14,"Profesor, enseñanza secundaria / botánica",8
2330.01.15,"Profesor, enseñanza secundaria / ciencias naturales",8
2330.01.16,"Profesor, enseñanza secundaria / comercio y administración",8
2330.01.17,"Profesor, enseñanza secundaria / comercio y secretariado",8
2330.01.18,"Profesor, enseñanza secundaria / computación",8
2330.01.19,"Profesor, enseñanza secundaria / dibujo técnico",8
2330.01.20,"Profesor, enseñanza secundaria / ebanistería",8
2330.01.21,"Profesor, enseñanza secundaria / economía doméstica",8
2330.01.22,"Profesor, enseñanza secundaria / edificación con piedra",8
2330.01.23,"Profesor, enseñanza secundaria / educación física",8
2330.01.24,"Profesor, enseñanza secundaria / enfermería básica",8
2330.01.25,"Profesor, enseñanza secundaria / enseñanza técnica",8
2330.01.26,"Profesor, enseñanza secundaria / enseñanzas del hogar",8
2330.01.27,"Profesor, enseñanza secundaria / escultura",8
2330.01.28,"Profesor, enseñanza secundaria / estudios sociales",8
2330.01.29,"Profesor, enseñanza secundaria / filología",8
2330.01.30,"Profesor, enseñanza secundaria / filosofía",8
2330.01.31,"Profesor, enseñanza secundaria / física",8
2330.01.32,"Profesor, enseñanza secundaria / fontanería",8
2330.01.33,"Profesor, enseñanza secundaria / formación profesional",8
2330.01.34,"Profesor, enseñanza secundaria / fotografía",8
2330.01.35,"Profesor, enseñanza secundaria / geografía",8
2330.01.36,"Profesor, enseñanza secundaria / geología",8
2330.01.37,"Profesor, enseñanza secundaria / historia",8
2330.01.38,"Profesor, enseñanza secundaria / historia del arte",8
2330.01.39,"Profesor, enseñanza secundaria / idiomas",8
2330.01.40,"Profesor, enseñanza secundaria / instrucción cívica",8
2330.01.41,"Profesor, enseñanza secundaria / labra (metales)",8
2330.01.42,"Profesor, enseñanza secundaria / lengua y literatura",8
2330.01.43,"Profesor, enseñanza secundaria / literatura",8
2330.01.44,"Profesor, enseñanza secundaria / matemáticas",8
2330.01.45,"Profesor, enseñanza secundaria / mecánica",8
2330.01.46,"Profesor, enseñanza secundaria / mecanografía",8
2330.01.47,"Profesor, enseñanza secundaria / música",8
2330.01.48,"Profesor, enseñanza secundaria / pedagogía",8
2330.01.49,"Profesor, enseñanza secundaria / programación de computadoras",8
2330.01.50,"Profesor, enseñanza secundaria / química",8
2330.01.51,"Profesor, enseñanza secundaria / religión",8
2330.01.52,"Profesor, enseñanza secundaria / secretariado",8
2330.01.53,"Profesor, enseñanza secundaria / sociología",8
2330.01.54,"Profesor, enseñanza secundaria / talla (madera)",8
2330.01.55,"Profesor, enseñanza secundaria / taquigrafía",8
2330.01.57,"Profesor, enseñanza secundaria / tecnológica",8
2330.01.58,"Profesor, enseñanza secundaria / teología",8
2330.01.59,"Profesor, enseñanza secundaria / zoología",8
2330.01.60,"Profesor, nivel medio / enseñanza secundaria",8
2330.01.61,"Inspector, administrativo de educación media",8
2330.01.62,"Tutores de formación a distancia",8
234,"MAESTROS DE ENSEÑANZA PRIMARIA Y MAESTROS PREESCOLARES",3
2341,"MAESTROS DE ENSEÑANZA PRIMARIA",4
2341.01,"Maestros de enseñanza primaria",6
2341.01.01,"Maestro nivel superior / enseñanza primaria",8
2341.01.02,"Maestro nivel superior / enseñanza primaria (escritura)",8
2341.01.03,"Maestro nivel superior / enseñanza primaria (lectura)",8
2341.01.04,"Maestro, nivel medio / enseñanza primaria",8
2341.01.05,"Maestro, nivel medio / enseñanza primaria (escritura)",8
2341.01.06,"Maestro, nivel medio / enseñanza primaria (lectura)",8
2341.01.07,"Profesor enseñanza primaria",8
2341.01.08,"Supervisor de educación",8
2341.01.09,"Supervisor escolar",8
2341.01.10,"Inspector, escuelas",8
2342,"MAESTROS PREESCOLARES",4
2342.01,"Maestros preescolares",6
2342.01.01,"Maestra/o, guardería",8
2342.01.02,"Maestra/o, nivel superior / enseñanza preescolar",8
2342.01.03,"Maestra/o, nivel superior / jardín de la infancia",8
2342.01.04,"Maestra, nivel superior / párvulos",8
2342.01.05,"Maestro de educación preescolar",8
2342.01.06,"Maestro, nivel medio / escuela de párvulos",8
2342.01.07,"Profesor de danza infantil",8
235,"OTROS PROFESIONALES DE LA ENSEÑANZA",3
2351,"ESPECIALISTAS EN MÉTODOS PEDAGÓGICOS",4
2351.01,"Especialistas en métodos pedagógicos",6
2351.01.01,"Asesor de formación",8
2351.01.02,"Asesor, métodos de enseñanza",8
2351.01.03,"Ayudante de enseñanza especializada",8
2351.01.04,"Consejero, enseñanza",8
2351.01.05,"Coordinador de plan de estudios",8
2351.01.06,"Desarrollador de plan de estudios",8
2351.01.07,"Especialista y/o asesor en certificación ocupacional",8
2351.01.08,"Especialista y/o asesor en diseño curricular",8
2351.01.09,"Especialista, enseñanza / métodos audiovisuales",8
2351.01.10,"Especialista, enseñanza / métodos didácticos",8
2351.01.11,"Especialista, material didáctico auxiliar",8
2351.01.12,"Especialista, métodos pedagógicos",8
2351.01.13,"Especialista, programas de estudios",8
2351.01.14,"Orientador en formación profesional",8
2351.01.15,"Orientador escolar (enseñanza)",8
2351.01.16,Pedagogo,8
2352,"EDUCADORES PARA NECESIDADES ESPECIALES",4
2352.01,"Educadores para necesidades especiales",6
2352.01.01,"Maestro, nivel medio / alumnos físicamente deficientes",8
2352.01.02,"Maestro, nivel medio / enseñanza especial (ciegos)",8
2352.01.03,"Maestro, nivel medio / enseñanza especial (deficientes mentales)",8
2352.01.04,"Maestro, nivel medio / enseñanza especial (enseñanza correctiva)",8
2352.01.05,"Maestro, nivel medio / enseñanza especial (mudos)",8
2352.01.06,"Maestro, nivel medio / enseñanza especial (problemas escolares)",8
2352.01.07,"Maestro, nivel medio / enseñanza especial (sordos)",8
2352.01.08,"Maestro, nivel superior / enseñanza correctiva",8
2352.01.09,"Maestro, nivel superior / enseñanza especial (ciegos)",8
2352.01.10,"Maestro, nivel superior / enseñanza especial (deficientes físicos)",8
2352.01.11,"Maestro, nivel superior / enseñanza especial (deficientes mentales)",8
2352.01.12,"Maestro, nivel superior / enseñanza especial (mudos)",8
2352.01.13,"Maestro, nivel superior / enseñanza especial (sordos)",8
2352.01.14,"Profesor de alumnos mentalmente deficientes (categoría retardo mental)",8
2352.01.15,"Profesor de apoyo",8
2352.01.16,"Profesor de educación especial / problemas de aprendizaje",8
2352.01.17,"Profesor de la alteración de la vista",8
2352.01.18,"Profesor de la audición",8
2352.01.19,"Profesor de los niños superdotados",8
2352.01.20,"Profesor de recuperación",8
2352.01.21,"Docente de enseñanza especial",8
2352.01.22,"Instructor de actividades para no videntes",8
2352.01.23,"Instructor técnico en mecánica industrial (rehabilitación)",8
2353,"OTROS PROFESORES DE IDIOMAS",4
2353.01,"Otros profesores de idiomas",6
2353.01.01,"Profesor de alemán",8
2353.01.02,"Profesor de educación de migrantes",8
2353.01.03,"Profesor de francés",8
2353.01.04,"Profesor de idiomas útiles",8
2353.01.05,"Profesor de inglés",8
2353.01.06,"Profesor de italiano",8
2353.01.07,"Profesor de portugués",8
2353.01.08,"Profesor de lengua práctica",8
2354,"OTROS PROFESORES DE MÚSICA",4
2354.01,"Otros profesores de música",6
2354.01.01,"Profesor de batería",8
2354.01.02,"Profesor de canto (clases particulares)",8
2354.01.03,"Profesor de conservatorio",8
2354.01.04,"Profesor de flauta",8
2354.01.05,"Profesor de guitarra (clases particulares)",8
2354.01.06,"Profesor de instrumentos musicales",8
2354.01.07,"Profesor de música (solista)",8
2354.01.08,"Profesor de música y canto",8
2354.01.09,"Profesor de orquesta",8
2354.01.10,"Profesor de piano (clases particulares)",8
2354.01.11,"Profesor de trompeta",8
2354.01.12,"Profesor de violín (clases particulares)",8
2354.01.13,"Profesor, enseñanza superior / conservatorio",8
2355,"OTROS PROFESORES DE ARTES",4
2355.01,"Otros profesores de artes",6
2355.01.01,"Profesor de artes plásticas",8
2355.01.02,"Profesor de artes visuales",8
2355.01.03,"Profesor de baile",8
2355.01.04,"Profesor de bellas artes",8
2355.01.05,"Profesor de coro de capilla",8
2355.01.06,"Profesor de danza",8
2355.01.07,"Profesor de dibujo",8
2355.01.08,"Profesor de esculturas",8
2355.01.09,"Profesor de fotografía",8
2355.01.10,"Profesor de manualidades",8
2355.01.11,"Profesor de pintura",8
2355.01.12,"Profesor de teatro",8
2355.01.13,"Profesor de drama (clases particulares)",8
2356,"INSTRUCTORES EN TECNOLOGÍA DE LA INFORMACIÓN",4
2356.01,"Instructores en tecnología de la información",6
2356.01.01,"Instructor en equipos tecnológicos",8
2356.01.02,"Instructor en medios audiovisuales",8
2356.01.03,"Instructor en software",8
2356.01.04,"Instructor en tecnología de la información",8
2356.01.05,"Instructor informática",8
2356.01.06,"Especialista y/o asesor en medios audiovisuales",8
2359,"PROFESIONALES DE LA ENSEÑANZA NO CLASIFICADOS BAJO OTROS EPÍGRAFES",4
2359.01,"Profesionales de la enseñanza no clasificados bajo otros epígrafes",6
2359.01.01,"Asesor de estudiantes",8
2359.01.02,"Consejero de escuela",8
2359.01.03,"Instructor de matemáticas (clases particulares)",8
2359.01.04,"Inspector de enseñanza secundaria",8
2359.01.05,"Supervisor de instituciones de enseñanza",8
2359.01.06,"Tutor de alfabetización",8
24,"ESPECIALISTAS EN ORGANIZACIONES DE LA ADMINISTRACIÓN PÚBLICA Y DE EMPRESAS",2
241,"ESPECIALISTAS FINANZAS",3
2411,CONTABLES,4
2411.01,Contables,6
2411.01.01,"Asistente de auditor",8
2411.01.02,Auditor,8
2411.01.03,"Auditor, contable",8
2411.01.04,"Auditor, externo",8
2411.01.05,"Auditor, financiero",8
2411.01.06,"Auditor, interno",8
2411.01.07,Contador,8
2411.01.08,"Contador, auditoria de empresas",8
2411.01.09,"Contador, contabilidad municipal",8
2411.01.10,"Contador, costos",8
2411.01.11,"Contador, empresa",8
2411.01.12,"Contador, especialista",8
2411.01.13,"Contador, público auditor",8
2411.01.14,"Contador, tributario",8
2411.01.15,"Contador de gestión",8
2411.01.16,"Especialista en inspección y análisis de compañías",8
2411.01.17,Fiscalizador,8
2411.01.18,"Interventor cuentas",8
2411.01.19,"Licenciada contadora pública autorizada",8
2411.01.20,"Perito contable",8
2412,"ASESORES FINANCIEROS Y EN INVERSIONES",4
2412.01,"Asesores financieros y en inversiones",6
2412.01.01,"Asesor financiero",8
2412.01.02,"Asesor inversiones",8
2412.01.03,"Consultor inversión",8
2412.01.04,Inversionista,8
2412.01.05,"Planificador de bienes",8
2412.01.06,"Planificador financiero",8
2413,"ANALISTAS FINANCIEROS",4
2413.01,"Analistas financieros",6
2413.01.01,"Agente fiduciario",8
2413.01.02,"Analista presupuestario y contable",8
2413.01.03,"Analista, bonos",8
2413.01.04,"Analista, financiero",8
2413.01.05,"Analista, inversiones",8
2413.01.06,"Consultor de valores",8
2413.01.07,"Consultor financiero",8
242,"ESPECIALISTAS EN ORGANIZACIÓN DE ADMINISTRACIÓN",3
2421,"ANALISTAS DE GESTIÓN Y ORGANIZACIÓN",4
2421.01,"Analistas de gestión y organización",6
2421.01.01,"Agente, marcas y patentes",8
2421.01.02,"Analista, administrativo",8
2421.01.03,"Analista, gestión humana",8
2421.01.04,"Analista, gestión y organización",8
2421.01.05,"Analista, mercados",8
2421.01.06,"Analista, ocupacional",8
2421.01.07,"Analista, organización administrativa",8
2421.01.08,"Analista, organización de métodos",8
2421.01.09,"Analista, organizacional",8
2421.01.10,"Analista, planeación",8
2421.01.11,"Analista, proyectos",8
2421.01.12,"Asesor, empresas",8
2421.01.13,"Consejera de gestión",8
2421.01.14,"Consultor de gestión",8
2421.01.15,"Consultor negocios",8
2421.01.16,"Especialista central en sistemas administrativos",8
2421.01.17,"Especialista, información pública",8
2421.01.18,"Especialista, relaciones públicas",8
2422,"ESPECIALISTAS EN POLÍTICAS DE ADMINISTRACIÓN",4
2422.01,"Especialistas en políticas de administración",6
2422.01.01,"Analista de política",8
2422.01.02,"Especialistas en organización y administración de empresas y afines",8
2422.01.03,"Licenciada en administración",8
2422.01.04,"Licenciado en administración y ciencias militares",8
2422.01.05,"Licenciado en ciencias militares",8
2422.01.06,"Licenciado en gestión y gobierno municipal",8
2422.01.07,"Oficial de inteligencia",8
2422.01.08,"Asesor político",8
2423,"ESPECIALISTAS EN POLÍTICAS Y SERVICIOS DE PERSONAL Y AFINES",4
2423.01,"Especialistas en políticas y servicios de personal y afines",6
2423.01.01,"Analista de empleo",8
2423.01.02,"Analista de personal",8
2423.01.03,"Analista de política económica",8
2423.01.04,"Analista de política laboral",8
2423.01.05,"Analista ocupaciones",8
2423.01.06,"Analista profesiones",8
2423.01.07,"Analista salarios",8
2423.01.08,"Analista salud ocupacional",8
2423.01.09,"Asesor de carreras",8
2423.01.10,"Asesor de empleo",8
2423.01.11,"Asesor riesgos ocupacionales",8
2423.01.12,"Conciliador, laboral",8
2423.01.13,"Consejero, ocupacional",8
2423.01.14,"Consejero, orientación profesional",8
2423.01.15,"Consejero, orientación profesional / estudiantes",8
2423.01.16,"Consejero, readaptación laboral",8
2423.01.17,"Coordinador, asuntos laborales",8
2423.01.18,"Entrevistador, colocación",8
2423.01.19,"Especialista central en recursos humanos",8
2423.01.20,"Especialista en problemas de personal",8
2423.01.21,"Especialista, relaciones profesionales",8
2423.01.22,"Especialista, seguridad en el trabajo",8
2423.01.23,"Experto en recursos humanos",8
2423.01.24,"Oficial selección de personal",8
2423.01.25,"Orientador formación personal",8
2424,"ESPECIALISTA EN FORMACIÓN DEL PERSONAL",4
2424.01,"Especialista en formación del personal",6
2424.01.01,"Consultor recursos humanos",8
2424.01.02,"Especialista, desarrollo de fuerza laboral",8
2424.01.03,"Especialista, seguridad industrial",8
2424.01.04,"Especialista, selección de personal",8
243,"PROFESIONALES DE LAS VENTAS, LA COMERCIALIZACIÓN Y LAS RELACIONES PÚBLICAS",3
2431,"PROFESIONALES DE LA PUBLICIDAD Y LA COMERCIALIZACIÓN",4
2431.01,"Profesionales de la publicidad y la comercialización",6
2431.01.01,"Administrador de empresas",8
2431.01.02,"Analista de investigación de mercado",8
2431.01.03,"Asesor publicidad",8
2431.01.04,"Coordinador prensa",8
2431.01.05,"Creativo publicidad",8
2431.01.06,"Especialista en marketing",8
2431.01.07,"Especialista en publicidad",8
2431.01.08,"Licenciado en marketing y publicidad",8
2431.01.09,"Publicista, responsable de campaña publicitaria",8
2431.01.10,"Redactor de textos publicitarios",8
2432,"PROFESIONALES DE RELACIONES PÚBLICAS",4
2432.01,"Profesionales de relaciones públicas",6
2432.01.01,"Consultor relaciones públicas",8
2432.01.02,"Encargado relaciones públicas",8
2432.01.03,"Especialista en relaciones públicas",8
2432.01.04,"Licenciada en comunicación con concentración en relaciones publicas",8
2432.01.05,"Licenciado en relaciones internacionales",8
2432.01.06,"Licenciado en relaciones públicas y eventos",8
2432.01.07,"Oficial de relaciones públicas",8
2432.01.08,"Oficial de enlace de prensa",8
2432.01.09,"Organizador campañas publicitarias",8
2432.01.10,"Redactor de relaciones públicas",8
2432.01.11,"Relacionista público",8
2432.01.12,"Agente de publicidad",8
2433,"PROFESIONALES DE VENTAS TÉCNICAS Y MÉDICAS (EXCLUYENDO LA TIC)",4
2433.01,"Profesionales de ventas técnicas y médicas (excluyendo la TIC)",6
2433.01.01,"Agente vendedor especializado",8
2433.01.02,"Representante de ventas (productos industriales)",8
2433.01.03,"Representante de ventas/ Visitador médico (productos médicos y farmacéuticos)",8
2433.01.04,"Representante de ventas técnicas",8
2434,"PROFESIONALES DE VENTAS DE TECNOLOGÍA DE LA INFORMACIÓN Y LAS COMUNICACIONES",4
2434.01,"Profesionales de ventas de tecnología de la información y las comunicaciones",6
2434.01.01,"Profesionales en ventas (ordenador electrónico)",8
2434.01.02,"Profesionales en ventas de equipos informáticos",8
2434.01.03,"Profesionales en ventas de equipos informáticos (alta velocidad)",8
2434.01.04,"Profesionales en ventas de equipos informáticos (procesamiento de datos)",8
2434.01.05,"Profesionales en ventas de equipos informáticos (unidades periféricas impresoras electrónicas)",8
2434.01.06,"Vendedor especializado en (TIC)",8
2434.01.07,"Representante de ventas de tecnología de la información y comunicaciones",8
25,"PROFESIONALES DE TECNOLOGÍA DE LA INFORMACIÓN Y LAS COMUNICACIONES",2
251,"DESARROLLADORES Y ANALISTAS DE SOFTWARE Y MULTIMEDIA",3
2511,"ANALISTAS DE SISTEMAS",4
2511.01,"Analista de sistemas",6
2511.01.01,"Analista de negocios (IT)",8
2511.01.02,"Analista, sistemas informático / telecomunicaciones",8
2511.01.03,"Analista, sistemas informáticos",8
2511.01.04,"Analista, sistemas informáticos / banco de datos",8
2511.01.05,"Analista, sistemas informáticos / computadoras",8
2511.01.06,"Analista, transmisiones / sistemas informáticos",8
2511.01.07,"Científico de la computación",8
2511.01.08,"Consultor de sistemas",8
2511.01.09,"Creador, sistemas informáticos",8
2511.01.10,"Diseñador de sistemas (IT)",8
2511.01.11,"Ingeniero en ciencias computacionales",8
2511.01.12,"Ingeniero en computación",8
2511.01.13,"Ingeniero en computación y sistemas",8
2511.01.14,"Ingeniero en comunicación",8
2511.01.15,"Ingeniero, aplicación de la informática",8
2511.01.16,"Ingeniero, sistemas informáticos",8
2511.01.17,"Tecnólogo en análisis y sistemas informáticos",8
2512,"DESARROLLADORES DE SOFTWARE",4
2512.01,"Desarrolladores de software",6
2512.01.01,"Analista programador",8
2512.01.02,"Desarrollador de software",8
2512.01.03,"Diseñador de juegos",8
2512.01.04,"Diseñador de software",8
2512.01.05,"Ingeniero de programa sistemas",8
2512.01.06,"Ingeniero de redes",8
2512.01.07,"Ingeniero de software",8
2512.01.08,"Ingeniero de soporte informático",8
2512.01.09,"Programador de software",8
2512.01.10,"Programador, ordenador de juegos",8
2513,"DESARROLLADORES WEB Y MULTIMEDIA",4
2513.01,"Desarrolladores web y multimedia",6
2513.01.01,"Arquitecto, sitio web",8
2513.01.02,"Desarrollador de internet",8
2513.01.03,"Desarrollador de multimedia",8
2513.01.04,"Desarrollador de web",8
2513.01.05,"Especialista en internet",8
2513.01.06,"Licenciado en comunicación con mención en audiovisual y multimedia",8
2513.01.07,"Licenciado en diseño web y aplicaciones multimedia",8
2513.01.08,"Programador de animación",8
2513.01.09,"Programador de multimedia",8
2513.01.10,"Programador de sistemas / aplicaciones",8
2513.01.11,"Proveedor de servicios de internet",8
2513.01.13,"Programador, sitio web",8
2513.01.14,"Tecnólogo en informática y sistemas de multimedia",8
2514,"PROGRAMADORES DE APLICACIONES",4
2514.01,"Programadores de aplicaciones",6
2514.01.01,"Programador, ordenadores (computadoras)",8
2514.01.02,"Programador, aplicaciones",8
2514.01.03,"Programador, banco de datos",8
2514.01.04,"Programador, programación técnica",8
2514.01.05,"Programador, transmisiones",8
2514.01.06,"Verificador, programas",8
2519,"DESARROLLADORES Y ANALISTAS DE SOFTWARE Y MULTIMEDIA Y ANALISTAS NO CLASIFICADOS BAJO OTROS EPÍGRAFES",4
2519.01,"Desarrolladores y analistas de software y multimedia y analistas no clasificados bajo otros epígrafes",6
2519.01.01,"Analista de aseguramiento de la calidad (computadoras)",8
2519.01.02,"Analista en sistema (excepto informáticos)",8
2519.01.03,"Consultor de equipo informático",8
2519.01.04,"Consultor de tecnología de la información",8
252,"ESPECIALISTAS EN BASES DE DATOS Y EN REDES DE COMPUTADORES",3
2521,"DISEÑADORES Y ADMINISTRADORES DE BASES DE DATOS",4
2521.01,"Diseñadores y administradores de bases de datos",6
2521.01.01,"Administrador, base de datos",8
2521.01.02,"Administrador, plataformas tecnológicas",8
2521.01.03,"Analista, base de datos",8
2521.01.04,"Arquitecto, base de datos",8
2522,"ADMINISTRADORES DE SISTEMAS",4
2522.01,"Administradores de sistemas",6
2522.01.01,"Administrador de red",8
2522.01.02,"Administrador de sistemas",8
2523,"PROFESIONALES EN REDES DE COMPUTADORES",4
2523.01,"Profesionales en redes de computadores",6
2523.01.01,"Analista de comunicaciones (computadoras)",8
2523.01.02,"Analista de red",8
2523.01.03,"Profesional en redes de computadoras",8
2529,"ESPECIALISTAS EN BASES DE DATOS Y EN REDES DE COMPUTADORES NO CLASIFICADOS BAJO OTROS EPÍGRAFES.",4
2529.01,"Especialistas en bases de datos y en redes de computadores no clasificados bajo otros epígrafes.",6
2529.01.01,"Especialista en seguridad (TIC)",8
2529.01.02,"Especialista forense digital",8
2529.01.03,"Ingeniero aplicación de la informática",8
2529.01.04,"Otros profesionales en redes y equipos de (TIC)",8
2529.01.05,"Minero de datos",8
26,"PROFESIONALES EN DERECHO, EN CIENCIAS SOCIALES Y CULTURALES",2
261,"PROFESIONALES EN DERECHO",3
2611,ABOGADOS,4
2611.01,Abogados,6
2611.01.01,Abogado,8
2611.01.02,"Abogado, actuario",8
2611.01.03,"Abogado, ciencias políticas internacionales",8
2611.01.04,"Abogado, civilista",8
2611.01.05,"Abogado, criminalista",8
2611.01.06,"Abogado, diplomacia en relaciones internacionales",8
2611.01.07,"Abogado, empresarial",8
2611.01.08,"Abogado, interno",8
2611.01.09,"Abogado, litigante",8
2611.01.10,"Abogado, patrocinarte",8
2611.01.11,"Abogado, penalista",8
2611.01.12,"Abogado, perito",8
2611.01.13,Apoderado,8
2611.01.14,"Asesor Legal Jurídico",8
2611.01.15,"Defensor de oficio",8
2611.01.16,"Doctor en ciencias jurídicas y económicas",8
2611.01.17,"Doctor y abogado en jurisprudencia",8
2611.01.18,Fiscal,8
2611.01.19,"Fiscal provincial",8
2611.01.20,Jurisconsulto,8
2611.01.21,"Licenciada en ciencias jurídicas",8
2611.01.22,"Licenciada en ciencias jurídicas y políticas",8
2611.01.23,"Licenciada en ciencias políticas y sociales",8
2611.01.24,"Representante / asesor legal",8
2612,JUECES,4
2612.01,Jueces,6
2612.01.01,Juez,8
2612.01.02,"Juez cantonal",8
2612.01.03,"Juez de inquilinato",8
2612.01.04,"Juez de instrucción",8
2612.01.05,"Juez de letras",8
2612.01.06,"Juez de menores",8
2612.01.07,"Juez de paz",8
2612.01.08,"Juez de tránsito",8
2612.01.09,"Juez itinerante",8
2612.01.10,"Juez, alzada",8
2612.01.11,"Juez, arbitrador",8
2612.01.12,"Juez, civil",8
2612.01.13,"Juez, corte suprema",8
2612.01.14,"Juez, criminalista",8
2612.01.15,"Juez, distrito",8
2612.01.16,"Juez, familiar",8
2612.01.17,"Juez, municipal",8
2612.01.18,"Juez, ordinario",8
2612.01.19,"Juez, pedáneo",8
2612.01.20,"Juez, penal",8
2612.01.21,"Juez, primera instancia",8
2612.01.22,"Juez, trabajo",8
2612.01.23,"Juez, tribunal de apelación",8
2612.01.24,"Juez, tribunal de arbitraje",8
2612.01.25,"Juez, tribunal de casación",8
2612.01.26,"Juez, tribunal de cuentas",8
2612.01.27,Magistrado,8
2612.01.28,"Magistrado, tribunal de policía",8
2612.01.29,"Presidente del tribunal de menores",8
2612.01.30,"Presidente, tribunal de justicia",8
2612.01.31,"Jefe de justicia",8
2619,"PROFESIONALES EN DERECHO NO CLASIFICADOS BAJO OTROS EPÍGRAFES",4
2619.01,"Profesionales en derecho no clasificados bajo otros epígrafes",6
2619.01.01,"Arbitro, reclamaciones / seguridad social",8
2619.01.02,"Consejero jurídico, empresa",8
2619.01.03,"Consejero jurídico, impuestos",8
2619.01.04,"Escribano forense",8
2619.01.05,Notario,8
2619.01.06,Procurador,8
2619.01.07,"Procurador síndico municipal",8
2619.01.08,"Procurador síndico provincial",8
2619.01.09,"Prosecretario de concejo municipal",8
2619.01.10,"Prosecretario de consejo provincial",8
2619.01.11,"Redactor parlamentario",8
262,"ARCHIVISTAS, BIBLIOTECARIOS, CURADORES Y AFINES",3
2621,"ARCHIVISTAS Y CURADORES DE MUSEOS",4
2621.01,"Archivistas y curadores de museos",6
2621.01.01,"Archivista (museo)",8
2621.01.02,"Archivero, paleólogo",8
2621.01.03,"Catalogador museo",8
2621.01.04,"Conservador, galería de arte",8
2621.01.05,"Conservador, museo",8
2621.01.06,"Curador de la galería de arte",8
2621.01.07,"Curador del museo",8
2621.01.08,"Encargado galería arte",8
2621.01.09,"Encargado museo",8
2621.01.10,"Investigador de arte",8
2622,"BIBLIOTECARIOS, DOCUMENTALISTAS Y AFINES",4
2622.01,"Bibliotecarios, documentalistas y afines",6
2622.01.01,Bibliógrafo,8
2622.01.02,Bibliotecario,8
2622.01.03,"Catalogador material bibliográfico",8
2622.01.04,"Consultor biblioteca",8
2622.01.05,Documentalista,8
2622.01.06,"Documentalista, materias económicas",8
2622.01.07,"Documentalista, materias técnicas",8
2622.01.08,"Especialista, biblioteconomía",8
2622.01.09,"Licenciado bibliotecario",8
263,"ESPECIALISTAS EN CIENCIAS SOCIALES Y TEOLOGÍA",3
2631,ECONOMISTAS,4
2631.01,Economistas,6
2631.01.01,"Analista económico",8
2631.01.02,"Asesor económico",8
2631.01.03,"Consultor desarrollo económico",8
2631.01.04,Econometrista,8
2631.01.05,Economista,8
2631.01.06,"Economista, agricultura",8
2631.01.07,"Economista, comercio internacional",8
2631.01.08,"Economista, desarrollo económico",8
2631.01.09,"Economista, especializado",8
2631.01.10,"Economista, finanzas",8
2631.01.11,"Economista, impuestos",8
2631.01.12,"Economista, industria",8
2631.01.13,"Economista, investigador",8
2631.01.14,"Economista, precios",8
2631.01.15,"Planificadores económicos y sociales",8
2632,"SOCIÓLOGOS, ANTROPÓLOGOS Y AFINES",4
2632.01,"Sociólogos, antropólogos y afines",6
2632.01.01,Antropólogo,8
2632.01.02,Arqueólogo,8
2632.01.03,"Asistente de arqueólogo",8
2632.01.04,Batímetrista,8
2632.01.05,Calígrafo,8
2632.01.06,"Especialista en ciencias de la comunicación",8
2632.01.07,Etnógrafo,8
2632.01.08,Etnólogo,8
2632.01.09,Geógrafo,8
2632.01.10,"Geógrafo, geografía económica",8
2632.01.11,"Geógrafo, geografía física",8
2632.01.12,"Geógrafo, geografía política",8
2632.01.13,Sociólogo,8
2632.01.14,"Sociólogo, criminología",8
2632.01.15,"Sociólogo, industria",8
2632.01.16,"Sociólogo, patología social",8
2632.01.17,Criminólogo,8
2633,"FILÓSOFOS, HISTORIADORES Y ESPECIALISTAS EN CIENCIAS POLÍTICAS",4
2633.01,"Filósofos, historiadores y especialistas en ciencias políticas",6
2633.01.01,"Científico, ciencias políticas",8
2633.01.02,"Especialista, ciencias políticas",8
2633.01.03,Filósofo,8
2633.01.04,"Filósofo, ciencia políticas",8
2633.01.05,Genealogista,8
2633.01.06,Historiador,8
2633.01.07,"Historiador, ciencias sociales",8
2633.01.08,"Historiador, historia económica",8
2633.01.09,"Historiador, historia política",8
2634,PSICÓLOGOS,4
2634.01,Psicólogos,6
2634.01.01,"Asistente de psicología",8
2634.01.02,Psicólogo,8
2634.01.03,"Psicólogo clínico",8
2634.01.04,"Psicólogo educativo y orientador vocacional",8
2634.01.05,"Psicólogo, deportes",8
2634.01.06,"Psicólogo, educacional",8
2634.01.07,"Psicólogo, experimentos",8
2634.01.08,"Psicólogo, industria",8
2634.01.09,"Psicólogo, ocupaciones",8
2634.01.10,"Psicólogo, organizacional",8
2634.01.11,"Psicólogo, pedagogía",8
2634.01.12,"Psicólogo, problemas sociales",8
2634.01.13,Psicoterapeuta,8
2635,"PROFESIONALES DEL TRABAJO SOCIAL",4
2635.01,"Profesionales del trabajo social",6
2635.01.01,"Asistente médico social",8
2635.01.02,"Asistente social",8
2635.01.03,"Asistente social, bienestar social",8
2635.01.04,"Asistente social, delincuencia",8
2635.01.05,"Asistente social, delincuencia / libertad condicional",8
2635.01.06,"Asistente social, delincuencia / prevención y rehabilitación",8
2635.01.07,"Asistente social, empresa",8
2635.01.08,"Asistente social, hospital",8
2635.01.09,"Asistente social, prisiones",8
2635.01.10,"Asistente social, protección de la familia",8
2635.01.11,"Asistente social, protección de la infancia",8
2635.01.12,"Asistente social, psiquiatría",8
2635.01.13,"Asistente social, rehabilitación / incapacitados físicos",8
2635.01.14,"Asistente social, servicios comunitarios",8
2635.01.15,"Asistente social, servicios culturales",8
2635.01.16,"Asistente social, servicios de la ayuda familiar",8
2635.01.17,"Asistente social, servicios sociales",8
2635.01.18,"Consejero de adicciones",8
2635.01.19,"Consejero de duelo",8
2635.01.20,"Consejero de economía doméstica",8
2635.01.21,"Consejero de familia",8
2635.01.22,"Consejero de matrimonio",8
2635.01.23,"Consejero de niños y jóvenes",8
2635.01.24,"Consejero de asalto sexual",8
2635.01.25,"Licenciado en trabajo y servicio social",8
2635.01.26,"Oficial de libertad condicional",8
2635.01.27,"Organizador de bienestar de la mujer",8
2635.01.28,"Terapista ocupacional",8
2635.01.29,"Trabajador social / asistente social",8
2635.01.30,"Trabajador social en general",8
2635.01.31,"Trabajador social psiquiátrico",8
2635.01.32,"Visitador prisiones",8
2635.01.33,"Visitador social",8
2635.01.34,"Funcionario distrito de bienestar social",8
2636,"PROFESIONALES RELIGIOSOS",4
2636.01,"Profesionales religiosos",6
2636.01.01,Arcipreste,8
2636.01.02,Arzobispo,8
2636.01.03,Bonzo,8
2636.01.04,Canónigo,8
2636.01.05,Capellán,8
2636.01.06,Cardenal,8
2636.01.07,Cura,8
2636.01.08,Misionero,8
2636.01.09,Monseñor,8
2636.01.10,"Nuncio apostólico",8
2636.01.11,Obispo,8
2636.01.12,Párroco,8
2636.01.13,"Pastor protestante / evangélico",8
2636.01.14,Prior,8
2636.01.15,Rabino,8
2636.01.16,Sacerdote,8
2636.01.17,"Sacerdote budista",8
2636.01.18,"Superior, religioso",8
2636.01.19,Teólogo,8
2636.01.20,Vicario,8
264,"AUTORES, PERIODISTAS Y LINGÜISTAS",3
2641,"Autores y otros escritores",4
2641.01,"Autores y otros escritores",6
2641.01.01,"Asistente guión",8
2641.01.02,Autor,8
2641.01.03,"Autor, drama",8
2641.01.04,"Autor, letra de canciones",8
2641.01.05,"Autor, literario",8
2641.01.06,"Autor, teatro",8
2641.01.07,"Autor de libro",8
2641.01.08,Biógrafo,8
2641.01.09,Crítico,8
2641.01.10,"Crítico, arte",8
2641.01.11,"Crítico, artes plásticas",8
2641.01.12,"Crítico, cinematográfico",8
2641.01.13,"Crítico, literario",8
2641.01.14,"Crítico, músico",8
2641.01.15,"Crítico, radio",8
2641.01.16,"Crítico, teatro",8
2641.01.17,"Crítico, televisión",8
2641.01.18,"Cuentista, excepto radio o televisión",8
2641.01.19,"Cuentista, radio o televisión",8
2641.01.20,Dialoguista,8
2641.01.21,Dramaturgo,8
2641.01.22,"Editor, libros",8
2641.01.23,"Editor interactivo medios de comunicación",8
2641.01.24,Ensayista,8
2641.01.25,Escritor,8
2641.01.26,"Escritor, libretos",8
2641.01.27,"Escritor, novelas",8
2641.01.28,"Escritor, poesía",8
2641.01.29,"Escritor, teatro",8
2641.01.30,Folletinista,8
2641.01.31,Gacetillero,8
2641.01.32,Guionista,8
2641.01.33,"Guionista de cine, teatro, radio y televisión",8
2641.01.34,"Hombre de letras",8
2641.01.35,Literato,8
2641.01.36,Novelista,8
2641.01.37,Poeta,8
2641.01.38,Redactor,8
2641.01.39,"Redactor jefe, finanzas",8
2641.01.40,"Redactor jefe, revistas",8
2641.01.41,"Redactor, artículos de fondo",8
2641.01.42,"Redactor, discursos",8
2641.01.43,"Redactor, información pública",8
2641.01.44,"Redactor, modas",8
2641.01.45,"Redactor, técnico",8
2641.01.46,"Redactor, técnico / manuales",8
2641.01.47,"Técnico, comunicador",8
2642,PERIODISTAS,4
2642.01,Periodistas,6
2642.01.01,"Agregado de prensa",8
2642.01.02,"Analista noticias",8
2642.01.03,Articulista,8
2642.01.04,"Columnista, redactor columnista",8
2642.01.05,Comentarista,8
2642.01.06,"Comunicador social",8
2642.01.07,"Corrector de pruebas",8
2642.01.08,Corresponsal,8
2642.01.09,"Corresponsal, medios de información",8
2642.01.10,"Corresponsal, periódico",8
2642.01.11,Cronista,8
2642.01.12,"Cronista, deportes",8
2642.01.13,"Cronista, tribunales",8
2642.01.14,"Editor de periódico",8
2642.01.15,Editorialista,8
2642.01.16,"Escritor medios interactivos",8
2642.01.17,"Escritor deportes",8
2642.01.18,"Jefe de redacción",8
2642.01.19,"Jefe periodistas",8
2642.01.20,Periodista,8
2642.01.21,"Periodista reportero",8
2642.01.22,"Periodista, deportivo",8
2642.01.23,"Periodista, radio",8
2642.01.24,"Periodista, televisión",8
2642.01.25,"Redactor de anuncios publicitarios",8
2642.01.26,"Redactor de información",8
2642.01.27,"Redactor jefe, diarios",8
2642.01.28,"Redactor jefe, guiones / radio y televisión",8
2642.01.29,"Redactor, prensa",8
2642.01.30,"Redactor, prensa / extranjero",8
2642.01.31,"Redactor, publicidad",8
2642.01.32,"Redactor, revistas",8
2642.01.33,"Reportero o cronista",8
2642.01.34,"Reportero, gráfico",8
2642.01.35,"Reportero, moda",8
2642.01.36,"Reportero, redactor",8
2642.01.37,"Secretario de redacción",8
2642.01.38,"Secretario de redacción / diario",8
2642.01.39,"Secretario de redacción / revista",8
2642.01.40,Subeditor,8
2642.01.41,"Productor de noticia de televisión.",8
2643,"TRADUCTORES, INTÉRPRETES Y LINGÜISTAS",4
2643.01,"Traductores, intérpretes y lingüistas",6
2643.01.01,"Especialista, fonético",8
2643.01.02,"Especialista, semántica",8
2643.01.03,Etimologista,8
2643.01.04,Filólogo,8
2643.01.05,"Filólogo, Etimología",8
2643.01.06,"Filólogo, Fonética",8
2643.01.07,"Filólogo, fonología",8
2643.01.08,"Filólogo, grafología",8
2643.01.09,"Filólogo, lexicografía",8
2643.01.10,"Filólogo, lingüística",8
2643.01.11,"Filólogo, morfología",8
2643.01.12,"Filólogo, semántica",8
2643.01.13,Grafólogo,8
2643.01.14,Intérprete,8
2643.01.15,"Intérprete de lenguaje de señas",8
2643.01.16,Lexicógrafo,8
2643.01.17,Lingüista,8
2643.01.18,Morfólogo,8
2643.01.19,Traductor,8
2643.01.20,"Traductor - revisor",8
265,"ARTISTAS CREATIVOS E INTERPRETATIVOS",3
2651,"ARTISTAS DE ARTES PLÁSTICAS",4
2651.01,"Artistas de artes plásticas",6
2651.01.01,Acuarelista,8
2651.01.02,"Artista comercial",8
2651.01.03,"Artista creativo",8
2651.01.04,"Artista de la cerámica",8
2651.01.05,Caricaturista,8
2651.01.06,"Ceramista artístico",8
2651.01.07,"Creador, dibujos animados",8
2651.01.08,"Creador, modelos / joyería y orfebrería",8
2651.01.09,Dibujante,8
2651.01.10,"Dibujante, artístico",8
2651.01.11,"Dibujante, caricaturista",8
2651.01.12,"Dibujante, dibujos animados",8
2651.01.13,"Dibujante, diseño industrial",8
2651.01.14,"Dibujante, joyería y orfebrería",8
2651.01.15,"Dibujante, publicidad",8
2651.01.16,Escultor,8
2651.01.17,Estatuario,8
2651.01.18,"Grabador artístico",8
2651.01.19,Imaginero,8
2651.01.20,Maquetista,8
2651.01.21,Miniaturista,8
2651.01.22,"Modelista escultor",8
2651.01.23,"Modelista grabador",8
2651.01.24,"Orfebre artista",8
2651.01.25,Pastelista,8
2651.01.26,"Pintor artístico",8
2651.01.27,"Pintor de dibujos animados",8
2651.01.28,"Pintor de escaparates",8
2651.01.29,"Pintor de ilustraciones",8
2651.01.30,"Pintor de murales",8
2651.01.31,"Pintor de publicidad",8
2651.01.32,"Pintor de retratos",8
2651.01.33,"Pintor, agua fuerte",8
2651.01.34,"Pintor, paisajista",8
2651.01.35,"Pintor, pintura abstracta",8
2651.01.36,"Pintor, pintura figurativa",8
2651.01.37,"Pintor, proyectista de cine y teatro",8
2651.01.38,"Restaurador de esculturas",8
2651.01.39,"Restaurador de imágenes",8
2651.01.40,"Restaurador, cuadros",8
2651.01.41,"Restaurador, obras de arte",8
2651.01.42,Retratista,8
2651.01.43,"Tallista escultor",8
2651.01.44,"Artista visual",8
2652,"MÚSICOS, CANTANTES Y COMPOSITORES",4
2652.01,"Músicos, cantantes y compositores",6
2652.01.01,Acordeonista,8
2652.01.02,"Adaptador musical",8
2652.01.03,Armonista,8
2652.01.04,Arpista,8
2652.01.05,Arreglista,8
2652.01.06,"Artista lírico",8
2652.01.07,Bajonista,8
2652.01.08,Barítono,8
2652.01.09,Baterista,8
2652.01.10,Cantante,8
2652.01.11,"Cantante (especialista)",8
2652.01.12,"Cantante, cabaret",8
2652.01.13,"Cantante, concierto",8
2652.01.14,"Cantante, coral",8
2652.01.15,"Cantante, jazz",8
2652.01.16,"Cantante, música popular",8
2652.01.17,"Cantante, opera",8
2652.01.18,Citarista,8
2652.01.19,Clarinista,8
2652.01.20,Clavecinista,8
2652.01.21,Compositor,8
2652.01.22,"Concertador, coros",8
2652.01.23,"Concertista cantante",8
2652.01.24,"Concertista instrumentista",8
2652.01.25,Contrabajista,8
2652.01.26,Contralto,8
2652.01.27,"Copista, músico",8
2652.01.28,Corista,8
2652.01.29,"Director asistente, orquesta sinfónica",8
2652.01.30,"Director ejecutivo de la orquesta sinfónica nacional",8
2652.01.31,"Director musical",8
2652.01.32,"Director, banda / música ligera",8
2652.01.33,"Director, coros",8
2652.01.34,"Director, grupo musical",8
2652.01.35,"Director, orquesta / baile",8
2652.01.36,"Director, orquesta sinfónica",8
2652.01.37,"Director, titular de la orquesta sinfónica",8
2652.01.38,"Ejecutante, músico",8
2652.01.39,Fagotista,8
2652.01.40,Filarmónico,8
2652.01.41,Flautista,8
2652.01.42,Guitarrista,8
2652.01.43,"Guitarrista concertista",8
2652.01.44,Instrumentista,8
2652.01.45,"Integrante Banda Municipal",8
2652.01.46,"Intérprete de canciones",8
2652.01.47,"Interprete musical",8
2652.01.48,"Líder de la banda",8
2652.01.49,Mariachi,8
2652.01.50,Marimbero,8
2652.01.51,Mezzo-soprano,8
2652.01.52,Músico,8
2652.01.53,"Músico, arreglista",8
2652.01.54,"Músico, cabaret",8
2652.01.55,"Músico, club nocturno",8
2652.01.56,"Músico, instrumentista de concierto",8
2652.01.57,"Músico, instrumentista de cuerda (especialista)",8
2652.01.58,"Músico, instrumentista de madera (especialista)",8
2652.01.59,"Músico, instrumentista de metal (especialista)",8
2652.01.60,"Músico, instrumentista de percusión (especialista)",8
2652.01.61,"Músico, instrumentista popular",8
2652.01.62,"Músico, orquesta",8
2652.01.63,"Músico de la calle",8
2652.01.64,Oboísta,8
2652.01.65,Organista,8
2652.01.66,Orquestador,8
2652.01.67,Percusionista,8
2652.01.68,Pianista,8
2652.01.69,Saxofonista,8
2652.01.70,"Solista musical",8
2652.01.71,Soprano,8
2652.01.72,Tamborilero,8
2652.01.73,Tenor,8
2652.01.74,Timbalista,8
2652.01.75,Trombonista,8
2652.01.76,Trompetista,8
2652.01.77,Violinista,8
2652.01.78,Violonchelista,8
2653,"BAILARINES Y COREÓGRAFOS",4
2653.01,"Bailarines y Coreógrafos",6
2653.01.01,"Asistente de coreografía",8
2653.01.02,"Asistente de escenografía",8
2653.01.03,Bailarín,8
2653.01.04,"Bailarín, ballet",8
2653.01.05,"Bailarín, cabaret",8
2653.01.06,"Bailarín, corista",8
2653.01.07,"Bailarín, danza clásica y moderna",8
2653.01.08,"Bailarín, solista",8
2653.01.09,"Bailarín, striptease",8
2653.01.10,"Bailarín, zapateado",8
2653.01.11,Bailarina,8
2653.01.12,"Bailarina, cabaret",8
2653.01.13,"Bailarina, calle",8
2653.01.14,"Bailarina, castañuelas",8
2653.01.15,"Bailarina, corista",8
2653.01.16,"Bailarina, night-club",8
2653.01.17,"Bailarina, zapateado",8
2653.01.18,"Bailarina, discoteca",8
2653.01.19,Coreógrafo,8
2653.01.20,Danzante,8
2653.01.21,"Director, coreografía",8
2653.01.22,"Maestro de ballet",8
2653.01.23,Vedette,8
2654,"DIRECTORES DE CINE, DE TEATRO Y AFINES",4
2654.01,"Directores de cine, de teatro y afines",6
2654.01.01,"Director artístico",8
2654.01.02,"Director artístico cine",8
2654.01.03,"Director artístico en la producción de material audiovisual",8
2654.01.04,"Director artístico teatro",8
2654.01.05,"Director artístico televisión",8
2654.01.06,"Director de documentales",8
2654.01.07,"Director de escena en cine o teatro",8
2654.01.08,"Director de espectáculos",8
2654.01.09,"Director de fotografía",8
2654.01.10,"Director de producciones en TV",8
2654.01.11,"Director de programación",8
2654.01.12,"Director técnico de radio televisión",8
2654.01.13,"Director, escena / cine",8
2654.01.14,"Director, escena / teatro",8
2654.01.15,"Director, fotografía / cine",8
2654.01.16,"Director, teatro",8
2654.01.17,"Editor de cine",8
2654.01.18,"Editor de películas",8
2654.01.19,"Empresario, cine",8
2654.01.20,"Productor de teatro",8
2655,ACTORES,4
2655.01,Actores,6
2655.01.01,Actor,8
2655.01.02,"Actor, cine",8
2655.01.03,"Actor, drama",8
2655.01.04,"Actor, teatro",8
2655.01.05,Actriz,8
2655.01.06,"Actriz, cine",8
2655.01.07,"Actriz, teatro",8
2655.01.08,"Artista de cine, televisión y teatro",8
2655.01.09,Cómico,8
2655.01.10,Charlista,8
2655.01.11,Comediante,8
2655.01.12,"Contador de historias",8
2655.01.13,"Doblador de escenas en series de TV y películas",8
2655.01.14,"Doblador de voz en series de TV y películas",8
2655.01.15,"Imitador, cabaret",8
2655.01.16,Mimo,8
2655.01.17,Narrador,8
2655.01.18,"Recitador, excepto radio o televisión",8
2655.01.19,"Recitador, radio o televisión",8
2656,"LOCUTORES DE RADIO, TELEVISIÓN Y OTROS MEDIOS DE COMUNICACIÓN",4
2656.01,"Locutores de radio, televisión y otros medios de comunicación",6
2656.01.01,"Ayudante de locutor",8
2656.01.02,"Anunciador de deportes",8
2656.01.03,"Anfitrión (Dueño de radio y televisión)",8
2656.01.04,"Anfitriona programa de noticias",8
2656.01.05,"Animador de programas de televisión",8
2656.01.06,"Comentarista de radio y televisión",8
2656.01.07,"Comentarista-entrevistador, televisión",8
2656.01.08,"Cronista, noticiarios",8
2656.01.09,"Disc Jockey",8
2656.01.10,"Disc Jockey de radio",8
2656.01.11,"Locutor, noticias",8
2656.01.12,"Locutor, radio",8
2656.01.13,"Locutor, televisión",8
2656.01.14,Presentador-animador,8
2656.01.15,"Presentador-animador, espectáculos públicos",8
2656.01.16,"Presentadora de noticias",8
2656.01.17,"Reportero de tráfico",8
2656.01.18,"Reportero del tiempo",8
2659,"ARTISTAS CREATIVOS E INTERPRETATIVOS NO CLASIFICADOS BAJO OTROS EPÍGRAFES",4
2659.01,"Artistas creativos e interpretativos no clasificados bajo otros epígrafes",6
2659.01.01,Acróbata,8
2659.01.02,"Amaestrador, elefantes",8
2659.01.03,"Amaestrador, fieras",8
2659.01.04,"Artista, marionetas",8
2659.01.05,"Artista, striptease",8
2659.01.06,"Artista, trapecio",8
2659.01.07,"Caballista, circo",8
2659.01.08,Cirquero,8
2659.01.09,"Cómico, circo",8
2659.01.10,Contorsionista,8
2659.01.11,"Domador, circo",8
2659.01.12,"Domador, fieras",8
2659.01.13,"Encantador, serpientes",8
2659.01.14,Equilibrista,8
2659.01.15,Funámbulo,8
2659.01.16,Gallero,8
2659.01.17,"Humorista (Especialista)",8
2659.01.18,Hipnotizador,8
2659.01.19,Ilusionista,8
2659.01.20,Imitador,8
2659.01.21,"Imitador, ruidos de animales",8
2659.01.22,Mago,8
2659.01.23,Malabarista,8
2659.01.24,Payaso,8
2659.01.25,Titiritero,8
2659.01.26,Trapecista,8
2659.01.27,Ventrílocuo,8
2659.01.28,Volatinero,8
3,"TÉCNICOS Y PROFESIONALES DEL NIVEL MEDIO",1
31,"PROFESIONALES DE LAS CIENCIAS Y LA INGENIERIA DE NIVEL MEDIO",2
311,"TÉCNICOS EN CIENCIAS FÍSICAS Y EN INGENIERÍA",3
3111,"TÉCNICOS EN CIENCIAS FÍSICAS Y QUÍMICAS",4
3111.01,"Técnicos en ciencias físicas y químicas",6
3111.01.01,"Asistente, laboratorio física",8
3111.01.02,"Técnico, astronomía",8
3111.01.03,"Técnico, física",8
3111.01.04,"Técnico, geofísica",8
3111.01.05,"Técnico, geología",8
3111.01.06,"Técnico, laboratorio química",8
3111.01.07,"Técnico, mareografista",8
3111.01.08,"Técnico, meteorología",8
3111.01.09,"Técnico, oceanografía",8
3111.01.10,"Técnico, química",8
3112,"TÉCNICOS EN INGENIERÍA CIVIL",4
3112.01,"Técnicos en ingeniería civil",6
3112.01.01,"Aparejador, ingeniería civil",8
3112.01.02,"Asistente de ingeniero civil",8
3112.01.03,"Asistente de ingeniero hidráulico",8
3112.01.04,"Asistente de ingeniero sanitario",8
3112.01.05,"Asistente de laboratorio / industrial",8
3112.01.06,"Estimador, ingeniería civil",8
3112.01.07,"Inspector técnico, ingeniería civil",8
3112.01.08,"Inspector, incendios",8
3112.01.09,"Inspector, obras y edificios",8
3112.01.10,"Secretario de obras públicas",8
3112.01.11,Sobrestante,8
3112.01.12,"Técnico (cálculo de costos de construcción)",8
3112.01.13,"Técnico Cadenero (topografía)",8
3112.01.14,"Técnico de aducción",8
3112.01.15,"Técnico, agrimensor",8
3112.01.16,"Técnico, cartográfico",8
3112.01.17,"Técnico, geotécnica",8
3112.01.18,"Técnico, ingeniería civil",8
3112.01.19,"Técnico, ingeniería civil / conservación de edificios",8
3112.01.20,"Técnico, ingeniería civil / construcción",8
3112.01.21,"Técnico, ingeniería civil / dragado",8
3112.01.22,"Técnico, ingeniería civil / estructuras",8
3112.01.23,"Técnico, ingeniería civil / hidráulica",8
3112.01.24,"Técnico, ingeniería civil / hidrología",8
3112.01.25,"Técnico, ingeniería civil / irrigación",8
3112.01.26,"Técnico, ingeniería civil / mecánica de suelos",8
3112.01.27,"Técnico, ingeniería civil / salud pública",8
3112.01.28,"Técnico, ingeniería civil / sanidad",8
3112.01.29,"Técnico, topografía",8
3113,ELECTROTÉCNICOS,4
3113.01,Electrotécnicos,6
3113.01.01,"Electricista alta tensión",8
3113.01.02,Electrotécnico,8
3113.01.03,"Electrotécnico, alta tensión",8
3113.01.04,"Electrotécnico, energía eléctrica",8
3113.01.05,"Electrotécnico, energía eléctrica / distribución",8
3113.01.06,"Electrotécnico, energía eléctrica / transporte",8
3113.01.07,"Electrotécnico, iluminación",8
3113.01.08,"Electrotécnico, tracción eléctrica",8
3113.01.09,"Estimador, ingeniería eléctrica",8
3113.01.10,"Técnico electricista en general",8
3113.01.11,"Técnico electrónico (aeronáutica)",8
3113.01.12,"Técnico refrigeración",8
3114,"TÉCNICOS EN ELECTRÓNICA",4
3114.01,"Técnicos en electrónica",6
3114.01.01,"Estimador, ingeniería electrónica",8
3114.01.02,"Técnico electronicista",8
3114.01.03,"Técnico electronicista, instrumentos científicos",8
3114.01.04,"Técnico electronicista, material informático",8
3114.01.05,"Técnico, ingeniería aeroespacial",8
3114.01.06,"Técnico, ingeniería electrónica",8
3114.01.07,"Técnico, ingeniería electrónica/electrónica industrial",8
3114.01.08,"Técnico, ingeniería electrónica/mantenimiento, equipo biomédico",8
3115,"TÉCNICOS EN INGENIERÍA MECÁNICA",4
3115.01,"Técnicos en ingeniería mecánica",6
3115.01.01,"Estimador, construcción mecánica",8
3115.01.02,"Estimador, ingeniería mecánica",8
3115.01.03,"Inspector de equipos y materiales (planta de refinación petróleo)",8
3115.01.04,"Jefe de muelle",8
3115.01.05,"Jefe de varadero",8
3115.01.06,"Técnico aeronáutico",8
3115.01.07,"Técnico inspector, naval",8
3115.01.08,"Técnico inspector, naval / buques",8
3115.01.09,"Técnico mecánico",8
3115.01.10,"Técnico mecánico (máquinas y motores)",8
3115.01.11,"Técnico mecánico (petróleo)",8
3115.01.12,"Técnico mecánico, acondicionamiento de aire",8
3115.01.13,"Técnico mecánico, aeronáutica",8
3115.01.14,"Técnico mecánico, agricultura (maquinaria, equipo y herramientas)",8
3115.01.15,"Técnico mecánico, automóviles",8
3115.01.16,"Técnico mecánico, calefacción, refrigeración y ventilación",8
3115.01.17,"Técnico mecánico, construcción naval",8
3115.01.18,"Técnico mecánico, energía nuclear",8
3115.01.19,"Técnico mecánico, ingeniería naval",8
3115.01.20,"Técnico mecánico, instrumentos",8
3115.01.21,"Técnico mecánico, lubricación",8
3115.01.22,"Técnico mecánico, maquinaria y herramientas industriales",8
3115.01.23,"Técnico mecánico, marina",8
3115.01.24,"Técnico mecánico, motores",8
3115.01.25,"Técnico mecánico, motores de combustión interna",8
3115.01.26,"Técnico mecánico, motores de locomotoras",8
3115.01.27,"Técnico mecánico, motores de propulsión a chorro",8
3115.01.28,"Técnico mecánico, motores diesel",8
3115.01.29,"Técnico mecánico, turbinas de gas",8
3115.01.30,"Técnico, acondicionamiento de aire",8
3115.01.31,"Técnico, alineación y balanceo",8
3115.01.32,"Técnico, ingeniería aeronáutica",8
3115.01.33,"Técnico, ingeniería marina",8
3115.01.34,"Técnico, ingeniería mecánica",8
3115.01.35,"Técnico, ingeniería mecánica/mantenimiento industrial",8
3115.01.36,"Técnico, ingeniería mecánica/refrigeración y aire acondicionado",8
3115.01.37,"Verificador naval",8
3116,"TÉCNICOS EN QUÍMICA INDUSTRIAL",4
3116.01,"Técnicos en química industrial",6
3116.01.01,"Ayudante laboratorio industrial",8
3116.01.02,"Comprobador de densidad de aguas salinas",8
3116.01.03,"Estimador, ingeniería química",8
3116.01.04,"Estimador, química industrial",8
3116.01.05,"Jefe de laboratorio de sedimentación",8
3116.01.06,"Laboratorista de aguas",8
3116.01.07,"Laboratorista de petróleo y derivados",8
3116.01.08,"Laboratorista de productos alimenticios",8
3116.01.09,"Laboratorista de productos lácteos",8
3116.01.10,"Laboratorista de vidrios",8
3116.01.11,"Laboratorista químico de pinturas",8
3116.01.12,"Técnico de combustible",8
3116.01.13,"Técnico de control de calidad / petróleo",8
3116.01.14,"Técnico en la preparación de plásticos y cauchos",8
3116.01.15,"Técnico, ingeniería / petróleo",8
3116.01.16,"Técnico, ingeniería / química",8
3116.01.17,"Técnico, petroquímica",8
3116.01.18,"Técnico, química industrial",8
3116.01.19,"Técnico, química industrial / gas",8
3116.01.20,"Técnico, química industrial / petróleo",8
3116.01.21,"Técnico, química industrial / procesos químicos",8
3116.01.22,"Técnico, química industrial / producción y distribución de gas",8
3116.01.23,"Técnico, química industrial / refinación del petróleo",8
3117,"TÉCNICOS EN INGENIERÍA DE MINAS Y METALURGIA",4
3117.01,"Técnicos en ingeniería de minas y metalurgia",6
3117.01.01,"Acidificador, pozos de petróleo y gas",8
3117.01.02,"Auxiliar técnico de cantera",8
3117.01.03,"Desincrustador, pozos de petróleo y gas",8
3117.01.04,"Inspector de minas",8
3117.01.05,"Inspector de seguridad en las minas",8
3117.01.06,"Pegador, pozos de petróleo y gas",8
3117.01.07,"Técnico en fluidos de perforación",8
3117.01.08,"Técnico metalúrgico (tratamiento de metales)",8
3117.01.09,"Técnico, acidificación / pozos",8
3117.01.10,"Técnico, explotador / minas",8
3117.01.11,"Técnico, extracción / carbón",8
3117.01.12,"Técnico, extracción / diamantes",8
3117.01.13,"Técnico, extracción / metales",8
3117.01.14,"Técnico, extracción / petróleo y gas natural",8
3117.01.15,"Técnico, extracción/ (sondeo de pozos)",8
3117.01.16,"Técnico, ingeniería / minas",8
3117.01.17,"Técnico, metalurgia",8
3117.01.18,"Técnico, metalurgia / ensayador de metales",8
3117.01.19,"Técnico, metalurgia / extracción",8
3117.01.20,"Técnico, metalurgia / física",8
3117.01.21,"Técnico, metalurgia / fundición",8
3117.01.22,"Técnico, metalurgia / minerales radiactivos",8
3117.01.23,"Técnico, metalurgia / producción y refinación de metales",8
3117.01.24,"Técnico, minería",8
3117.01.25,"Técnico, perforación / pozos",8
3117.01.26,"Técnico, sondeo / pozos de petróleo y gas",8
3118,"DELINEANTES Y DIBUJANTES TÉCNICOS",4
3118.01,"Delineantes y dibujantes técnicos",6
3118.01.01,"Asistente de arquitectura",8
3118.01.02,"Constructor de maquetas",8
3118.01.03,Delineante,8
3118.01.04,"Delineante, arquitectura",8
3118.01.05,"Delineante, cartografía",8
3118.01.06,"Delineante, geología",8
3118.01.07,"Delineante, ilustraciones técnicas",8
3118.01.08,"Delineante, industrial",8
3118.01.09,"Delineante, ingeniería aeronáutica",8
3118.01.10,"Delineante, ingeniería civil",8
3118.01.11,"Delineante, ingeniería de edificios",8
3118.01.12,"Delineante, ingeniería de sistemas de calefacción y ventilación",8
3118.01.13,"Delineante, ingeniería eléctrica",8
3118.01.14,"Delineante, ingeniería electrónica",8
3118.01.15,"Delineante, ingeniería mecánica",8
3118.01.16,"Delineante, ingeniería naval",8
3118.01.17,"Delineante, litografía",8
3118.01.18,"Delineante, matrices y herramientas",8
3118.01.19,"Delineante, técnico",8
3118.01.20,"Delineante, tinturas",8
3118.01.21,"Delineante, topografía",8
3118.01.22,"Diagramador de periódicos, revistas y textos escolares",8
3118.01.23,"Dibujante armazones metálicos, madera y máquinas en general",8
3118.01.24,"Dibujante arquitectónico y/o de proyectos",8
3118.01.25,"Dibujante cartografía",8
3118.01.26,"Dibujante electricidad",8
3118.01.27,"Dibujante en general",8
3118.01.28,"Dibujante litografía",8
3118.01.29,"Dibujante, electrónica",8
3118.01.30,"Dibujante, ilustraciones técnicas",8
3118.01.31,"Dibujante, ingeniería civil",8
3118.01.32,"Dibujante, matrices y herramientas",8
3118.01.33,"Dibujante, mecánica",8
3118.01.34,"Dibujante, naval",8
3118.01.35,"Dibujante, proyectista / artes gráficas",8
3118.01.36,"Dibujante, sistema de información geográfica",8
3118.01.37,"Dibujante, sistemas de calefacción y ventilación",8
3118.01.38,"Dibujante, técnico",8
3118.01.39,"Dibujante, topografía",8
3118.01.40,"Jefe, dibujantes",8
3118.01.41,"Técnico de dibujo / ingeniería",8
3118.01.42,"Técnico de dibujo / planos y gráficos",8
3118.01.43,"Técnico de dibujo técnico",8
3118.01.44,"Técnico en diseño gráfico",8
3119,"TÉCNICOS EN CIENCIAS FÍSICAS Y EN INGENIERÍA NO CLASIFICADOS BAJO OTROS EPÍGRAFES",4
3119.01,"Técnicos en ciencias físicas y en ingeniería no clasificados bajo otros epígrafes",6
3119.01.01,"Ayudante de técnico ceramista",8
3119.01.02,"Especialista, prevención de incendios",8
3119.01.03,"Investigador, incendios",8
3119.01.04,"Laboratorista cemento",8
3119.01.05,"Técnico ceramista",8
3119.01.06,"Técnico de la ciencia forense",8
3119.01.07,"Técnico en curtiduría",8
3119.01.08,"Técnico textil",8
3119.01.09,"Técnico, cálculo de costos y cantidades",8
3119.01.10,"Técnico, cemento",8
3119.01.11,"Técnico, eficiencia industrial",8
3119.01.12,"Técnico, estudio del trabajo",8
3119.01.13,"Técnico, ingeniería / biomédica",8
3119.01.14,"Técnico, ingeniería / confección",8
3119.01.15,"Técnico, ingeniería / estudio de tiempos y movimientos",8
3119.01.16,"Técnico, ingeniería / industrial",8
3119.01.17,"Técnico, ingeniería / métodos",8
3119.01.18,"Técnico, ingeniería / organización industrial",8
3119.01.19,"Técnico, ingeniería / planificación",8
3119.01.20,"Técnico, ingeniería / producción",8
3119.01.21,"Técnico, ingeniería / seguridad",8
3119.01.22,"Técnico, ingeniería automotriz",8
3119.01.23,"Técnico, prevención de incendios",8
3119.01.24,"Técnico, robots",8
3119.01.25,"Técnico, sistemas / excepto informáticos",8
3119.01.26,"Verificador, robots",8
312,"SUPERVISORES EN INGENIERÍA DE MINAS, DE INDUSTRIAS MANUFACTURERAS Y DE LA CONSTRUCCIÓN",3
3121,"SUPERVISORES EN INGENIERÍA DE MINAS",4
3121.01,"Supervisores en ingeniería de minas",6
3121.01.01,"Subadministrador de minas",8
3121.01.02,"Supervisor de la cantera",8
3121.01.03,"Supervisor mantenimiento en minas",8
3121.01.04,"Supervisor maquinaria minera",8
3121.01.05,"Supervisor de minas",8
3122,"SUPERVISORES DE INDUSTRIAS MANUFACTURERAS",4
3122.01,"Supervisores de industrias manufactureras",6
3122.01.01,"Coordinador de industria manufacturera",8
3122.01.02,"Supervisor de acabado",8
3122.01.03,"Supervisor de calidad",8
3122.01.04,"Supervisor de digitación",8
3122.01.05,"Supervisor de industria manufacturera",8
3122.01.06,"Supervisor de producción",8
3122.01.07,"Supervisor de producción de artículos de madera",8
3122.01.08,"Supervisor de producción de calzado",8
3122.01.09,"Supervisor de producción de cerámica",8
3122.01.10,"Supervisor de producción de confección de prendas de vestir",8
3122.01.11,"Supervisor de producción de la industria del tabaco",8
3122.01.12,"Supervisor de trabajadores de canteras",8
3122.01.13,"Supervisor de trabajadores de fabricación de accesorios fotográficos",8
3122.01.14,"Supervisor de trabajadores de fabricación de cerámica",8
3122.01.15,"Supervisor de trabajadores de fabricación de cosméticos",8
3122.01.16,"Supervisor de trabajadores de fabricación de productos de caucho",8
3122.01.17,"Supervisor de trabajadores de fabricación de productos de papel",8
3122.01.18,"Supervisor de trabajadores de fabricación de productos eléctricos y electrónicos",8
3122.01.19,"Supervisor de trabajadores de fabricación de productos farmacéuticos",8
3122.01.20,"Supervisor de trabajadores de fabricación de productos plásticos",8
3122.01.21,"Supervisor de trabajadores de fabricación de vidrio",8
3122.01.22,"Supervisor de trabajadores de producción de energía",8
3122.01.23,"Supervisor de trabajadores de tratamiento de aguas",8
3123,"SUPERVISORES DE LA CONSTRUCCIÓN",4
3123.01,"Supervisores de la construcción",6
3123.01.01,"Administrador de construcción",8
3123.01.02,"Auxiliar de superintendente de constructora",8
3123.01.03,"Supervisor de colado de materiales de construcción",8
3123.01.04,"Supervisor de construcción de carretera",8
3123.01.05,"Supervisor de construcción de edificios",8
3123.01.06,"Supervisor de obras",8
3123.01.07,"Supervisor de obras de construcción",8
313,"TÉCNICOS EN CONTROL DE PROCESOS",3
3131,"OPERADORES DE INSTALACIONES DE PRODUCCIÓN DE ENERGÍA",4
3131.01,"Operadores de instalaciones de producción de energía",6
3131.01.01,"Ayudante operador de instalaciones de central hidroeléctrica",8
3131.01.02,"Operador de cuadro de control de generadores",8
3131.01.03,"Operador, cuadro de distribución / central eléctrica",8
3131.01.04,"Operador de instalaciones, central de producción de energía eléctrica",8
3131.01.05,"Operador de instalaciones, central eólica / producción de energía eléctrica",8
3131.01.06,"Operador de instalaciones, central geotérmica / producción de energía eléctrica",8
3131.01.07,"Operador de instalaciones, central hidroeléctrica / producción de energía eléctrica",8
3131.01.08,"Operador de instalaciones, central mareomotriz / producción de energía eléctrica",8
3131.01.09,"Operador de instalaciones, central nuclear / producción de energía eléctrica",8
3131.01.10,"Operador de instalaciones, central solar / producción de energía eléctrica",8
3131.01.11,"Operador de instalaciones, central térmica / gas natural (producción de energía eléctrica)",8
3131.01.12,"Operador de instalaciones, central termoeléctrica",8
3131.01.13,"Operador de máquinas fijas de producción eléctrica",8
3131.01.14,"Operador de motores fijos",8
3131.01.15,"Operador de planta energía eléctrica",8
3131.01.16,"Operador de reactor nuclear, producción de energía eléctrica",8
3131.01.17,"Operador de turbinas, producción de energía eléctrica",8
3131.01.18,"Operador del sistema de alimentación",8
3131.01.19,"Operador-rectificador de corriente eléctrica",8
3132,"OPERADORES DE INCINERADORES, INSTALACIONES DE TRATAMIENTO DE AGUA Y AFINES",4
3132.01,"Operadores de incineradores, instalaciones de tratamiento de agua y afines",6
3132.01.01,"Ayudante Operador de máquina, producción / hielo",8
3132.01.02,"Operador de planta, aguas residuales",8
3132.01.03,"Operador de incinerador, eliminación de residuos",8
3132.01.04,"Operador de instalaciones, abastecimiento de agua",8
3132.01.05,"Operador de instalaciones, calefacción",8
3132.01.06,"Operador de instalaciones, depuración de agua",8
3132.01.07,"Operador de instalaciones, estación de bombeo / agua",8
3132.01.08,"Operador de instalaciones, filtraciones de agua",8
3132.01.09,"Operador de instalaciones, incineración / residuos",8
3132.01.10,"Operador de instalaciones, refrigeración",8
3132.01.11,"Operador de instalaciones, tratamiento de aguas servidas",8
3132.01.12,"Operador de instalaciones, ventilación",8
3132.01.13,"Operador de máquina, producción / hielo",8
3132.01.14,"Operador en la fabricación de hielo",8
3132.01.15,"Operador, canal de desenlodamiento",8
3132.01.16,"Operador, compresor de aire",8
3132.01.17,"Operador, compresor de gas",8
3132.01.18,"Operador, congelador",8
3132.01.19,"Operador, estación de bombeo / excepto petróleo y gas natural",8
3132.01.20,"Operador, estanque de decantación",8
3132.01.21,"Operador, válvulas de desagüe / embalses",8
3133,"CONTROLADORES DE INSTALACIONES DE PROCESAMIENTO DE PRODUCTOS QUÍMICOS",4
3133.01,"Controladores de instalaciones de procesamiento de productos químicos",6
3133.01.01,"Controlador de instalaciones de procesamiento de productos químicos",8
3133.01.02,"Operador de planta química - tratamiento térmico",8
3133.01.03,"Operador de equipos de separación y productos químicos de filtrado",8
3133.01.04,"Operador reactor químico",8
3133.01.05,"Técnico proceso químico",8
3134,"OPERADORES DE INSTALACIONES DE REFINACIÓN DE PETRÓLEO Y GAS NATURAL",4
3134.01,"Operadores de instalaciones de refinación de petróleo y gas natural",6
3134.01.01,"Llenador con gas carbónico líquido",8
3134.01.02,"Llenador de tanques de gas licuado de petróleo",8
3134.01.03,"Llenador de tanques de oxígeno",8
3134.01.04,"Medidor de tanques de producción de hidrocarburos",8
3134.01.05,"Operador de compresor de gas",8
3134.01.06,"Operador de compresora de procesamiento de gas",8
3134.01.07,"Operador de destilería, refinación / petróleo y gas natural",8
3134.01.08,"Operador de escape de gas de carbón",8
3134.01.09,"Operador de gascón y merox (para la obtención y purificación del gas licuado y gasolina)",8
3134.01.10,"Operador de horno de refinación de petróleo",8
3134.01.11,"Operador de instalaciones, de sulfuramiento / petróleo y gas natural",8
3134.01.12,"Operador de instalaciones, separación de la parafina / refinación de petróleo y gas natural",8
3134.01.13,"Operador de inyectora de tetra-etilo de plomo, gas butano y colorante (a las gasolinas para obtener mayor octanaje)",8
3134.01.14,"Operador de la planta de gas licuado y/o regasificado",8
3134.01.15,"Operador de máquina endulzadora de gas",8
3134.01.16,"Operador de planta de fraccionamiento de petróleo",8
3134.01.17,"Operador de planta de gas",8
3134.01.18,"Operador de planta de parafina",8
3134.01.19,"Operador de planta de hidrógeno",8
3134.01.20,"Operador de planta de licuado",8
3134.01.21,"Operador de planta de reformación (petróleo) (se extrae la gasolina de avión a partir del kerosén)",8
3134.01.22,"Operador de planta petrolera",8
3134.01.23,"Operador de proceso de petróleo",8
3134.01.24,"Operador de refinería de petróleo",8
3134.01.25,"Operador de tuberías de gas",8
3134.01.26,"Operador, cuadro de control / refinación (petróleo y gas natural)",8
3134.01.27,"Operador, estación de bombeo / refinación (petróleo y gas natural)",8
3134.01.28,"Operador, máquina de bombeo / petróleo y gas natural",8
3134.01.29,"Operador, tanques mezcladores / refinación de petróleo y gas natural (etilo)",8
3134.01.30,"Técnico en el proceso de refinería",8
3135,"CONTROLADORES DE PROCESOS DE PRODUCCIÓN DE METALES",4
3135.01,"Controladores de procesos de producción de metales",6
3135.01.01,"Controlador de central de rueda",8
3135.01.02,"Operador de control de tratamiento de metal",8
3135.01.03,"Operador de control de trenes de laminación",8
3135.01.04,"Operador de horno de explosión",8
3139,"TÉCNICOS EN CONTROL DE PROCESOS NO CLASIFICADOS BAJO OTROS EPÍGRAFES",4
3139.01,"Técnicos en control de procesos no clasificados bajo otros epígrafes",6
3139.01.01,"Controlador de robot industrial",8
3139.01.02,"Operador de línea de montaje automatizado",8
3139.01.03,"Operador de refinería de pasta de papel",8
314,"TÉCNICOS Y PROFESIONALES DE NIVEL MEDIO EN CIENCIAS BIOLÓGICAS Y AFINES",3
3141,"TÉCNICOS EN CIENCIAS BIOLÓGICAS (EXCLUYENDO LA MEDICINA)",4
3141.01,"Técnicos en ciencias biológicas (excluyendo la medicina)",6
3141.01.01,"Asistente de microbiólogo",8
3141.01.02,Disecador-taxidermista,8
3141.01.03,"Jefe Técnico, ciencias biológicas",8
3141.01.04,"Técnico de ciencias biológicas",8
3141.01.05,"Técnico de investigaciones biológicas",8
3141.01.06,"Técnico, anatomía",8
3141.01.07,"Técnico, biofísica",8
3141.01.08,"Técnico, bioquímica",8
3141.01.09,"Técnico, botánica",8
3141.01.10,"Técnico, cultivo de tejido",8
3141.01.11,"Técnico, ecología",8
3141.01.12,"Técnico, fisiología",8
3141.01.13,"Técnico, genética",8
3141.01.14,"Técnico, hematología",8
3141.01.15,"Técnico, herbario",8
3141.01.16,"Técnico, histología",8
3141.01.17,"Técnico, piscicultura",8
3141.01.18,"Técnico, serología",8
3141.01.19,"Técnico, tejidos",8
3141.01.20,"Técnico, zoología",8
3141.01.21,"Técnico, zootécnico",8
3141.01.22,"Tecnólogo de histología",8
3141.01.23,"Tecnólogo médico",8
3142,"TÉCNICOS AGROPECUARIOS",4
3142.01,"Técnicos agropecuarios",6
3142.01.01,"Asesor técnico agropecuario",8
3142.01.02,"Auxiliar técnico de campo",8
3142.01.03,"Extensionista agrícola",8
3142.01.04,"Extensionista agropecuario forestal",8
3142.01.05,"Laboratorista de granos y harinas",8
3142.01.06,"Laboratorista de suelos",8
3142.01.07,"Perito agrícola",8
3142.01.08,"Capador de rebaño",8
3142.01.09,"Promotor agrario",8
3142.01.10,"Técnico agrónomo",8
3142.01.11,"Técnico agrónomo, suelos",8
3142.01.12,"Técnico agropecuario",8
3142.01.13,"Técnico de productos lácteos",8
3142.01.14,"Técnico en acuicultura",8
3142.01.15,"Técnico en agricultura intensiva",8
3142.01.16,"Técnico en agricultura ornamental",8
3142.01.17,"Técnico en apicultura",8
3142.01.18,"Técnico en avicultura",8
3142.01.19,"Técnico en café (Caficultor)",8
3142.01.20,"Técnico en cultivos de campo",8
3142.01.21,"Técnico en fumigaciones y desinfección",8
3142.01.22,"Técnico en riego",8
3142.01.23,"Técnico especialista en agricultura",8
3142.01.24,"Técnico evaluador agrícola",8
3142.01.25,"Técnico fertilizador",8
3142.01.26,"Técnico fruticultor",8
3142.01.27,"Técnico, horticultura",8
3142.01.28,"Técnico, investigaciones / cosechas",8
3142.01.29,"Técnico, oleicultura",8
3142.01.30,"Técnico, pomología",8
3143,"TÉCNICOS FORESTALES",4
3143.01,"Técnicos forestales",6
3143.01.01,"Técnico agroforestal",8
3143.01.02,"Técnico, arboricultura",8
3143.01.03,"Técnico, floricultura",8
3143.01.04,"Técnico, forestal (perito)",8
3143.01.05,"Técnico, maderero",8
3143.01.06,"Técnico, silvicultura",8
3143.01.07,"Tecnólogo en plantaciones forestales",8
315,"TÉCNICOS Y CONTROLADORES EN NAVEGACIÓN MARÍTIMA Y AERONÁUTICA",3
3151,"OFICIALES MAQUINISTAS EN NAVEGACIÓN",4
3151.01,"Oficiales maquinistas en navegación",6
3151.01.01,"Cuarto oficial, maquinista / barco",8
3151.01.02,"Ingeniero de buques",8
3151.01.03,"Inspector técnico, marina / mercante",8
3151.01.04,"Jefe de máquinas, barco",8
3151.01.05,"Jefe de máquinas, buque",8
3151.01.06,"Oficial maquina, remolcador",8
3151.01.07,"Oficial maquinista, barco",8
3151.01.08,"Oficial maquinista, navegación",8
3151.01.09,"Oficial, navegación",8
3151.01.10,"Primer oficial, maquinista/ barco",8
3151.01.11,"Segundo oficial maquinista / barco",8
3151.01.12,"Superintendente técnico, marina mercante",8
3151.01.13,"Tercer oficial, maquinista / barco",8
3152,"CAPITANES, OFICIALES DE CUBIERTA Y PRÁCTICOS",4
3152.01,"Capitanes, oficiales de cubierta y prácticos",6
3152.01.01,"Capitán, altura",8
3152.01.02,"Capitán, barco",8
3152.01.03,"Capitán, barco / navegación fluvial o lacustre",8
3152.01.04,"Capitán, barco / navegación marítima",8
3152.01.05,"Capitán, buque",8
3152.01.06,"Capitán, costero",8
3152.01.07,"Capitán, embarcación",8
3152.01.08,"Capitán, embarcación pesquera",8
3152.01.09,"Capitán, embarcación turística",8
3152.01.10,"Capitán, marina mercante",8
3152.01.11,"Capitán, navío mercante",8
3152.01.12,"Capitán, panga",8
3152.01.13,"Capitán, puerto",8
3152.01.14,"Capitán, remolcador",8
3152.01.15,"Capitán, yate",8
3152.01.16,"Comandante, barco / navegación interior",8
3152.01.17,"Jefe de flota de barcos pesqueros",8
3152.01.18,"Jefe de maniobras en puerto",8
3152.01.19,"Marino mercante",8
3152.01.20,"Oficial, cubierta",8
3152.01.21,"Oficial, cubierta remolcador",8
3152.01.22,"Oficial, embarcación mercante",8
3152.01.23,"Patrón, barco / navegación interior",8
3152.01.24,"Patrón, barco / navegación marítima",8
3152.01.25,"Patrón, puerto",8
3152.01.26,"Patrón, yate",8
3152.01.27,"Piloto timonel",8
3152.01.28,"Piloto, aerodeslizador",8
3152.01.29,"Piloto, barco",8
3152.01.30,"Piloto, costero",8
3152.01.31,"Piloto, hidroplano",8
3152.01.32,"Piloto-práctico, navegación",8
3152.01.33,"Práctico, puerto",8
3152.01.34,"Práctico, rio",8
3152.01.35,"Superintendente, armamento / cubierta (buques)",8
3153,"PILOTOS DE AVIACIÓN Y AFINES",4
3153.01,"Pilotos de aviación y afines",6
3153.01.01,"Capitán de aeronave",8
3153.01.02,"Comandante de avión",8
3153.01.03,"Comandante, aeronave",8
3153.01.04,"Copiloto, aeronave",8
3153.01.05,"Copiloto, avión",8
3153.01.06,"Ingeniero de vuelo",8
3153.01.07,"Instructor, vuelo",8
3153.01.08,"Navegador de vuelo",8
3153.01.09,"Oficial mecánico, vuelo",8
3153.01.10,"Oficial navegante, aeronave",8
3153.01.11,"Piloto de avión",8
3153.01.12,"Piloto de avión excepto transportes aéreos",8
3153.01.13,"Piloto de transporte aéreo",8
3153.01.14,"Piloto rociador",8
3153.01.15,"Piloto, aeronave",8
3153.01.16,"Piloto, avioneta fumigación",8
3153.01.17,"Piloto, helicóptero",8
3153.01.18,"Piloto, hidroavión",8
3153.01.19,"Piloto, instructor",8
3153.01.20,"Piloto, pruebas / aeronáutica",8
3153.01.21,"Pulverizador, área de cultivos",8
3154,"CONTROLADORES DE TRÁFICO AÉREO",4
3154.01,"Controladores de tráfico aéreo",6
3154.01.01,"Controlador, tráfico aéreo",8
3154.01.02,"Jefe de torre de control, aeropuerto",8
3154.01.03,"Supervisor de radio, comunicación aérea",8
3155,"TÉCNICOS EN SEGURIDAD AERONÁUTICA",4
3155.01,"Técnicos en seguridad aeronáutica",6
3155.01.01,"Ingeniero, seguridad / tráfico aéreo",8
3155.01.02,"Técnico en información aeronáutica",8
3155.01.03,"Técnico, seguridad / tráfico aéreo",8
32,"PROFESIONALES DE NIVEL MEDIO DE LA SALUD",2
321,"TÉCNICOS MÉDICOS Y FARMACÉUTICOS",3
3211,"TÉCNICOS DE APARATOS DE DIAGNÓSTICO Y TRATAMIENTO MÉDICO",4
3211.01,"Técnicos de aparatos de diagnóstico y tratamiento médico",6
3211.01.01,"Asistente de técnico en radiología médica",8
3211.01.02,Ecografísta,8
3211.01.03,Mamografísta,8
3211.01.04,"Médico radioterapeuta",8
3211.01.05,"Operador, audiometría",8
3211.01.06,"Operador, electrocardiografía",8
3211.01.07,"Operador, electroencefalografía (técnico)",8
3211.01.08,"Operador, escáner",8
3211.01.09,"Operador, escáner / óptica",8
3211.01.10,"Operador, radiografía",8
3211.01.11,"Operador, rayos X (técnico)",8
3211.01.12,Radiógrafo,8
3211.01.13,"Técnico de anestesiología",8
3211.01.14,"Técnico de rayos láser",8
3211.01.15,"Técnico en medicina nuclear",8
3211.01.16,"Técnico en radiología médica",8
3211.01.17,"Técnico en resonancia magnética",8
3211.01.18,"Técnico en ultrasonido",8
3211.01.19,"Tecnólogo en medicina nuclear",8
3212,"TÉCNICOS DE LABORATORIOS MÉDICOS",4
3212.01,"Técnicos de laboratorios médicos",6
3212.01.01,"Técnico de laboratorio de patología",8
3212.01.02,"Técnico en laboratorio de análisis clínicos",8
3212.01.03,"Técnico, bacteriología",8
3212.01.04,"Técnico, bancos de sangre",8
3212.01.05,"Técnico, ciencias médicas",8
3212.01.06,"Técnico, citología",8
3212.01.07,"Técnico, patología",8
3213,"TÉCNICOS Y ASISTENTES FARMACÉUTICOS",4
3213.01,"Técnicos y asistentes farmacéuticos",6
3213.01.01,"Asistente, farmacéutico",8
3213.01.02,"Auxiliar farmacéutico",8
3213.01.03,"Técnico, farmacia",8
3213.01.04,"Técnico, farmacología",8
3214,"TÉCNICOS DE PRÓTESIS MÉDICAS Y DENTALES",4
3214.01,"Técnicos de prótesis médicas y dentales",6
3214.01.01,"Fabricante de instrumentos quirúrgicos",8
3214.01.02,Ortésico,8
3214.01.03,Protésico,8
3214.01.04,"Protésico dental",8
3214.01.05,"Técnico dental",8
3214.01.06,"Técnico mecánico de prótesis ortopédico",8
3214.01.07,"Técnico ortopédico",8
3214.01.08,"Técnico osteópata",8
3214.01.09,"Técnico prótesis",8
3214.01.10,"Técnico radio terapéutico",8
3214.01.11,"Terapeuta físico",8
322,"PROFESIONALES DE NIVEL MEDIO DE ENFERMERÍA Y PARTERÍA",3
3221,"PROFESIONALES DE NIVEL MEDIO DE ENFERMERÍA",4
3221.01,"Profesionales de nivel medio de enfermería",6
3221.01.01,"Asistente de enfermera",8
3221.01.02,"Auxiliar de cirugía (instrumentista)",8
3221.01.03,"Auxiliar de enfermería",8
3221.01.04,"Enfermera/o comunitaria",8
3221.01.05,"Enfermera/o especialista",8
3221.01.06,"Enfermera/o industrial",8
3221.01.07,"Enfermera/o intensivista",8
3221.01.08,"Enfermera/o jefe, nivel medio",8
3221.01.09,"Enfermera/o militar",8
3221.01.10,"Enfermera/o  profesional asociada",8
3221.01.11,"Enfermera/o  quirúrgica",8
3221.01.12,"Enfermera/o  religiosa",8
3221.01.13,"Enfermera/o, nivel medio",8
3221.01.14,"Enfermera/o, nivel medio / anestesia",8
3221.01.15,"Enfermera/o, nivel medio / clínica",8
3221.01.16,"Enfermera/o, nivel medio / escuela",8
3221.01.17,"Enfermera/o, nivel medio / maternidad",8
3221.01.18,"Enfermera/o, nivel medio / obstetricia",8
3221.01.19,"Enfermera/o, nivel medio / ortopedia",8
3221.01.20,"Enfermera/o, nivel medio / pediatría",8
3221.01.21,"Enfermera/o, nivel medio / psiquiatría",8
3221.01.22,"Enfermera/o, nivel medio / visitas a domicilio",8
3221.01.23,"Enfermero/o, ambulancia",8
3221.01.24,"Enfermera/o en hospital",8
3221.01.25,"Enfermera/o en salud pública",8
3221.01.26,"Enfermero/o salud ocupacional",8
3221.01.27,"Hermana, enfermera / nivel medio",8
3221.01.28,"Practicante enfermería",8
3221.01.29,"Técnico, enfermería",8
3221.01.30,"Tecnólogo, enfermería",8
3222,"PROFESIONALES DE NIVEL MEDIO DE PARTERÍA",4
3222.01,"Profesionales de nivel medio de partería",6
3222.01.01,"Asistente de partera",8
3222.01.02,"Partera profesional asociada",8
3222.01.03,"Partera tradicional",8
3222.01.04,"Partera, nivel medio",8
323,"PROFESIONALES DE NIVEL MEDIO DE MEDICINA TRADICIONAL Y ALTERNATIVA",3
3230,"PROFESIONALES DE NIVEL MEDIO DE MEDICINA TRADICIONAL Y ALTERNATIVA",4
3230.01,"Profesionales de nivel medio de medicina tradicional y alternativa",6
3230.01.01,Brujo,8
3230.01.02,Curandero,8
3230.01.03,"Curandero, aldea",8
3230.01.04,"Curandero, pueblo",8
3230.01.05,"Curandero, religioso",8
3230.01.06,"Curandero, tratamiento sin medicamento",8
3230.01.07,Herbolario,8
3230.01.08,Huesero,8
3230.01.09,"Técnico, homeopatía",8
3230.01.10,"Técnico, naturista",8
324,"TÉCNICOS Y ASISTENTES VETERINARIOS",3
3240,"TÉCNICOS Y ASISTENTES VETERINARIOS",4
3240.01,"Técnicos y asistentes veterinarios",6
3240.01.01,"Asistente veterinario",8
3240.01.02,"Enfermera/o veterinario",8
3240.01.03,"Técnico veterinario",8
3240.01.04,"Técnico veterinario, inseminación artificial",8
3240.01.05,"Vacunador, veterinario",8
3240.01.06,"Vacunador, veterinario / aves de granja",8
325,"OTROS PROFESIONALES DE NIVEL MEDIO DE LA SALUD",3
3251,"DENTISTAS AUXILIARES Y AYUDANTES DE ODONTOLOGÍA",4
3251.01,"Dentistas auxiliares y ayudantes de odontología",6
3251.01.01,"Asistente de odontólogo",8
3251.01.02,"Asistente dental",8
3251.01.03,"Ayudante, consultorio dental",8
3251.01.04,"Ayudante, dentista",8
3251.01.05,"Ayudante, odontología",8
3251.01.06,"Asistente dentista, escuelas",8
3251.01.07,"Auxiliar, dentista",8
3251.01.08,"Higienista dental",8
3251.01.09,"Higienista, profilaxia",8
3251.01.10,"Terapeuta dental",8
3252,"TÉCNICOS EN DOCUMENTACIÓN SANITARIA",4
3252.01,"Técnicos en documentación sanitaria",6
3252.01.01,"Analista de registros médicos",8
3252.01.02,"Codificador de clínica",8
3252.01.03,"Empleado de registros médicos",8
3252.01.04,"Secretario de la información de salud",8
3252.01.05,"Supervisor de la unidad de registros médicos",8
3252.01.06,"Técnico de registro de enfermedades",8
3252.01.07,"Técnico de registros médicos",8
3252.01.08,"Técnicos en documentación sanitaria",8
3253,"TRABAJADORES COMUNITARIOS DE LA SALUD",4
3253.01,"Trabajadores comunitarios de la salud",6
3253.01.01,"Auxiliar de salud comunitaria",8
3253.01.02,"Promotor de salud comunitario",8
3253.01.03,"Trabajador comunitario de salud",8
3253.01.04,"Trabajador de salud de pueblo",8
3254,"TÉCNICOS EN OPTOMETRÍA Y ÓPTICOS",4
3254.01,"Técnicos en optometría y ópticos",6
3254.01.01,"Laboratorista óptico",8
3254.01.02,Óptico,8
3254.01.03,"Óptico de dispensación",8
3254.01.04,"Óptico, anteojos",8
3254.01.05,"Óptico, lentes de contacto",8
3254.01.06,"Óptico, oftalmología",8
3254.01.07,"Técnico oculista",8
3255,"TÉCNICOS Y ASISTENTES FISIOTERAPEUTAS",4
3255.01,"Técnicos y asistentes fisioterapeutas",6
3255.01.01,"Asistente de fisioterapia",8
3255.01.02,"Técnico de fisioterapia",8
3255.01.03,"Técnico de rehabilitación física",8
3255.01.04,"Técnico, gimnasia médica",8
3255.01.05,"Técnico, readaptación profesional",8
3255.01.06,"Terapeuta de acupresión",8
3255.01.07,"Terapeuta de masajes",8
3255.01.08,"Terapeuta de shiatsu",8
3255.01.09,"Terapeuta, readaptación física",8
3255.01.10,"Terapeuta, readaptación profesional",8
3256,"PRACTICANTES Y ASISTENTES MÉDICOS",4
3256.01,"Practicantes y asistentes médicos",6
3256.01.01,"Asistente clínico",8
3256.01.02,"Asistente de oftalmología",8
3256.01.03,"Asistente medicina legal",8
3256.01.04,"Asistente médico",8
3256.01.05,"Asistente médico, planificación familiar",8
3256.01.06,"Instrumentista médico",8
3256.01.07,"Practicante de medicina",8
3257,"INSPECTORES DE LA SALUD LABORAL, MEDIOAMBIENTAL Y AFINES",4
3257.01,"Inspectores de la salud laboral, medioambiental y afines",6
3257.01.01,Higienista,8
3257.01.02,"Inspector de calidad de medicamentos",8
3257.01.03,"Inspector de higiene municipal",8
3257.01.04,"Inspector de la contaminación",8
3257.01.05,"Inspector de salud",8
3257.01.06,"Inspector de seguridad de higiene alimentaria",8
3257.01.07,"Inspector de seguridad y salud ocupacional",8
3257.01.08,"Inspector, sanidad",8
3257.01.09,"Inspector, control de calidad",8
3257.01.10,"Inspector, seguridad / productos",8
3257.01.11,"Inspector, seguridad y salud",8
3257.01.12,"Inspector, seguridad y salud / contaminación del medio ambiente",8
3257.01.13,"Inspector, seguridad y salud / cuidados a los niños",8
3257.01.14,"Inspector, seguridad y salud / electricidad",8
3257.01.15,"Inspector, seguridad y salud / establecimientos",8
3257.01.16,"Inspector, seguridad y salud / fábricas",8
3257.01.17,"Inspector, seguridad y salud / protección de los consumidores",8
3257.01.18,"Inspector, seguridad y salud / seguridad industrial",8
3257.01.19,"Inspector, seguridad y salud / tiendas y comercios",8
3257.01.20,"Inspector, seguridad y salud / trabajo",8
3257.01.21,"Inspector, seguridad y salud / tratamiento de desechos industriales",8
3257.01.22,"Inspector, seguridad y salud / vehículos",8
3257.01.23,"Inspector, vehículos / especificaciones técnicas",8
3257.01.24,"Oficial de salud ambiental",8
3257.01.25,"Revisor, tejidos",8
3257.01.26,"Revisor, telas",8
3257.01.27,"Revisor-inspector, calidad",8
3257.01.28,"Revisor-probador, máquinas",8
3257.01.29,"Técnico en proyectos reciclaje escuelas/colegios",8
3257.01.30,"Técnico en seguridad y salud ocupacional",8
3258,"AYUDANTES DE AMBULANCIAS",4
3258.01,"Ayudantes de ambulancias",6
3258.01.01,Ambulanciero,8
3258.01.02,"Ayudante, ambulancia",8
3258.01.03,Camillero,8
3258.01.04,"Oficial de ambulancia",8
3258.01.05,"Paramédico de ambulancia",8
3258.01.06,"Paramédico de emergencia",8
3258.01.07,"Técnico en emergencias médicas",8
3259,"PROFESIONALES DE LA SALUD DE NIVEL MEDIO NO CLASIFICADOS BAJO OTROS EPÍGRAFES",4
3259.01,"Profesionales de la salud de nivel medio no clasificados bajo otros epígrafes",6
3259.01.01,"Consejero Planificación familiar",8
3259.01.02,"Consejero VIH",8
3259.01.03,"Operario vacunación",8
3259.01.04,Quiropráctico,8
3259.01.05,Reflexólogo,8
3259.01.06,Socorrista,8
3259.01.07,"Técnico, ergoterapia",8
3259.01.08,"Técnico, orientación de ciegos",8
3259.01.09,"Técnico, ortofonía",8
3259.01.10,"Técnico, ortóptica",8
3259.01.11,"Técnico, terapéutica de las dislalias",8
3259.01.12,"Técnico, terapia respiratoria",8
3259.01.13,"Terapista en audición y lenguaje",8
33,"PROFESIONALES DE NIVEL MEDIO EN OPERACIONES FINANCIERAS Y ADMINISTRATIVAS",2
331,"PROFESIONALES DE NIVEL MEDIO EN FINANZAS Y MATEMÁTICAS",3
3311,"AGENTES DE BOLSA, CAMBIO Y OTROS SERVICIOS FINANCIEROS",4
3311.01,"Agentes de bolsa, cambio y otros servicios financieros",6
3311.01.01,"Agente de acciones y cuotas",8
3311.01.02,"Agente, bolsa",8
3311.01.03,"Agente, cambio",8
3311.01.04,"Agente, finanzas",8
3311.01.05,"Asesor, inversiones",8
3311.01.06,"Corredor, acciones",8
3311.01.07,"Corredor, finanzas",8
3311.01.08,"Corredor, inversiones",8
3311.01.09,"Distribuidor, divisas",8
3311.01.10,"Distribuidor, finanzas",8
3311.01.11,"Distribuidor, valores",8
3311.01.12,"Jefe cambio de monedas",8
3311.01.13,"Distribuidor, tipo de cambio",8
3311.01.14,"Oficial de inventarios",8
3312,"OFICIALES DE PRÉSTAMO Y CRÉDITOS",4
3312.01,"Oficiales de préstamo y créditos",6
3312.01.01,"Analista de créditos",8
3312.01.02,"Oficial de préstamos y créditos",8
3312.01.03,"Oficial de hipoteca",8
3312.01.04,"Profesionales de nivel medio en operaciones financieras y comerciales, no clasificados bajo otros epígrafes",8
3313,"TENEDORES DE LIBROS",4
3313.01,"Tenedores de libros",6
3313.01.01,"Auxiliar de tesorería",8
3313.01.02,"Ayudante, contable",8
3313.01.03,"Perito mercantil",8
3313.01.04,"Tenedor de libros",8
3313.01.05,Tesorero,8
3314,"PROFESIONALES DE NIVEL MEDIO DE SERVICIOS ESTADÍSTICOS, MATEMÁTICOS Y AFINES.",4
3314.01,"Profesionales de nivel medio de servicios estadísticos, matemáticos y afines",6
3314.01.01,"Asistente actuarial",8
3314.01.02,"Asistente de estadística",8
3314.01.03,"Asistente de matemáticas",8
3314.01.04,"Asistente de muestreo",8
3314.01.05,"Auxiliar actuario",8
3314.01.06,"Auxiliar estadístico",8
3314.01.07,"Auxiliar matemático",8
3314.01.08,"Matemáticos y Afines",8
3314.01.09,"Supervisor de encuestas",8
3314.01.10,"Técnico de estadística",8
3314.01.11,"Técnico de programación estadística",8
3315,TASADORES,4
3315.01,Tasadores,6
3315.01.01,"Analista siniestros",8
3315.01.02,"Avaluador bienes",8
3315.01.03,"Avaluador negocios",8
3315.01.04,Evaluador,8
3315.01.05,"Evaluador de reclamos",8
3315.01.06,"Evaluador de seguros",8
3315.01.07,"Inspector de reclamos",8
3315.01.08,"Inspector, siniestros",8
3315.01.09,Tasador,8
3315.01.10,"Tasador de bienes raíces",8
3315.01.11,"Tasador, seguros",8
3315.01.12,"Tasador, siniestros",8
332,"AGENTES COMERCIALES Y CORREDORES",3
3321,"AGENTES DE SEGUROS",4
3321.01,"Agentes de seguros",6
3321.01.01,"Agente, seguros",8
3321.01.02,"Analista coaseguros",8
3321.01.03,"Analista reaseguros",8
3321.01.04,"Analista seguros",8
3321.01.05,Asegurador,8
3321.01.06,"Asegurador, marítimo",8
3321.01.07,"Asegurador, propiedades inmuebles",8
3321.01.08,"Asistente seguros corporativos",8
3321.01.09,"Asistente seguros pago siniestros",8
3321.01.10,"Asistente seguros pólizas",8
3321.01.11,"Corredor, seguros",8
3321.01.12,"Distribuidor, seguros",8
3321.01.13,"Jefe de ventas de seguros",8
3321.01.14,"Liquidador, reclamaciones / seguros",8
3321.01.15,"Manejador póliza",8
3321.01.16,"Negociador, seguros",8
3321.01.17,"Representante ventas seguros",8
3321.01.18,"Suscriptor, seguros",8
3321.01.19,"Técnico seguros",8
3321.01.20,"Verificador, solicitudes de indemnización",8
3322,"REPRESENTANTES COMERCIALES",4
3322.01,"Representantes comerciales",6
3322.01.01,"Agente viajero",8
3322.01.02,"Agente, ventas",8
3322.01.03,"Agente, ventas / comercio",8
3322.01.04,"Agente, ventas / industria manufacturera",8
3322.01.05,"Agente, ventas / técnico",8
3322.01.06,"Asesor comercial",8
3322.01.07,"Asesor de servicio post-venta",8
3322.01.08,"Asistente turístico",8
3322.01.09,"Consejero, servicios postventa",8
3322.01.10,"Corredor, fábrica",8
3322.01.11,"Ejecutivo de ventas",8
3322.01.12,"Inspector técnico, ventas",8
3322.01.13,"Jefe de ventas comercio mayorista",8
3322.01.14,"Representante comercial",8
3322.01.15,"Representante de fábrica",8
3322.01.16,"Representante, ventas / comercio",8
3322.01.17,"Representante ventas / equipo comunicación",8
3322.01.18,"Representante ventas / equipo construcción",8
3322.01.19,"Representante, ventas / industria manufacturera",8
3322.01.20,"Representante ventas instrumental médico",8
3322.01.21,"Representante ventas maquinaria pesada",8
3322.01.22,"Representante ventas publicidad",8
3322.01.23,"Representante ventas software",8
3322.01.24,"Representante, ventas / técnico",8
3322.01.25,"Supervisor de ventas",8
3322.01.26,"Técnico, administración de empresas",8
3322.01.27,"Técnico, administración de ventas",8
3322.01.28,"Vendedor, comercio",8
3322.01.29,"Vendedor externo",8
3322.01.30,"Vendedor, industria manufacturera",8
3322.01.31,"Vendedor servicio automotriz",8
3322.01.32,"Vendedor suministros industriales",8
3322.01.33,"Vendedor, técnico",8
3322.01.34,"Viajante, comercio",8
3322.01.35,"Visitador médico institucional",8
3323,"AGENTES DE COMPRAS",4
3323.01,"Agentes de compras",6
3323.01.01,Comprador,8
3323.01.02,"Comprador (maquinaria y equipo, materias primas, suministros para fábricas, etc.)",8
3323.01.03,"Comprador de mercaderías",8
3323.01.04,"Comprador, mercancías / comercio mayorista (maquinaria y equipo, materias primas, suministros para fábricas, etc.)",8
3323.01.05,"Comprador, mercancías / comercio minorista (maquinaria y equipo, materias primas, suministros para fábricas, etc.)",8
3323.01.06,Cotizador,8
3323.01.07,"Cotizador autos",8
3323.01.08,"Oficial de adquisiciones",8
3323.01.09,"Oficial de suministros",8
3324,"AGENTES DE COMPRAS Y CONSIGNATARIOS",4
3324.01,"Agentes de compras y consignatarios",6
3324.01.01,"Agente de compras",8
3324.01.02,"Agente de envío",8
3324.01.03,"Agente de productos básicos",8
3324.01.04,"Agente, comercial",8
3324.01.05,"Agente, compras / productos básicos",8
3324.01.06,"Agente, compras / suministros (compra de bienes y servicios por cuenta de la empresa industrial)",8
3324.01.07,"Agente, operaciones comerciales /productos básicos",8
3324.01.08,"Agente, suministros (maquinaria y equipo, materias primas, suministros para fábricas, etc.)",8
3324.01.09,"Asistente de compras (maquinaria y equipo, materias primas, suministros para fábricas, etc.)",8
3324.01.10,"Consignatario marítimo / productos básicos",8
3324.01.11,"Consignatario productos básicos",8
3324.01.12,"Distribuidor de productos básicos",8
3324.01.13,"Experto compras",8
3324.01.14,"Jefe de compras (maquinaria y equipo, materias primas, suministros para fábricas, etc.)",8
3324.01.15,"Jefe de importación - exportación (maquinaria y equipo, materias primas, suministros para fábricas, etc.)",8
333,"AGENTES DE SERVICIOS COMERCIALES",3
3331,"DECLARANTES O GESTORES DE ADUANA",4
3331.01,"Declarantes o gestores de aduana",6
3331.01.01,"Agente de compensación",8
3331.01.02,"Agente de embarque",8
3331.01.03,"Agente marítimo",8
3331.01.04,"Asistente exportaciones",8
3331.01.05,"Asistente importaciones",8
3331.01.06,"Corredor de aduana",8
3331.01.07,"Declarante, aduana",8
3331.01.08,"Despachante, aduana",8
3331.01.09,"Gestor, aduana",8
3331.01.10,"Tramitador de importaciones",8
3332,"ORGANIZADORES DE CONFERENCIAS Y EVENTOS",4
3332.01,"Organizadores de conferencias y eventos",6
3332.01.01,"Organizador de conferencias y eventos",8
3332.01.02,"Organizador festival",8
3332.01.03,"Planificador de bodas",8
3332.01.04,"Planificador de conferencias",8
3333,"AGENTES DE EMPLEO Y CONTRATISTAS DE MANO DE OBRA",4
3333.01,"Agentes de empleo y contratistas de mano de obra",6
3333.01.01,"Agente, oficina de colocación",8
3333.01.02,"Agente de empleo",8
3333.01.03,"Contratista, mano de obra",8
3333.01.04,"Funcionario de colocación de trabajo",8
3333.01.05,"Funcionario, servicio del empleo",8
3333.01.06,"Intermediario contratista mano de obra",8
3333.01.07,"Jefe de colocaciones de personal",8
3334,"AGENTES DE INMOBILIARIOS",4
3334.01,"Agentes inmobiliarios",6
3334.01.01,"Administrador, propiedades inmuebles",8
3334.01.02,"Agente inmobiliario",8
3334.01.03,"Asistente inmobiliario",8
3334.01.04,"Auxiliar fiduciaria inmobiliaria",8
3334.01.05,"Corredor de bienes raíces",8
3334.01.06,"Corredor fincas",8
3334.01.07,"Vendedor, bienes raíces",8
3339,"AGENTES DE SERVICIOS COMERCIALES NO CLASIFICADOS BAJO OTROS EPÍGRAFES",4
3339.01,"Agentes de servicios comerciales no clasificados bajo otros epígrafes",6
3339.01.01,"Agente de alfabetización",8
3339.01.02,"Agente de interpretación musical",8
3339.01.03,"Agente, deportivo",8
3339.01.04,"Agente, literario",8
3339.01.05,"Agente, musical",8
3339.01.06,"Agente, publicidad",8
3339.01.07,"Agente, servicios a las empresas",8
3339.01.08,"Agente, teatro",8
3339.01.09,"Agente, venta de publicidad espacios",8
3339.01.10,"Contratista, deportivo",8
3339.01.11,"Empresario, música",8
3339.01.12,"Empresario, teatro",8
3339.01.13,"Martillero, subasta pública",8
3339.01.14,"Promotor, deportes",8
3339.01.15,Rematador,8
3339.01.16,"Representante casting",8
3339.01.17,"Representante, servicios a las empresas",8
334,"SECRETARIOS ADMINISTRATIVOS Y ESPECIALIZADOS",3
3341,"SUPERVISORES DE SECRETARÍA",4
3341.01,"Supervisores de secretaría",6
3341.01.01,"Supervisor administrativo",8
3341.01.02,"Supervisor de entrada de datos",8
3341.01.03,"Supervisor de personal de empleados",8
3341.01.04,"Supervisor de presentación de empleados",8
3342,"SECRETARIOS JURÍDICOS",4
3342.01,"Secretarios jurídicos",6
3342.01.01,"Gerente de la práctica jurídica",8
3342.01.02,"Secretario judicial",8
3342.01.03,"Secretario legal",8
3343,"SECRETARIOS ADMINISTRATIVOS Y EJECUTIVOS",4
3343.01,"Secretarios administrativos y ejecutivos",6
3343.01.01,"Asistente administrativo",8
3343.01.02,"Asistente de correspondencia",8
3343.01.03,"Asistente recursos humanos",8
3343.01.04,"Asistente, ejecutiva",8
3343.01.05,"Asistente, personal",8
3343.01.06,"Asistente, planeación",8
3343.01.07,"Asistente, servicios generales",8
3343.01.08,"Corresponsal, nivel medio",8
3343.01.09,"Relator administrativo / actas",8
3343.01.10,"Relator, tribunales",8
3343.01.11,"Reportero tribunal",8
3343.01.12,"Secretaria bilingüe, nivel medio",8
3343.01.13,"Secretaria ejecutiva de nivel medio (secretaria general, secretaria de gerencia)",8
3343.01.14,"Secretario administrativo, administración no gubernamental",8
3343.01.15,"Secretario administrativo, administración pública",8
3343.01.16,"Secretario administrativo, comisión",8
3343.01.17,"Secretario administrativo, nivel medio",8
3343.01.18,"Secretario administrativo, servicio consular",8
3343.01.19,"Secretario de dirección, nivel medio",8
3343.01.20,"Taquígrafo de actas de nivel medio",8
3344,"SECRETARIOS MÉDICOS",4
3344.01,"Secretarios médicos",6
3344.01.01,"Auxiliar administrativo, consultorio médico",8
3344.01.02,"Secretario dental",8
3344.01.03,"Secretario de facturación",8
3344.01.04,"Secretario de patología",8
3344.01.05,"Secretario laboratorio médico",8
3344.01.06,"Secretario de sala, hospital",8
3344.01.07,"Secretario médico",8
3344.01.08,"Taquígrafo médico",8
3344.01.09,"Transcriptor médico",8
335,"AGENTES DE LA ADMINISTRACIÓN PÚBLICA PARA LA APLICACIÓN DE LA LEY Y AFINES",3
3351,"AGENTES DE ADUANA E INSPECTORES DE FRONTERAS",4
3351.01,"Agentes de aduana e inspectores de fronteras",6
3351.01.01,"Agente encargado del control de pasaportes",8
3351.01.02,"Agente, aduana",8
3351.01.03,"Agente, fronteras",8
3351.01.04,"Agente de inmigración",8
3351.01.05,"Auxiliar aduanas",8
3351.01.06,"Cabo de aduanas",8
3351.01.07,"Funcionario inmigración",8
3351.01.08,"Inspector, aduanas",8
3351.01.09,"Inspector, fronteras",8
3351.01.10,"Inspector, inmigración",8
3351.01.11,"Inspector, pasaportes",8
3351.01.12,"Inspector, policía de fronteras",8
3351.01.13,"Oficial, aduanas",8
3351.01.14,"Oficial, inmigración",8
3351.01.15,Vistaforador,8
3352,"AGENTES DE ADMINISTRACIÓN TRIBUTARIA",4
3352.01,"Agentes de administración tributaria",6
3352.01.01,"Agente, fiscal",8
3352.01.02,"Agente, fiscal / aranceles",8
3352.01.03,"Agente, fiscal / imposición",8
3352.01.04,"Funcionario, fisco",8
3352.01.05,"Inspector de impuestos",8
3352.01.06,"Inspector, hacienda",8
3352.01.07,"Inspector, tributación",8
3352.01.08,"Liquidador y revisor impuestos",8
3352.01.09,"Oficial de impuestos",8
3352.01.10,"Oficial de impuestos especiales",8
3352.01.11,"Recaudador, impuestos",8
3352.01.12,"Técnico de control fiscal / precios",8
3352.01.13,"Técnico tributario de recaudación de impuestos",8
3353,"AGENTES DE SERVICIOS DE SEGURIDAD SOCIAL",4
3353.01,"Agentes de servicios de seguridad social",6
3353.01.01,"Funcionario, derecho a prestaciones sociales",8
3353.01.02,"Funcionario, pensiones",8
3353.01.03,"Funcionario, prestaciones de desempleo",8
3353.01.04,"Funcionario, prestaciones sociales",8
3353.01.05,"Inspector de trabajo",8
3353.01.06,"Inspector, pensiones",8
3353.01.07,"Inspector, seguridad social",8
3353.01.08,"Oficial, créditos de la seguridad social",8
3353.01.09,"Oficial, pensiones",8
3353.01.10,"Oficial, prestaciones sociales",8
3354,"AGENTES DE SERVICIOS DE EXPEDICIÓN DE LICENCIAS Y PERMISOS",4
3354.01,"Agentes de servicios de expedición de licencias y permisos",6
3354.01.01,"Agente, permisos de empresa",8
3354.01.02,"Auxiliar, expedición de licencias",8
3354.01.03,"Funcionario, expedición de licencias / exportación",8
3354.01.04,"Funcionario, expedición de licencias / importación",8
3354.01.05,"Funcionario, expedición de licencias y permisos",8
3354.01.06,"Funcionario, expedición de pasaportes",8
3354.01.07,"Funcionario, inmigración",8
3354.01.08,"Funcionario, permisos de construcción",8
3354.01.09,"Inspector de vivienda",8
3355,"INSPECTORES DE POLICÍA Y DETECTIVES",4
3355.01,"Inspectores de policía y detectives",6
3355.01.01,"Agente de investigación privada",8
3355.01.02,Detective,8
3355.01.03,"Detective de la policía",8
3355.01.04,"Detective privado",8
3355.01.05,"Detective, grandes almacenes",8
3355.01.06,"Detective servicio público",8
3355.01.07,"Especialista de criminología",8
3355.01.08,"Especialista de dactiloscopia",8
3355.01.09,"Funcionario, policial investigaciones",8
3355.01.10,"Investigador, actos delictivos",8
3355.01.11,"Investigador, hechos de tránsito",8
3355.01.12,"Inspector de tránsito",8
3355.01.13,"Inspector, policía",8
3355.01.14,"Inspector de investigación delictiva",8
3355.01.15,"Oficial de investigación delictiva",8
3355.01.16,"Suboficial de investigación delictiva",8
3355.01.17,"Técnico de investigaciones / delictivas",8
3359,"AGENTES DE LA ADMINISTRACIÓN PÚBLICA PARA LA APLICACIÓN DE LA LEY Y AFINES NO CLASIFICADOS BAJO OTROS EPÍGRAFES",4
3359.01,"Agentes de la administración pública para la aplicación de la ley y afines no clasificados bajo otros epígrafes",6
3359.01.01,"Agente administrativo, administración pública",8
3359.01.02,"Agente administrativo, consulado",8
3359.01.03,"Censor público",8
3359.01.04,Cónsul,8
3359.01.05,"Funcionario, administración pública (de aduanas impuestos y afines)",8
3359.01.06,"Funcionario, consulado",8
3359.01.07,"Funcionario, defensa civil",8
3359.01.08,"Inspector, administración pública",8
3359.01.09,"Inspector, agrícola",8
3359.01.10,"Inspector, asuntos laborales",8
3359.01.11,"Inspector, control de precios",8
3359.01.12,"Inspector, defensa del consumidor",8
3359.01.13,"Inspector, forestal",8
3359.01.14,"Inspector, listas electorales",8
3359.01.15,"Inspector, pesas y medidas",8
3359.01.16,"Inspector, pesca",8
3359.01.17,"Inspector, salarios",8
3359.01.18,"Oficial, estado civil",8
3359.01.19,"Representante, electoral",8
34,"PROFESIONALES DE NIVEL MEDIO DE SERVICIOS JURÍDICOS, SOCIALES, CULTURALES Y AFINES",2
341,"PROFESIONALES DE NIVEL MEDIO DE SERVICIOS JURÍDICOS, SOCIALES Y RELIGIOSOS",3
3411,"PROFESIONALES DE NIVEL MEDIO DEL DERECHO Y SERVICIOS LEGALES Y AFINES",4
3411.01,"Profesionales de nivel medio del derecho y servicios legales y afines",6
3411.01.01,Alguacil,8
3411.01.02,"Asistente jurídico",8
3411.01.03,"Asistente juzgados tribunales y afines",8
3411.01.04,"Asistente notario",8
3411.01.05,"Auxiliar, abogacía",8
3411.01.06,"Auxiliar, agente de bolsa",8
3411.01.07,"Auxiliar, bufete / abogado",8
3411.01.08,"Auxiliar, escribanía / transferencia de bienes raíces",8
3411.01.09,"Auxiliar, juzgados",8
3411.01.10,"Auxiliar, tribunal",8
3411.01.11,"Empleado, legal",8
3411.01.12,"Empleado, traspaso",8
3411.01.13,"Empleado, servicios jurídicos",8
3411.01.14,"Evaluador, seguros / primas",8
3411.01.15,"Notificador (Requerimientos Judiciales)",8
3411.01.16,"Oficial, sala de tribunales",8
3411.01.17,"Pasante, abogado",8
3411.01.18,"Pasante, escribano",8
3411.01.19,"Pasante, notario",8
3411.01.20,"Redactor, pólizas / seguros",8
3411.01.21,"Registrador sociedades",8
3411.01.22,"Secretario de la Corte",8
3411.01.23,"Secretario del Juez",8
3411.01.24,"Secretario del Tribunal",8
3411.01.25,Sustanciador,8
3411.01.26,"Tecnólogo investigación judicial",8
3411.01.27,"Tramitador pasaportes",8
3411.01.28,"Vendedora de traspaso",8
3412,"TRABAJADORES Y ASISTENTES SOCIALES DE NIVEL MEDIO",4
3412.01,"Trabajadores y asistentes sociales de nivel medio",6
3412.01.01,"Agente de desarrollo comunitario",8
3412.01.02,"Animador, nivel medio / centro cultural",8
3412.01.03,"Asistente médico-social, incapacitados físicos",8
3412.01.04,"Asistente servicios sociales y comunitarios",8
3412.01.05,"Asistente social, nivel medio",8
3412.01.06,"Asistente trabajo social",8
3412.01.07,"Instructor de habilidades para la vida",8
3412.01.08,"Jefe de servicio social",8
3412.01.09,"Oficial de servicios de discapacidad",8
3412.01.10,"Promotor desarrollo comunitario",8
3412.01.11,"Promotor desarrollo social",8
3412.01.12,"Supervisor de refugio de la mujer",8
3412.01.13,"Técnico de planificación social",8
3412.01.14,"Trabajador social, nivel medio",8
3412.01.15,"Trabajador social, nivel medio / asistencia médica",8
3412.01.16,"Trabajador social, nivel medio / asistencia social",8
3412.01.17,"Trabajador social, nivel medio / bienestar social",8
3412.01.18,"Trabajador social, nivel medio / delincuencia (prevención y rehabilitación)",8
3412.01.19,"Trabajador social, nivel medio / empresa",8
3412.01.20,"Trabajador social, nivel medio / intervención de crisis",8
3412.01.21,"Trabajador social, nivel medio / protección (familia)",8
3412.01.22,"Trabajador social, nivel medio / protección (infancia)",8
3412.01.23,"Trabajador social, nivel medio / psiquiatría",8
3412.01.24,"Trabajador social, nivel medio / rehabilitación (incapacitados físicos)",8
3412.01.25,"Trabajador social, nivel medio / servicios comunitarios",8
3412.01.26,"Trabajador social, nivel medio / servicios culturales",8
3412.01.27,"Trabajador social, nivel medio / servicios de ayuda familiar",8
3412.01.28,"Trabajador social, nivel medio / servicios sociales",8
3412.01.29,"Visitador social, nivel medio",8
3413,"AUXILIARES LAICOS DE LAS RELIGIONES",4
3413.01,"Auxiliares laicos de las religiones",6
3413.01.01,Acólito,8
3413.01.02,"Asistente de filosofía",8
3413.01.03,"Asistente de teología",8
3413.01.04,"Ayudante, culto",8
3413.01.05,Diácono,8
3413.01.06,Evangelizador,8
3413.01.07,Fraile,8
3413.01.08,"Miembro, ejército de salvación",8
3413.01.09,"Monja, nivel medio",8
3413.01.10,"Monje, nivel medio",8
3413.01.11,Novicia,8
3413.01.12,"Predicador, seglar",8
3413.01.13,"Religiosos de instituciones laicas",8
3413.01.14,Seminarista,8
342,"ENTRENADORES DE DEPORTES Y APTITUD FÍSICA",3
3421,"ATLETAS Y DEPORTISTAS",4
3421.01,"Atletas y deportistas",6
3421.01.01,Ajedrecista,8
3421.01.02,Atleta,8
3421.01.03,"Automovilista, carreras",8
3421.01.04,Banderillero,8
3421.01.05,Basquetbolista,8
3421.01.06,Beisbolista,8
3421.01.07,Boxeador,8
3421.01.08,Clavadista,8
3421.01.09,"Corredor, carreras pedestres",8
3421.01.10,"Corredor, ciclista",8
3421.01.11,"Cronometrista deportivo",8
3421.01.12,"Deportista, profesional",8
3421.01.13,Esquiador,8
3421.01.14,Futbolista,8
3421.01.15,Golfista,8
3421.01.16,Jockey,8
3421.01.17,"Jugador de ajedrez",8
3421.01.18,"Jugador de billar",8
3421.01.19,"Jugador de boliche",8
3421.01.20,"Jugador de póker",8
3421.01.21,"Jugador de tenis",8
3421.01.22,Luchador,8
3421.01.23,Marchista,8
3421.01.24,Nadador,8
3421.01.25,Patinador,8
3421.01.26,"Patinador artístico",8
3421.01.27,"Picador, toros",8
3421.01.28,"Piloto carreras / automóviles",8
3421.01.29,Rejoneador,8
3421.01.30,Torero,8
3422,"ENTRENADORES INSTRUCTORES Y ÁRBITROS DE ACTIVIDADES DEPORTIVAS",4
3422.01,"Entrenadores instructores y árbitros de actividades deportivas",6
3422.01.01,"Arbitro deportivo",8
3422.01.02,"Director técnico",8
3422.01.03,"Entrenador básquetbol",8
3422.01.04,"Entrenador béisbol",8
3422.01.05,"Entrenador voleibol",8
3422.01.06,"Entrenador, artes marciales",8
3422.01.07,"Entrenador, atletismo",8
3422.01.08,"Entrenador, boxeo",8
3422.01.09,"Entrenador, deportivo",8
3422.01.10,"Entrenador, educación física",8
3422.01.11,"Entrenador, golf",8
3422.01.12,"Entrenador, hockey",8
3422.01.13,"Entrenador, juegos",8
3422.01.14,"Entrenador, lucha",8
3422.01.15,"Entrenador, patinaje artístico",8
3422.01.16,"Entrenador, yoga",8
3422.01.17,"Funcionario organización deportiva",8
3422.01.18,"Instructor de natación",8
3422.01.19,"Instructor de sky",8
3422.01.20,"Juez, boxeo",8
3422.01.21,"Juez, cancha",8
3422.01.22,"Juez, línea",8
3422.01.23,"Juez, patinaje artístico",8
3422.01.24,"Juez, salida / carreras",8
3422.01.25,"Oficial, deportivo",8
3423,"INSTRUCTORES DE EDUCACIÓN FÍSICA Y ACTIVIDADES RECREATIVAS",4
3423.01,"Instructores de educación física y actividades recreativas",6
3423.01.01,"Acondicionador físico",8
3423.01.02,"Entrenador personal",8
3423.01.03,"Guía de aventura al aire libre",8
3423.01.04,"Instructor de aeróbicos",8
3423.01.05,"Instructor de buceo bajo el agua",8
3423.01.06,"Instructor de deportes",8
3423.01.07,"Instructor de equitación",8
3423.01.08,"Instructor de gimnasio",8
3423.01.09,"Instructor, navegación / vela",8
3423.01.10,"Instructor gimnasia",8
3423.01.11,"Monitor, cultura física",8
3423.01.12,"Preparador físico deportes",8
3423.01.13,"Profesional, nivel medio / deportes",8
3423.01.14,"Profesor, ajedrez",8
3423.01.15,"Profesor, billar",8
3423.01.16,"Profesor, bridge",8
343,"PROFESIONALES DE NIVEL MEDIO EN ACTIVIDADES CULTURALES, ARTÍSTICAS Y CULINARIAS",3
3431,FOTÓGRAFOS,4
3431.01,Fotógrafos,6
3431.01.01,Fotógrafo,8
3431.01.02,"Fotógrafo, aéreo",8
3431.01.03,"Fotógrafo, arquitectura",8
3431.01.04,"Fotógrafo, científico",8
3431.01.05,"Fotógrafo, comercial",8
3431.01.06,"Fotógrafo, forense",8
3431.01.07,"Fotógrafo, ilustración comercial",8
3431.01.08,"Fotógrafo, industrial",8
3431.01.09,"Fotógrafo, médico",8
3431.01.10,"Fotógrafo, microfilmación",8
3431.01.11,"Fotógrafo, microfotografía",8
3431.01.12,"Fotógrafo, modas",8
3431.01.13,"Fotógrafo, policía",8
3431.01.14,"Fotógrafo, prensa",8
3431.01.15,"Fotógrafo, publicitario",8
3431.01.16,"Fotógrafo, retratista",8
3432,"DISEÑADORES Y DECORADORES DE INTERIOR",4
3432.01,"Diseñadores y decoradores de interior",6
3432.01.01,"Artista en vidrio de colores",8
3432.01.02,"Artista gráfico",8
3432.01.03,"Artista plástico",8
3432.01.04,"Auxiliar diseño gráfico",8
3432.01.05,"Ayudante de decorador de interiores",8
3432.01.06,"Ayudante de diseñador",8
3432.01.07,"Ayudante de diseñador de modas",8
3432.01.08,Blasonista,8
3432.01.09,"Decorador proyectista, cine y teatro",8
3432.01.10,"Decorador, aparadores",8
3432.01.11,"Decorador, escaparates",8
3432.01.12,"Decorador, exposiciones",8
3432.01.13,"Decorador, hilado",8
3432.01.14,"Decorador, interiores",8
3432.01.15,"Decorador, jardines",8
3432.01.16,"Decorador, mostrador",8
3432.01.17,"Decorador, papel tapiz",8
3432.01.18,"Decorador, porcelana y vidrio",8
3432.01.19,"Decorador, publicitario",8
3432.01.20,"Decorador, vitrinas",8
3432.01.21,"Dibujante animador diseño gráfico",8
3432.01.22,"Dibujante comercial",8
3432.01.23,"Dibujante, carteles",8
3432.01.24,"Dibujante, ilustraciones",8
3432.01.25,"Dibujante, interiores",8
3432.01.26,"Dibujante, moda",8
3432.01.27,"Diseñador, decoración de interiores",8
3432.01.28,"Diseñador, decorador",8
3432.01.29,"Diseñador, decorador / escenarios de teatro",8
3432.01.30,"Diseñador, interiores",8
3432.01.31,Escenógrafo,8
3432.01.32,Heraldista,8
3432.01.33,Ilustrador,8
3432.01.34,"Proyectista espacios para venta",8
3432.01.35,"Técnico diseño interiores",8
3432.01.36,Tramoyista,8
3433,"TÉCNICOS EN GALERÍAS DE ARTE, MUSEOS Y BIBLIOTECAS",4
3433.01,"Técnicos en galerías de arte, museos y bibliotecas",6
3433.01.01,"Técnico de biblioteca",8
3433.01.02,"Técnico de galería",8
3433.01.03,"Técnico de museo",8
3434,CHEFS,4
3434.01,Chefs,6
3434.01.01,Chef,8
3434.01.02,"Chef de pastelería",8
3434.01.03,"Chef ejecutivo",8
3434.01.04,"Jefe de cocina",8
3435,"OTROS PROFESIONALES DE NIVEL MEDIO EN ACTIVIDADES CULTURALES Y ARTÍSTICAS",4
3435.01,"Otros profesionales de nivel medio en actividades culturales y artísticas",6
3435.01.01,Apuntador,8
3435.01.02,"Artista de trucos",8
3435.01.03,"Consejero de artista",8
3435.01.04,"Coordinador de especialistas",8
3435.01.05,"Coordinador de programa (radiodifusión)",8
3435.01.06,"Director de escena",8
3435.01.07,"Jefe de sala (radiodifusión)",8
3435.01.08,"Pintor, tatuajes (Tatuador)",8
3435.01.09,"Técnico de efectos especiales",8
3435.01.10,"Técnico de luces",8
3435.01.11,"Técnico, teatro",8
3435.01.12,"Tocador teatral",8
35,"TÉCNICOS DE LA TECNOLOGÍA DE LA INFORMACIÓN Y LAS COMUNICACIONES",2
351,"TÉCNICOS EN OPERACIONES DE TECNOLOGÍA DE LA INFORMACIÓN Y LAS COMUNICACIONES Y ASISTENCIA AL USUARIO",3
3511,"TÉCNICOS EN OPERACIONES DE TECNOLOGÍA DE LA INFORMACIÓN Y LAS COMUNICACIONES",4
3511.01,"Técnicos en operaciones de tecnología de la información y las comunicaciones",6
3511.01.01,"Operador de ordenador electrónico",8
3511.01.02,"Operador, equipos informáticos / unidades periféricas",8
3511.01.03,"Técnicos, control de equipos informáticos",8
3511.01.04,"Técnicos, control de equipos informáticos / procesamiento de datos (pupitre)",8
3512,"TÉCNICOS EN ASISTENCIA AL USUARIO DE TECNOLOGÍA DE LA INFORMACIÓN Y LAS COMUNICACIONES",4
3512.01,"Técnicos en asistencia al usuario de tecnología de la información y las comunicaciones",6
3512.01.01,"Asistente, análisis de sistemas informáticos",8
3512.01.02,"Asistente, comunicaciones",8
3512.01.03,"Asistente, ingeniería en computadoras",8
3512.01.04,"Asistente, ordenador base de datos",8
3512.01.05,"Técnico, análisis informático",8
3512.01.06,"Técnico, computadoras",8
3512.01.07,"Técnico, programación informática / comunicaciones",8
3512.01.08,"Técnico, programación informática / ingeniería",8
3512.01.09,"Técnico, servicios informáticos para usuarios",8
3513,"TÉCNICOS EN REDES Y SISTEMAS DE COMPUTADORES",4
3513.01,"Técnicos en redes y sistemas de computadores",6
3513.01.01,"Programador, informática",8
3513.01.02,"Programador, informática / análisis de base de datos",8
3513.01.03,"Programador, informática / análisis de sistemas",8
3513.01.04,"Técnico en redes y sistemas de computadores",8
3513.01.05,"Técnico, equipo de redes",8
3513.01.06,"Técnico, hardware",8
3513.01.07,"Técnico, soporte de redes",8
3514,"TÉCNICOS DE LA WEB",4
3514.01,"Técnicos de la Web",6
3514.01.01,"Administrador de sitio Web",8
3514.01.02,"Técnico de Web",8
3514.01.03,Webmaster,8
352,"TÉCNICOS EN TELECOMUNICACIONES Y RADIODIFUSIÓN",3
3521,"TÉCNICOS DE RADIODIFUSIÓN Y GRABACIÓN AUDIO VISUAL",4
3521.01,"Técnicos de radiodifusión y grabación audio visual",6
3521.01.01,"Asistente de producción de medios de comunicación",8
3521.01.02,"Ayudante de dirección, cine",8
3521.01.03,"Ayudante de dirección, cinematográfica",8
3521.01.04,"Ayudante de operador de cámaras de televisión",8
3521.01.05,Camarógrafo,8
3521.01.06,"Camarógrafo, cinematógrafo",8
3521.01.07,"Camarógrafo, televisión",8
3521.01.08,Cineasta,8
3521.01.09,"Editor efectos sonido",8
3521.01.10,"Luminotécnico, televisión",8
3521.01.11,"Mezclador sonido",8
3521.01.12,"Operador de audio-visuales",8
3521.01.13,"Operador de cámara de cine",8
3521.01.14,"Operador de cámara de televisión",8
3521.01.15,"Operador de cámara de video",8
3521.01.16,"Operador de cámara estudio",8
3521.01.17,"Operador de información telefónica",8
3521.01.18,"Operador, cabina de proyección / cinematografía",8
3521.01.19,"Operador, equipo audio / radio",8
3521.01.20,"Operador, equipo audio / televisión",8
3521.01.21,"Operador, equipo de amplificación de sonido",8
3521.01.22,"Operador, equipo de difusión / telefilme",8
3521.01.23,"Operador, equipo de difusión / televisión",8
3521.01.24,"Operador, equipo de difusión / video",8
3521.01.25,"Operador, equipo de grabación",8
3521.01.26,"Operador, equipo de radio y televisión",8
3521.01.27,"Operador, equipo de sonorización, cine",8
3521.01.28,"Operador, equipo registro sonido",8
3521.01.29,"Operador, equipo transmisión",8
3521.01.30,"Operador, equipos de radiotelefonía / estaciones terrestres",8
3521.01.31,"Operador, equipos móviles de radiodifusión y televisión",8
3521.01.32,"Operador, estación emisora de radio",8
3521.01.33,"Operador, estación emisora de televisión",8
3521.01.34,"Operador, grabación de sonido / radio",8
3521.01.35,"Operador, grabación de sonido / televisión",8
3521.01.36,"Operador, grabación de sonido discos",8
3521.01.37,"Operador, luces y sonido",8
3521.01.38,"Operador, micrófonos",8
3521.01.39,"Operador, proyector cine",8
3521.01.40,"Operador, radio / navegación aérea",8
3521.01.41,"Operador, radio / navegación marítima",8
3521.01.42,"Operador, registro de sonido",8
3521.01.43,"Operador, telecomunicaciones",8
3521.01.44,"Operador, transmisores / radio",8
3521.01.45,"Operador, transmisores / televisión",8
3521.01.46,"Operador, vídeo tape",8
3521.01.47,"Operador-jefe / telecomunicaciones / tráfico",8
3521.01.48,"Operador-jefe telecomunicaciones / estación",8
3521.01.49,Radionavegante,8
3521.01.50,"Radiotelefonista estaciones terrestres",8
3521.01.51,Radiotelegrafista,8
3521.01.52,"Radiotelegrafista, navegación marítima",8
3521.01.53,"Sonidista de radio",8
3521.01.54,"Técnico, audiovisuales",8
3521.01.55,"Técnico, control máster",8
3521.01.56,"Técnico, efectos especiales",8
3521.01.57,"Técnico, efectos sonoros / cine",8
3521.01.58,"Técnico, equipo de difusión",8
3521.01.59,"Técnico, equipo de sonorización / radio",8
3521.01.60,"Técnico, equipo de sonorización / televisión",8
3521.01.61,"Técnico, equipos de grabación / cinta magnética (para grabación imagen y sonido)",8
3521.01.62,"Técnico, equipos de grabación / discos / efectos sonoros",8
3521.01.63,"Técnico, equipos de grabación / discos digitales",8
3521.01.64,"Técnico, equipos de grabación / hilo magnético",8
3521.01.65,"Técnico, equipos de grabación / sonido",8
3521.01.66,"Técnico, equipos de grabación / video",8
3521.01.67,"Técnico, equipos de radio y televisión",8
3521.01.68,"Técnico, estación recepción onda corta",8
3521.01.69,"Técnico, iluminación",8
3521.01.70,"Técnico, material de doblaje",8
3521.01.71,"Técnico, postproducción",8
3521.01.72,"Técnico, pruebas de sonido",8
3521.01.73,"Técnico, radiodifusión",8
3521.01.74,"Técnico, sala de control / radio",8
3521.01.75,"Técnico, sala de control / televisión",8
3521.01.76,"Técnico, servicios audio vídeo",8
3521.01.77,"Técnico, sonido",8
3521.01.78,"Técnico, transmisión (broadcast)",8
3521.01.79,"Técnico, transmisión radio",8
3521.01.80,"Técnico, transmisión televisión",8
3521.01.81,"Técnico, video",8
3521.01.82,Telegrafista,8
3521.01.83,"Telegrafista ferroviario",8
3522,"TÉCNICOS DE INGENIERÍA DE LAS TELECOMUNICACIONES",4
3522.01,"Técnicos de ingeniería de las telecomunicaciones",6
3522.01.01,"Asistente de ingeniero de telecomunicaciones",8
3522.01.02,"Técnico de ingeniería de las telecomunicaciones",8
3522.01.03,"Técnico en GPS",8
3522.01.04,"Técnico, telecomunicaciones",8
3522.01.05,"Técnico, telecomunicaciones / aeroespaciales",8
3522.01.06,"Técnico, telecomunicaciones / radar",8
3522.01.07,"Técnico, telecomunicaciones / radio",8
3522.01.08,"Técnico, telecomunicaciones / sistemas de señales",8
3522.01.09,"Técnico, telecomunicaciones / teléfono",8
3522.01.10,"Técnico, telecomunicaciones / telégrafo",8
3522.01.11,"Técnico, telecomunicaciones / televisión",8
4,"PERSONAL DE APOYO ADMINISTRATIVO",1
41,OFICINISTAS,2
411,"OFICINISTAS GENERALES",3
4110,"OFICINISTAS GENERALES",4
4110.01,"Oficinistas generales",6
4110.01.01,"Empleado, oficina",8
4110.01.02,"Empleado, oficina general",8
412,"SECRETARIOS (GENERALES)",3
4120,"SECRETARIOS (GENERALES)",4
4120.01,"Secretarios (generales)",6
4120.01.01,Secretaria/o,8
4120.01.02,"Secretaria auxiliar",8
4120.01.03,"Secretario operador, máquinas de tratamiento de texto",8
4120.01.04,Secretario-mecanógrafo,8
4120.01.05,Secretario-taquígrafo,8
4120.01.06,Secretario-taquimecanógrafo,8
413,"OPERADORES DE MÁQUINAS DE OFICINA",3
4131,"OPERADORES DE MÁQUINAS DE PROCESAMIENTO DE TEXTO Y MECANÓGRAFOS",4
4131.01,"Operadores de máquinas de procesamiento de texto y mecanógrafos",6
4131.01.01,Mecanógrafo,8
4131.01.02,"Mecanógrafo, estadísticas",8
4131.01.03,"Mecanógrafo, estenografía",8
4131.01.04,"Mecanógrafo, facturas",8
4131.01.05,"Mecanógrafo, máquina perforadora",8
4131.01.06,"Mecanógrafo, taquigrafía",8
4131.01.07,"Mecanógrafo, textos",8
4131.01.08,Oficinista-mecanógrafo,8
4131.01.09,"Operador de máquina, tratamiento de texto",8
4131.01.10,"Operador, calculadoras",8
4131.01.11,"Operador, computadora",8
4131.01.12,"Operador, contómetro",8
4131.01.13,"Operador, facturadora",8
4131.01.14,"Operador, máquina franqueadora",8
4131.01.15,"Operador, máquinas contables",8
4131.01.16,"Operador, máquinas de llevar libros",8
4131.01.17,"Operador, máquinas de sumar",8
4131.01.18,"Operador, telefax",8
4131.01.19,"Operador, telégrafo",8
4131.01.20,"Operador, teleimpresora",8
4131.01.21,"Procesador de textos",8
4131.01.22,Taquígrafo,8
4131.01.23,"Taquígrafo parlamentario",8
4131.01.24,Taquimecanógrafo,8
4131.01.25,"Teletipista, télex",8
4132,"GRABADORES DE DATOS",4
4132.01,"Grabadores de datos",6
4132.01.01,"Controlador, perforaciones",8
4132.01.02,Digitador,8
4132.01.03,"Digitador, contabilidad",8
4132.01.04,"Digitador edición electrónica",8
4132.01.05,"Operador, entrada de datos",8
4132.01.06,"Operador, entrada de datos / clasificadora",8
4132.01.07,"Operador, entrada de datos / computadoras",8
4132.01.08,"Operador, entrada de datos / convertidor (de cintas a tarjetas)",8
4132.01.09,"Operador, entrada de datos / correo electrónico",8
4132.01.10,"Operador, entrada de datos / máquina convertidora (de cintas a páginas)",8
4132.01.11,"Operador, entrada de datos / máquina convertidora (de tarjetas a cintas)",8
4132.01.12,"Operador, entrada de datos / máquinas perforadoras (cintas)",8
4132.01.13,"Operador, entrada de datos / máquinas perforadoras (cintas y tarjetas)",8
4132.01.14,"Operador, entrada de datos / máquinas perforadoras (teclado)",8
4132.01.15,"Operador, entrada de datos / tabuladora",8
4132.01.16,"Operador, entrada de datos / transcripción de perforaciones (tarjetas a cintas)",8
4132.01.17,"Operador máquinas para el tratamiento automático datos",8
4132.01.18,"Operador máquinas verificadoras",8
4132.01.19,"Procesador datos",8
42,"EMPLEADOS EN TRATO DIRECTO CON EL PÚBLICO",2
421,"PAGADORES Y COBRADORES DE VENTANILLA Y AFINES",3
4211,"CAJEROS DE BANCOS Y AFINES",4
4211.01,"Cajeros de bancos y afines",6
4211.01.01,"Cajero, banco",8
4211.01.02,"Cajero, casa de cambio",8
4211.01.03,"Cajero, contabilidad de caja",8
4211.01.04,Cambista,8
4211.01.05,"Colector (Cajero, tesorero, procurador y/o administrador de tesorero)",8
4211.01.06,"Empleado, oficina de post-venta",8
4211.01.07,"Empleado, operaciones de cambio",8
4211.01.08,"Empleado, vendedor de timbres de correo",8
4211.01.09,"Empleado, ventanilla de banco",8
4211.01.10,"Empleado, ventanilla de correos",8
4211.01.11,"Inspector caja",8
4211.01.12,"Recibidor - pagador de bancos",8
4211.01.13,"Secretario de los correos",8
4212,"RECEPTORES DE APUESTAS Y AFINES",4
4212.01,"Receptores de apuestas y afines",6
4212.01.01,"Banquero, sala de juego",8
4212.01.02,"Cantador, bingo",8
4212.01.03,"Corredor, apuestas",8
4212.01.04,"Crupier, sala de juego",8
4212.01.05,"Empleado de agencia de loterías",8
4212.01.06,"Recibidor, apuestas",8
4213,PRESTAMISTAS,4
4213.01,Prestamistas,6
4213.01.01,Prestamista,8
4213.01.02,"Prestamista, dinero",8
4213.01.03,"Prestamista, patrón (hasta 4 empleados)",8
4213.01.04,"Prestamista, prendario",8
4214,"COBRADORES Y AFINES",4
4214.01,"Cobradores y afines",6
4214.01.01,"Auxiliar de cobranzas del exterior",8
4214.01.02,"Auxiliar de cobranzas del interior",8
4214.01.03,"Cobrador a domicilio",8
4214.01.04,"Cobrador, alquileres",8
4214.01.05,"Cobrador, camiones",8
4214.01.06,"Cobrador, contribuciones",8
4214.01.07,"Cobrador, cuentas de proyecto social",8
4214.01.08,"Cobrador, deudas",8
4214.01.09,"Cobrador, donativos / obras de caridad",8
4214.01.10,"Cobrador, empleador",8
4214.01.11,"Cobrador, espectáculos",8
4214.01.12,"Cobrador, eventos",8
4214.01.13,"Cobrador, facturas",8
4214.01.14,"Cobrador, impuestos",8
4214.01.15,"Cobrador, patrón (hasta 4 empleados)",8
4214.01.16,"Cobrador, pensiones",8
4214.01.17,"Cobrador, recaudador",8
4214.01.18,"Cobrador, seguros",8
4214.01.19,"Gestor de cobros de servicios públicos",8
4214.01.20,"Jefe de cobranzas",8
4214.01.21,"Jefe de cobranzas del exterior",8
422,"EMPLEADOS DE SERVICIOS DE INFORMACIÓN AL CLIENTE",3
4221,"EMPLEADOS DE AGENCIAS DE VIAJES",4
4221.01,"Empleados de agencias de viajes",6
4221.01.01,"Agente despacho aerolínea",8
4221.01.02,"Agente, turismo",8
4221.01.03,"Agente, viajes",8
4221.01.04,"Auxiliar reservas",8
4221.01.05,"Consejero, turismo",8
4221.01.06,"Consultor, viajes",8
4221.01.07,"Check in",8
4221.01.08,"Dueño, agencia de viajes (hasta 4 empleados)",8
4221.01.09,"Empleado, agencia de viajes",8
4221.01.10,"Empleado, agencia de viajes / reservas",8
4221.01.11,"Empleado, agencia de viajes / venta de billetes",8
4221.01.12,"Empleado, emisión de billetes / viajes",8
4221.01.13,"Empleado, reservaciones",8
4221.01.14,"Empleado, reservas aerolínea",8
4221.01.15,"Empleado, servicio al cliente aerolínea",8
4221.01.16,"Empleado, viajes",8
4221.01.17,"Empleado, viajes / ferrocarriles",8
4221.01.18,"Empleado, viajes / líneas aéreas",8
4221.01.19,"Jefe de empleados de agencias de viajes",8
4221.01.20,"Organizador, viajes",8
4221.01.21,"Recepcionista de viajes",8
4222,"EMPLEADOS DE CENTROS DE LLAMADAS",4
4222.01,"Empleados de centros de llamadas",6
4222.01.01,"Empleado, centro de atención telefónica e información al cliente",8
4223,TELEFONISTAS,4
4223.01,Telefonistas,6
4223.01.01,"Empleado cabina telefónica",8
4223.01.02,"Empleado café Internet",8
4223.01.03,"Encargado de caseta telefónica",8
4223.01.04,"Operador de centrales telefónicas públicas",8
4223.01.05,"Operador, servicio de contestación",8
4223.01.06,"Operador, telefónico",8
4223.01.07,"Operadora de mesa (telecomunicaciones)",8
4223.01.08,"Operadora, central telefónica",8
4223.01.09,Telefonista,8
4223.01.10,"Telefonista bilingüe",8
4223.01.11,"Telefonista (central privada)",8
4223.01.12,"Telefonistas (central pública)",8
4223.01.13,"Telefonista recepcionista",8
4224,"RECEPCIONISTAS DE HOTELES",4
4224.01,"Recepcionistas de hoteles",6
4224.01.01,"Recepcionista, hotel",8
4225,"EMPLEADOS DE VENTANILLA DE INFORMACIONES",4
4225.01,"Empleados de ventanilla de informaciones",6
4225.01.01,"Empleado, información",8
4225.01.02,"Empleado, informes",8
4226,"RECEPCIONISTAS (GENERAL)",4
4226.01,"Recepcionistas (general)",6
4226.01.01,Recepcionista,8
4226.01.02,"Recepcionista, admisiones",8
4226.01.03,"Recepcionista, aeropuerto",8
4226.01.04,"Recepcionista, dentista",8
4226.01.05,"Recepcionista, hospital",8
4226.01.06,"Recepcionista, médico",8
4226.01.07,"Recepcionista, oficina",8
4226.01.08,"Recepcionista, proveeduría",8
4227,"ENTREVISTADORES DE ENCUESTAS Y DE INVESTIGACIONES DE MERCADOS",4
4227.01,"Entrevistadores de encuestas y de investigaciones de mercados",6
4227.01.01,Encuestador,8
4227.01.02,"Entrevistador, investigación de mercado",8
4227.01.03,"Entrevistador de opinión pública",8
4229,"EMPLEADOS DE SERVICIOS DE INFORMACIÓN AL CLIENTE NO CLASIFICADOS BAJO OTROS EPÍGRAFES",4
4229.01,"Empleados de servicios de información al cliente no clasificados bajo otros epígrafes",6
4229.01.01,"Anunciadora bilingüe",8
4229.01.02,"Auxiliar, atención al cliente",8
4229.01.03,"Auxiliar, información hospitalaria",8
4229.01.04,"Empleado, concertación de entrevistas",8
4229.01.05,"Empleado, ingresos hospitalarios",8
4229.01.06,"Empleado, servicio al cliente",8
4229.01.07,"Entrevistador, elegibilidad",8
4229.01.08,"Especialista, elegibilidad",8
43,"EMPLEADOS CONTABLES Y ENCARGADOS DEL REGISTRO DE MATERIALES",2
431,"AUXILIARES CONTABLES Y FINANCIEROS",3
4311,"EMPLEADOS DE CONTABILIDAD Y CÁLCULO DE COSTOS",4
4311.01,"Empleados de contabilidad y cálculo de costos",6
4311.01.01,"Asistente de auditoría",8
4311.01.02,"Asistente de contabilidad",8
4311.01.03,"Auxiliar de auditoria",8
4311.01.04,"Auxiliar de contabilidad",8
4311.01.05,"Empleado, caja",8
4311.01.06,"Empleado, cálculo de costos",8
4311.01.07,"Empleado, cálculo de presupuestos",8
4311.01.08,"Empleado, computación de costos",8
4311.01.09,"Empleado, contabilidad",8
4311.01.10,"Empleado, contabilidad / cálculo de costos",8
4311.01.11,"Empleado, contabilidad / cálculo de intereses",8
4311.01.12,"Empleado, contabilidad / cuentas corrientes",8
4311.01.13,"Empleado, contabilidad / descuentos",8
4311.01.14,"Empleado, contabilidad / estimaciones",8
4311.01.15,"Empleado, contabilidad / verificación",8
4311.01.16,"Empleado, cuentas",8
4311.01.17,"Empleado, facturas",8
4311.01.18,"Empleado, subastas",8
4311.01.19,"Empleado, teneduría de libros",8
4311.01.20,Facturador,8
4311.01.21,"Liquidador (facturas y créditos)",8
4311.01.22,"Liquidador nómina",8
4312,"EMPLEADOS DE SERVICIOS ESTADÍSTICOS, FINANCIEROS Y DE SEGUROS",4
4312.01,"Empleados de servicios estadísticos, financieros y de seguros",6
4312.01.01,"Amanuense, estadística",8
4312.01.02,"Anotador de cuentas corrientes y ahorros",8
4312.01.03,"Auxiliar de ahorros",8
4312.01.04,"Auxiliar de cámara de compensación",8
4312.01.05,"Auxiliar de cartera",8
4312.01.06,"Auxiliar de dividendos",8
4312.01.07,"Auxiliar de giros al interior",8
4312.01.08,"Empleado, actuarial",8
4312.01.09,"Empleado, bancos",8
4312.01.10,"Empleado, bolsa",8
4312.01.11,"Empleado, créditos (analista)",8
4312.01.12,"Empleado, estadística",8
4312.01.13,"Empleado, finanzas",8
4312.01.14,"Empleado, hipotecas",8
4312.01.15,"Empleado, impuestos",8
4312.01.16,"Empleado, inversiones",8
4312.01.17,"Empleado, oficina de impuestos / sellos y timbres",8
4312.01.18,"Empleado, registro de títulos y acciones",8
4312.01.19,"Empleado, seguros",8
4312.01.20,"Empleado, seguros / modificaciones de cobertura",8
4312.01.21,"Empleado, seguros / pago de siniestros",8
4312.01.22,"Empleado, seguros / pólizas",8
4312.01.23,"Empleado, servicios de corretaje",8
4312.01.24,"Empleado, servicios financieros",8
4312.01.25,"Empleado, transacciones",8
4312.01.26,"Empleado, ventas",8
4312.01.27,"Auxiliar, estadística",8
4312.01.28,"Extractor de cuentas corrientes",8
4312.01.29,"Jefe de cámara de compensación",8
4312.01.30,"Jefe de cartera",8
4312.01.31,"Jefe de cuentas corrientes",8
4312.01.32,"Jefe de sección ahorros",8
4313,"EMPLEADOS ENCARGADOS DE LAS NÓMINAS",4
4313.01,"Empleados encargados de las nóminas",6
4313.01.01,"Empleado, cálculo de salarios",8
4313.01.02,"Empleado, pago de nóminas",8
432,"EMPLEADOS ENCARGADOS DEL REGISTRO DE MATERIALES Y DE TRANSPORTE",3
4321,"EMPLEADOS DE CONTROL DE ABASTECIMIENTOS E INVENTARIO",4
4321.01,"Empleados de control de abastecimientos e inventario",6
4321.01.01,Almacenista,8
4321.01.02,"Almacenista, insumos",8
4321.01.03,"Almacenista, obra",8
4321.01.04,"Almacenista, producción",8
4321.01.05,"Almacenista, suministros",8
4321.01.06,"Almacenista, taller repuestos",8
4321.01.07,"Auxiliar, bodega",8
4321.01.08,"Auxiliar, control inventarios",8
4321.01.09,"Auxiliar, despachos",8
4321.01.10,"Auxiliar, entregas",8
4321.01.11,"Auxiliar, inventarios",8
4321.01.12,"Auxiliar, materiales",8
4321.01.13,"Auxiliar, pedidos",8
4321.01.14,"Auxiliar, recibo y despacho",8
4321.01.15,"Ayudante, almacén",8
4321.01.16,Bodeguero,8
4321.01.17,"Bodeguero de industria textil",8
4321.01.18,"Bodeguero restaurante y hoteles",8
4321.01.19,"Controlador petróleo",8
4321.01.20,"Despachador, madera",8
4321.01.21,"Empleado, abastecimiento",8
4321.01.22,"Empleado, almacenaje",8
4321.01.23,"Empleado, contabilidad / existencias",8
4321.01.24,"Empleado, control de peso",8
4321.01.25,"Empleado, depósito",8
4321.01.26,"Empleado, despacho",8
4321.01.27,"Empleado, embarque / mercadería",8
4321.01.28,"Empleado, existencias",8
4321.01.29,"Empleado, existencias / control",8
4321.01.30,"Empleado, existencias / control (registros)",8
4321.01.31,"Empleado, existencias / inventario",8
4321.01.32,"Empleado, expedición / mercadería",8
4321.01.33,"Empleado, guardamuebles",8
4321.01.34,"Empleado, herramientas / almacén",8
4321.01.35,"Empleado, materiales",8
4321.01.36,"Empleado, mercaderías",8
4321.01.37,"Empleado, movimiento / mercaderías",8
4321.01.38,"Empleado, pesaje",8
4321.01.39,"Empleado, recepción / mercadería",8
4321.01.40,"Empleado, servicio de almacenaje",8
4321.01.41,"Empleado, suministros (proveedor materiales de oficina)",8
4321.01.42,"Empleado, trastero",8
4321.01.43,Inventariador,8
4321.01.44,"Jefe de bodega",8
4321.01.45,Kardista,8
4321.01.46,"Pesador de carnes",8
4321.01.47,"Pesador dosificador de ingredientes químicos",8
4321.01.48,"Recepcionista materia prima",8
4321.01.49,"Registrador pedidos",8
4322,"EMPLEADOS DE SERVICIOS DE APOYO A LA PRODUCCIÓN",4
4322.01,"Empleados de servicios de apoyo a la producción",6
4322.01.01,"Auxiliar producción",8
4322.01.02,"Empleado, abastecimiento / materiales",8
4322.01.03,"Empleado, cálculo de materiales",8
4322.01.04,"Empleado, producción",8
4322.01.05,"Empleado, planificación / materiales",8
4322.01.06,"Empleado, planificación de la producción",8
4322.01.07,"Empleado, planificación de la producción / coordinación",8
4322.01.08,"Empleado, planificación de la producción / programa",8
4322.01.09,"Empleado, programa de abastecimiento / materiales",8
4323,"EMPLEADOS DE SERVICIOS DE TRANSPORTE",4
4323.01,"Empleados de servicios de transporte",6
4323.01.01,"Agente de control tráfico y reclamos",8
4323.01.02,"Agente, ferrocarril / mercancías",8
4323.01.03,"Ayudante de control de tráfico y reclamos",8
4323.01.04,"Capitán cuadrilla de empleados del transporte",8
4323.01.05,"Controlador administrativo, ferrocarril / mercancías",8
4323.01.06,"Controlador administrativo, servicio de transporte",8
4323.01.07,"Controlador administrativo, tráfico aéreo",8
4323.01.08,"Controlador administrativo, transporte aéreo",8
4323.01.09,"Controlador administrativo, transporte ferroviario (cargas)",8
4323.01.10,"Controlador administrativo, transporte marítimo",8
4323.01.11,"Controlador administrativo, transporte por carretera",8
4323.01.12,"Controlador de aeródromo",8
4323.01.13,"Coordinador de carga (transporte aéreo)",8
4323.01.14,"Despachador administrativo (servicio de transporte)",8
4323.01.15,"Despachador de personal (transporte ferroviario)",8
4323.01.16,"Despachador equipo mantenimiento empresas públicas",8
4323.01.17,"Despachador equipo móvil",8
4323.01.18,"Despachador de transportes por carretera",8
4323.01.19,"Despachador vehículos emergencia",8
4323.01.20,"Empleado, despacho / autobuses",8
4323.01.21,"Empleado, despacho / barcos",8
4323.01.22,"Empleado, despacho / camiones",8
4323.01.23,"Empleado, despacho / ferrocarril",8
4323.01.24,"Empleado, despacho / gasoducto",8
4323.01.25,"Empleado, despacho / muelles",8
4323.01.26,"Empleado, despacho / oleoducto",8
4323.01.27,"Empleado, despacho / transporte aéreo",8
4323.01.28,"Empleado, despacho / transporte de carga",8
4323.01.29,"Empleado, despacho / transporte fluvial y transbordador",8
4323.01.30,"Empleado, despacho / transporte marítimo",8
4323.01.31,"Empleado, ferrocarril / depósito",8
4323.01.32,"Empleado, movimiento / trenes",8
4323.01.33,"Empleado, operaciones / transporte aéreo",8
4323.01.34,"Empleado, operaciones / transporte marítimo o fluvial",8
4323.01.35,"Empleado, operaciones / transporte por carretera",8
4323.01.36,"Empleado, transporte",8
4323.01.37,"Empleado, transporte aéreo / expedición",8
4323.01.38,"Empleado, transporte aéreo / movimiento",8
4323.01.39,"Empleado, transporte ferroviario",8
4323.01.40,"Empleado, transporte marítimo / estación terminal",8
4323.01.41,"Empleado, transporte marítimo / muelle",8
4323.01.42,"Empleado, transporte por carretera / depósito",8
4323.01.43,"Empleado, transporte por carretera / tráfico",8
4323.01.44,"Encargado, administrativo / ferrocarril (depósito)",8
4323.01.45,"Encargado, administrativo / muelle",8
4323.01.46,"Encargado, administrativo / transbordador",8
4323.01.47,"Encargado, administrativo / transporte por carretera (depósito)",8
4323.01.48,"Encargado, administrativo / transporte por carretera (tráfico)",8
4323.01.49,"Facturador de carga y equipaje",8
4323.01.50,"Inspector administrativo / barcaza",8
4323.01.51,"Inspector administrativo / carga",8
4323.01.52,"Inspector administrativo / transporte por carretera",8
4323.01.53,"Inspector administrativo / transporte por ferrocarril",8
4323.01.54,"Inspector rutas",8
4323.01.55,"Inspector vial",8
4323.01.56,"Jefe de operaciones de vuelo",8
4323.01.57,"Jefe de transportación por ferrocarriles",8
4323.01.58,"Jefe sección transporte",8
4323.01.59,"Operador despachadores",8
4323.01.60,"Pesador de equipaje y carga",8
4323.01.61,"Programador itinerarios",8
4323.01.62,"Programador rutas",8
4323.01.63,"Programador transporte carga",8
4323.01.64,"Programador transporte pasajeros",8
4323.01.65,"Programador trenes",8
4323.01.66,"Programador tripulación transporte terrestre",8
4323.01.67,"Programador tripulación vuelo",8
4323.01.68,"Técnico en operaciones de vuelo",8
4323.01.69,"Verificador de servicios portuarios",8
44,"OTRO PERSONAL DE APOYO ADMINISTRATIVO",2
441,"OTRO PERSONAL DE APOYO ADMINISTRATIVO",3
4411,"EMPLEADOS DE BIBLIOTECAS",4
4411.01,"Empleados de bibliotecas",6
4411.01.01,"Archivador, biblioteca",8
4411.01.02,"Asistente, biblioteca",8
4411.01.03,"Empleado, biblioteca",8
4411.01.04,"Empleado, biblioteca / adquisiciones",8
4411.01.05,"Empleado, biblioteca / clasificación",8
4411.01.06,"Empleado, biblioteca / índice",8
4411.01.07,"Empleado, biblioteca / préstamo de libros",8
4412,"EMPLEADOS DE SERVICIOS DE CORREOS",4
4412.01,"Empleados de servicios de correos",6
4412.01.01,"Agente de correo",8
4412.01.02,"Auxiliar correos y servicio postal",8
4412.01.03,"Auxiliar remesas",8
4412.01.04,"Cartero / a",8
4412.01.05,"Cartero, jefe",8
4412.01.06,"Clasificador, correspondencia",8
4412.01.07,Courier,8
4412.01.08,"Empleado, correo",8
4412.01.09,"Empleado de correos, correspondencia / clasificación",8
4412.01.10,"Empleado, distribución / correspondencia",8
4412.01.11,"Funcionario postal",8
4412.01.12,"Inspector postal",8
4412.01.13,"Mensajero, correspondencia",8
4412.01.14,"Supervisor, correo",8
4412.01.15,"Supervisor, correo / depósito",8
4413,"CODIFICADORES DE DATOS, CORRECTORES DE PRUEBAS DE IMPRENTA Y AFINES",4
4413.01,"Codificadores de datos, correctores de pruebas de imprenta y afines",6
4413.01.01,Codificador,8
4413.01.02,"Codificador, estadísticas",8
4413.01.03,"Codificador, tratamiento de datos",8
4413.01.04,"Corrector, pruebas de imprenta",8
4413.01.05,"Crítico codificador",8
4413.01.06,"Empleado, codificación",8
4413.01.07,"Empleado, codificación / tratamiento de datos",8
4413.01.08,"Empleado, codificación de datos / estadísticas",8
4413.01.09,"Empleado, corrección de pruebas / imprenta",8
4413.01.10,"Empleado, elaboración de listas",8
4413.01.11,"Empleado, escrituras",8
4413.01.12,"Empleado, máquina clasificadora / documentos",8
4413.01.13,"Empleado, máquina franqueadora",8
4413.01.14,"Empleado, prueba de lectura",8
4413.01.15,"Recopilador de datos",8
4414,"ESCRIBIENTES PÚBLICOS Y AFINES",4
4414.01,"Escribientes públicos y afines",6
4414.01.01,Amanuense,8
4414.01.02,Escribano,8
4414.01.03,"Escribiente de abogado",8
4414.01.04,"Escribiente de notarios",8
4414.01.05,"Escribiente de procurador",8
4414.01.06,"Escribiente de sociedad agrícola",8
4414.01.07,"Escribiente, público",8
4414.01.08,"Tramitadores, en general (cuenta propia)",8
4415,"EMPLEADOS DE ARCHIVO",4
4415.01,"Empleados de archivo",6
4415.01.01,Archivista,8
4415.01.02,"Archivista, clínico",8
4415.01.03,"Archivista, correspondencia",8
4415.01.04,"Auxiliar, archivo",8
4415.01.05,"Clasificador, archivo",8
4415.01.06,"Empleado, archivo",8
4415.01.07,"Empleado, archivo administrativo",8
4415.01.08,"Empleado, archivo criminal",8
4415.01.09,"Empleado, fotocopiadora",8
4415.01.10,"Empleado, reproducción de documentos / oficinas",8
4415.01.11,"Empleado, servicios archivo",8
4415.01.12,"Intercalador de libros",8
4415.01.13,"Jefe de archivo",8
4415.01.14,"Oficinista de archivo",8
4416,"EMPLEADOS DEL SERVICIO DE PERSONAL",4
4416.01,"Empleados del servicio de personal",6
4416.01.01,"Auxiliar, recursos humanos",8
4416.01.02,"Empleado, control de asistencia",8
4416.01.03,"Empleado, recursos humanos",8
4416.01.04,"Empleado, registro / personal",8
4416.01.05,"Empleado, registro direcciones",8
4416.01.06,"Empleado, servicio de personal",8
4419,"PERSONAL DE APOYO ADMINISTRATIVO NO CLASIFICADO BAJO OTROS EPÍGRAFES",4
4419.01,"Personal de apoyo administrativo no clasificado bajo otros epígrafes",6
4419.01.01,"Agente judicial",8
4419.01.02,"Empleado, compilación / listas de direcciones",8
4419.01.03,"Empleado, compilación / listas de direcciones (publicidad por correspondencia)",8
4419.01.04,"Empleado, correspondencia",8
4419.01.05,"Empleado, máquina impresora / direcciones",8
4419.01.06,"Empleado, marcador de tiempo",8
4419.01.07,"Empleado, publicaciones",8
4419.01.08,"Empleado, publicidad",8
4419.01.09,"Empleado, registro / guías y repertorios",8
5,"TRABAJADORES DE LOS SERVICIOS Y VENDEDORES DE COMERCIOS Y MERCADOS",1
51,"TRABAJADORES DE LOS SERVICIOS PERSONALES",2
511,"PERSONAL AL SERVICIO DIRECTO DE LOS PASAJEROS",3
5111,"AUXILIARES DE SERVICIOS DE ABORDO",4
5111.01,"Auxiliares de servicios de abordo",6
5111.01.01,"Aeromoza (camarera de avión)",8
5111.01.02,"Auxiliar, aeromoza / cabina",8
5111.01.03,"Auxiliar, servicio a pasajeros",8
5111.01.04,"Auxiliar, viajes",8
5111.01.05,"Ayudante, vuelo",8
5111.01.06,"Azafata, avión",8
5111.01.07,"Azafata, información / aeropuerto",8
5111.01.08,"Camarero, barco",8
5111.01.09,"Camarero, barco / cabina",8
5111.01.10,"Comisario, avión",8
5111.01.11,"Conductores de transporte",8
5111.01.12,"Empleado información / pasajeros (aeropuertos)",8
5111.01.13,"Guías de viaje",8
5111.01.14,"Jefe de aeromozas",8
5111.01.15,"Mayordomo barco",8
5111.01.16,"Mayordomo barco / jefe",8
5111.01.17,Sobrecargo,8
5111.01.18,"Supervisor, barco",8
5111.01.19,"Tripulante, cabina / pasajeros",8
5112,"REVISORES Y COBRADORES DE LOS TRANSPORTES PÚBLICOS",4
5112.01,"Revisores y cobradores de los transportes públicos",6
5112.01.01,"Azafata, autobús",8
5112.01.02,"Cobrador, autobuses",8
5112.01.03,"Cobrador, autocares",8
5112.01.04,"Cobrador, funiculares",8
5112.01.05,"Cobrador, tranvías",8
5112.01.06,"Cobrador, tren",8
5112.01.07,"Cobrador, trolebús",8
5112.01.08,"Colector (transporte línea férrea)",8
5112.01.09,"Controlador de buses",8
5112.01.10,"Guarda, tren",8
5112.01.11,"Inspector, venta de entradas (transporte público)",8
5112.01.12,"Jefe tren de pasajeros",8
5112.01.13,"Operador-cobrador, funiculares",8
5112.01.14,"Operador-cobrador, telecabina",8
5112.01.15,"Recogedor, tiquetes",8
5112.01.16,"Revisor, aerodeslizador",8
5112.01.17,"Revisor, teleférico",8
5112.01.18,"Revisor, trasbordador",8
5112.01.19,"Revisor, tren",8
5112.01.20,"Revisor, tren / coche-cama",8
5113,"GUÍAS DE TURISMO",4
5113.01,"Guías de Turismo",6
5113.01.01,"Guía de alquiler de caballos",8
5113.01.02,"Guía, acompañante",8
5113.01.03,"Guía, excursiones",8
5113.01.04,"Guía, expedición de caza",8
5113.01.05,"Guía, galería de arte",8
5113.01.06,"Guía, museos",8
5113.01.07,"Guía, turismo",8
5113.01.08,"Guía, viajes / autobús",8
5113.01.09,"Guía, viajes / establecimientos industriales",8
5113.01.10,"Guía, viajes / local",8
5113.01.11,"Guía, viajes / montañismo",8
5113.01.12,"Guía, viajes / parques naturales",8
5113.01.13,"Guía, viajes / pesca",8
5113.01.14,"Guía, viajes / safari",8
5113.01.15,"Guía, viajes / teatro y monumentos",8
5113.01.16,"Guía, zoológico",8
5113.01.17,"Promotor turístico",8
512,COCINEROS,3
5120,COCINEROS,4
5120.01,Cocineros,6
5120.01.01,"Asador, parrilla",8
5120.01.02,Cocinero,8
5120.01.03,"Cocinero, barco",8
5120.01.04,"Cocinero, barco / comidas de la tripulación",8
5120.01.05,"Cocinero, campamentos de trabajo",8
5120.01.06,"Cocinero, chef",8
5120.01.07,"Cocinero, dietas especiales",8
5120.01.08,"Cocinero, en hospitales y cárceles",8
5120.01.09,"Cocinero, pastelería",8
5120.01.10,"Cocinero, restaurante",8
5120.01.11,"Cocinero, servicio doméstico",8
5120.01.12,"Cocinero, vegetales",8
5120.01.13,"Dueños de pequeños establecimientos de banquetes y recepciones (hasta 4 empleados)",8
5120.01.14,"Dueños de pequeños restaurantes o bares (hasta 4 empleados)",8
5120.01.15,"Dueños de pizzerías (hasta 4 empleados)",8
5120.01.16,"Pastelero, hotel",8
5120.01.17,"Pastelero, restaurante",8
5120.01.18,Pizzero,8
5120.01.19,"Repostero, restaurantes",8
513,CAMAREROS,3
5131,"CAMAREROS DE MESAS",4
5131.01,"Camareros de mesas",6
5131.01.01,"Azafata, servicio de comidas / personal",8
5131.01.02,Banderero,8
5131.01.03,Camarero,8
5131.01.04,"Camarero, barco / comidas de los tripulantes",8
5131.01.05,"Camarero, barco / salón comedor",8
5131.01.06,"Camarero, ferrocarril / vagón restaurante",8
5131.01.07,"Camarero, servicio de etiqueta",8
5131.01.08,"Camarero, servicio de vinos",8
5131.01.09,"Jefe de camareros",8
5131.01.10,Maitre,8
5131.01.11,"Salonero en instituciones y empresas",8
5131.01.12,"Sirviente, restaurante / acondicionamiento de la sala",8
5131.01.13,Sumiller,8
5132,"CAMAREROS DE BARRA",4
5132.01,"Camareros de barra",6
5132.01.01,"Auxiliar, bar",8
5132.01.02,"Auxiliar, cafetería",8
5132.01.03,Barman,8
5132.01.04,"Camarero de bar",8
5132.01.05,Cantinero,8
5132.01.06,Coctelero,8
5132.01.07,Escanciador,8
5132.01.08,Tabernero,8
5132.01.09,"Sirviente, cantina",8
514,"PELUQUEROS, ESPECIALISTAS EN TRATAMIENTOS DE BELLEZA Y AFINES",3
5141,PELUQUEROS,4
5141.01,Peluqueros,6
5141.01.01,"Ayudante, de peluquero",8
5141.01.02,Barbero,8
5141.01.03,Capilicultor,8
5141.01.04,"Encargado, vestuario y pelucas / teatro",8
5141.01.05,"Especialista en el cuidado del cabello",8
5141.01.06,Estilista,8
5141.01.07,Peluquero,8
5141.01.08,"Peluquero- barbero",8
5141.01.09,"Peluquero, caballeros",8
5141.01.10,"Peluquero, señoras",8
5141.01.11,"Propietarios Peluquerías especialistas en tratamientos de belleza y afines, dueña (hasta 4 empleados)",8
5141.01.12,Tricólogo,8
5142,"ESPECIALISTAS EN TRATAMIENTO DE BELLEZA Y AFINES",4
5142.01,"Especialistas en tratamiento de belleza y afines",6
5142.01.01,"Asesor, belleza",8
5142.01.02,"Asistente, baños",8
5142.01.03,"Ayudante, baño /sauna",8
5142.01.04,"Ayudante, baño turco",8
5142.01.05,"Ayudante, de belleza",8
5142.01.06,Callista,8
5142.01.07,"Consultor de adelgazamiento",8
5142.01.08,"Consultor de belleza",8
5142.01.09,Cosmetólogo,8
5142.01.10,"Especialista, tratamiento de belleza",8
5142.01.11,Esteticista,8
5142.01.12,Manicura,8
5142.01.13,"Maquillador, artistas",8
5142.01.14,"Maquillador, cine",8
5142.01.15,"Maquillador, salón",8
5142.01.16,"Maquillador, teatro",8
5142.01.17,Pedicuro,8
515,"SUPERVISORES DE MANTENIMIENTO Y LIMPIEZA DE EDIFICIOS",3
5151,"SUPERVISORES DE MANTENIMIENTO Y LIMPIEZA EN OFICINAS, HOTELES Y OTROS ESTABLECIMIENTOS",4
5151.01,"Supervisores de mantenimiento y limpieza en oficinas, hoteles y otros establecimientos",6
5151.01.01,"Ama de llaves (hotel)",8
5151.01.02,Gobernanta,8
5151.01.03,"Jefe botones",8
5151.01.04,"Mayordomo, hotel o club",8
5151.01.05,"Supervisor de mantenimiento y limpieza",8
5152,"ECÓNOMOS Y MAYORDOMOS DOMÉSTICOS",4
5152.01,"Ecónomos y mayordomos domésticos",6
5152.01.01,"Administrador, campamento / turismo",8
5152.01.02,"Administrador, hogar estudiantil",8
5152.01.03,"Ama de llaves servicio doméstico",8
5152.01.04,"Anfitrión restaurante",8
5152.01.05,"Auxiliar banquetes",8
5152.01.06,Ecónomo,8
5152.01.07,"Ecónomo jefe, hostelería",8
5152.01.08,"Ecónomo, campamento",8
5152.01.09,"Ecónomo, colectividad",8
5152.01.10,"Ecónomo, hostelería",8
5152.01.11,"Ecónomo, servicio doméstico",8
5152.01.12,"Maestresala, servicio doméstico",8
5152.01.13,Mayordomo,8
5152.01.14,"Mayordomo, excepto servicio doméstico",8
5152.01.15,"Mayordomo, residencias",8
5152.01.16,"Mayordomo, servicio doméstico",8
5152.01.17,"Operador de alojamiento y desayuno",8
5153,CONSERJES,4
5153.01,Conserjes,6
5153.01.01,Bedel,8
5153.01.02,"Conserje de asilo",8
5153.01.03,"Conserje de biblioteca",8
5153.01.04,"Conserje de clínica",8
5153.01.05,"Conserje de construcción",8
5153.01.06,"Conserje de escuela",8
5153.01.07,"Conserje de estadio",8
5153.01.08,"Conserje de oficina",8
5153.01.09,"Conserje velador",8
5153.01.10,"Conserje, edificio / apartamentos",8
5153.01.11,"Conserje, hotel",8
5153.01.12,Conserjes,8
5153.01.13,"Empleado, edificio / apartamentos (limpieza)",8
5153.01.14,"Encargado, inmueble",8
5153.01.15,Portero,8
5153.01.16,"Portero cuidador de establecimiento religioso",8
5153.01.17,"Portero de oficinas",8
5153.01.18,"Portero, construcción",8
5153.01.19,"Portero, edificio",8
5153.01.20,"Portero, hotel",8
5153.01.21,Sacristán,8
516,"OTROS TRABAJADORES DE SERVICIOS PERSONALES",3
5161,"ASTRÓLOGOS, ADIVINADORES Y AFINES",4
5161.01,"Astrólogos, adivinadores y afines",6
5161.01.01,Adivinador,8
5161.01.02,Astrólogo,8
5161.01.03,Cartomántico,8
5161.01.04,Geomántico,8
5161.01.05,Mentalista,8
5161.01.06,Numerólogo,8
5161.01.07,Numeromántico,8
5161.01.08,Oniromántico,8
5162,"ACOMPAÑANTES Y AYUDANTES DE CÁMARA",4
5162.01,"Acompañantes y ayudantes de cámara",6
5162.01.01,Acompañante,8
5162.01.02,"Ama de compañía",8
5162.01.03,"Ayuda de cámara",8
5162.01.04,"Ayuda de cámara, hotel",8
5162.01.05,"Ayuda de cámara, personal",8
5162.01.06,Camarista,8
5162.01.07,"Dama de compañía",8
5162.01.08,Doncella,8
5163,"PERSONAL DE POMPAS FÚNEBRES Y EMBALSAMADORES",4
5163.01,"Personal de pompas fúnebres y embalsamadores",6
5163.01.01,"Administrador cementerios",8
5163.01.02,Amortajador,8
5163.01.03,"Auxiliar funeraria",8
5163.01.04,"Auxiliar morgue",8
5163.01.05,Embalsamador,8
5163.01.06,"Embalsamador, patrón (hasta 4 empleados)",8
5163.01.07,"Empleado, pompas fúnebres",8
5163.01.08,"Empresario, pompas fúnebres",8
5163.01.09,"Inhumador - Exhumador",8
5163.01.10,"Maestro de ceremonias fúnebres",8
5163.01.11,"Propietario de funeraria",8
5163.01.12,Tanatólogo,8
5164,"CUIDADORES DE ANIMALES",4
5164.01,"Cuidadores de animales",6
5164.01.01,"Ayudante de veterinaria",8
5164.01.02,"Cuidador de animales",8
5164.01.03,"Entrenador de perros",8
5164.01.04,"Peluquero de mascotas",8
5165,"INSTRUCTORES DE AUTOESCUELA",4
5165.01,"Instructores de autoescuela",6
5165.01.01,"Instructor, conducción / vehículos automotores",8
5169,"TRABAJADORES DE SERVICIOS PERSONALES NO CLASIFICADOS BAJO OTROS EPÍGRAFES",4
5169.01,"Trabajadores de servicios personales no clasificados bajo otros epígrafes",6
5169.01.01,Anfitrión,8
5169.01.02,"Anfitrión de club",8
5169.01.03,"Escolta, actividades recreativas",8
5169.01.04,"Recepcionista-acompañante, cabaret",8
5169.01.05,"Recepcionista-acompañante, club",8
5169.01.06,"Prostitutas (Trabajadora sexual)",8
52,VENDEDORES,2
521,"VENDEDORES CALLEJEROS Y DE PUESTOS DE MERCADO",3
5211,"VENDEDORES DE QUIOSCOS Y DE PUESTOS DE MERCADO",4
5211.01,"Vendedores de quioscos y de puestos de mercado",6
5211.01.01,"Asistente de ventas puesto callejero",8
5211.01.02,"Proveedor, mercado",8
5211.01.03,"Titular, puesto de mercado",8
5211.01.04,"Vendedor - comprador de papel, cartón, botellas y otros artículos para reciclaje.",8
5211.01.05,"Vendedor, carrito móvil",8
5211.01.06,"Vendedor, puesto callejero",8
5211.01.07,"Vendedor, puesto de mercado",8
5211.01.08,"Vendedor, quiosco",8
5212,"VENDEDORES AMBULANTES DE PRODUCTOS COMESTIBLES",4
5212.01,"Vendedores ambulantes de productos comestibles",6
5212.01.01,"Vendedor ambulante de alimentos y bebidas",8
5212.01.02,"Vendedor ambulante de productos comestibles",8
5212.01.03,"Vendedor, agua fresca",8
5212.01.04,"Vendedor, refrescos",8
5212.01.05,"Vendedor, refrescos / cines",8
5212.01.06,"Vendedor, refrescos / estadios",8
5212.01.07,"Vendedor, refrescos / teatros",8
522,"COMERCIANTES Y VENDEDORAS DE TIENDAS Y ALMACENES",3
5221,"COMERCIANTES DE TIENDAS",4
5221.01,"Comerciantes de Tiendas",6
5221.01.01,Comerciante,8
5221.01.02,"Comerciante antigüedades",8
5221.01.03,"Comerciante mayorista",8
5221.01.04,"Comerciante minorista",8
5221.01.05,"Encargado, comercio / sala de exposición",8
5221.01.06,"Tendero (Vendedor de licores)",8
5221.01.07,"Tendero de periódicos",8
5221.01.08,"Tendero de comestibles",8
5221.01.09,"Vendedor de mostrador",8
5221.01.10,"Vendedor de repuestos automotrices",8
5221.01.11,"Vendedor, almacén",8
5221.01.12,"Vendedor, cajero",8
5221.01.13,"Vendedor, comercio mayorista",8
5221.01.14,"Vendedor, empleado de comercio",8
5221.01.15,"Vendedor, equipo electrónico",8
5221.01.16,"Vendedor, farmacia",8
5221.01.17,"Vendedor, panadería",8
5221.01.18,"Vendedor, tienda",8
5222,"SUPERVISORES DE TIENDAS Y ALMACENES",4
5222.01,"Supervisores de tiendas y almacenes",6
5222.01.01,"Supervisor, pedidos",8
5222.01.02,"Supervisor, supermercado",8
5222.01.03,"Supervisor, tiendas y almacenes",8
5223,"ASISTENTES DE VENTA DE TIENDAS Y ALMACENES",4
5223.01,"Asistentes de venta de tiendas y almacenes",6
5223.01.01,"Asistente de venta de tiendas y almacenes",8
5223.01.02,"Ayudante supermercado",8
5223.01.03,Dependiente,8
5223.01.04,"Dependiente, comercio",8
5223.01.05,"Dependiente, comercio minorista",8
5223.01.06,"Dependiente, mostrador",8
5223.01.07,"Dependiente de establecimientos de alquiler de videos, juegos electrónicos vajillas, etc.",8
5223.01.08,"Vendedor, establecimiento al por mayor",8
5223.01.09,"Vendedor, establecimiento al por menor",8
523,"CAJEROS Y EXPENDEDORES DE BILLETES",3
5230,"CAJEROS Y EXPENDEDORES DE BILLETES",4
5230.01,"Cajeros y expendedores de billetes",6
5230.01.01,Cajero,8
5230.01.02,"Cajero, apuestas",8
5230.01.03,"Cajero, bar",8
5230.01.04,"Cajero, cafetería",8
5230.01.05,"Cajero, casa de empeño",8
5230.01.06,"Cajero, cobrador de peajes",8
5230.01.07,"Cajero, comercio al por menor",8
5230.01.08,"Cajero, empresa / almacén",8
5230.01.09,"Cajero, estación de servicio",8
5230.01.10,"Cajero, hotel",8
5230.01.11,"Cajero, oficina",8
5230.01.12,"Cajero, restaurante",8
5230.01.13,"Cajero, supermercado",8
5230.01.14,"Cajero, tienda",8
5230.01.15,"Cajero, venta de billetes",8
5230.01.16,"Empleado de emisión de billetes (entretenimiento y eventos deportivos)",8
5230.01.17,"Empleado, emisión de billetes / excepto de viaje",8
5230.01.18,"Encargado, boletos en estacionamiento",8
5230.01.19,"Operador de panel de control de estación de servicio",8
5230.01.20,"Receptor de boletos de espectáculos públicos",8
5230.01.22,"Vendedor de boletos de espectáculos públicos",8
524,"OTROS VENDEDORES",3
5241,"MODELOS DE MODA, ARTE Y PUBLICIDAD",4
5241.01,"Modelos de moda, arte y publicidad",6
5241.01.01,"Modelo de fotografía",8
5241.01.02,"Modelo, artista",8
5241.01.03,"Modelo, escultores",8
5241.01.04,"Modelo, modas",8
5241.01.05,"Modelo, pintores",8
5241.01.06,"Modelo, publicidad",8
5241.01.07,"Modelo, tallaje",8
5242,"DEMOSTRADORES DE TIENDAS",4
5242.01,"Demostradores de tiendas",6
5242.01.01,Demostrador,8
5242.01.02,"Demostrador (impulsador ventas)",8
5242.01.03,"Demostrador de mercadería",8
5242.01.04,"Demostrador de prendas de vestir",8
5242.01.05,"Demostrador de productos alimenticios",8
5242.01.06,"Demostrador de productos de belleza",8
5243,"VENDEDORES PUERTA A PUERTA",4
5243.01,"Vendedores puerta a puerta",6
5243.01.01,"Representante de ventas puerta a puerta",8
5243.01.02,"Vendedor ambulante, al por menor / distribución",8
5243.01.03,"Vendedor de ropa en casas u oficinas",8
5243.01.04,"Vendedor puerta a puerta",8
5244,"VENDEDORES POR TELÉFONO",4
5244.01,"Vendedores por teléfono",6
5244.01.01,"Vendedor por internet",8
5244.01.02,"Vendedor por teléfono (Telemarketer)",8
5244.01.03,"Vendedor, centro de atención e información al cliente",8
5245,"EXPENDEDORES DE GASOLINERAS",4
5245.01,"Expendedores de gasolineras",6
5245.01.01,"Empleado de estación de gasolina",8
5245.01.02,"Empleado, estación de servicio",8
5245.01.03,"Gasolinero (despachador combustible)",8
5246,"VENDEDORES DE COMIDAS AL MOSTRADOR",4
5246.01,"Vendedores de comidas al mostrador",6
5246.01.01,"Asistente cajero de cafetería",8
5246.01.02,"Vendedores de comidas al mostrador",8
5249,"VENDEDORES NO CLASIFICADOS BAJO OTROS EPÍGRAFES",4
5249.01,"Vendedores no clasificados bajo otros epígrafes",6
5249.01.01,Perchero,8
5249.01.02,"Propietario, de locales de alquiler de videos, juegos, vajillas, etc.",8
5249.01.03,"Propietario, tienda (hasta 4 empleados)",8
5249.01.04,"Propietarios, almacén (hasta 4 empleados)",8
5249.01.05,"Vendedor de productos por catálogo",8
53,"TRABAJADORES DE LOS CUIDADOS PERSONALES",2
531,"CUIDADORES DE NIÑOS Y AUXILIARES DE MAESTROS",3
5311,"CUIDADORES DE NIÑOS",4
5311.01,"Cuidadores de niños",6
5311.01.01,"Auxiliar, guardería escolar",8
5311.01.02,"Auxiliar, volante (Baby-sitter)",8
5311.01.03,"Celadora, escuela",8
5311.01.04,"Institutriz (asistente de niños)",8
5311.01.05,"Madre comunitaria",8
5311.01.06,Niñera,8
5311.01.07,"Niñera en casa particular",8
5311.01.08,"Niñera en centro parvulario",8
5312,"AUXILIARES DE MAESTROS",4
5312.01,"Auxiliares de maestros",6
5312.01.01,"Asistente de enseñanza especial",8
5312.01.02,"Asistente de enseñanza preescolar",8
5312.01.03,"Nivelador de enseñanza primaria",8
5312.01.04,"Nivelador de enseñanza secundaria",8
532,"TRABAJADORES DE LOS CUIDADOS PERSONALES EN SERVICIOS DE SALUD",3
5321,"TRABAJADORES DE LOS CUIDADOS PERSONALES EN INSTITUCIONES",4
5321.01,"Trabajadores de los cuidados personales en instituciones",6
5321.01.01,"Auxiliar de enfermería (hospital)",8
5321.01.02,"Auxiliar de obstetricia",8
5321.01.03,"Auxiliar, enfermería / excepto enfermería a domicilio",8
5321.01.04,"Auxiliar, enfermería / primeros auxilios",8
5321.01.05,"Auxiliar, hospitalario",8
5321.01.06,"Ayudante de terapia / física",8
5321.01.07,"Ayudante de terapia / respiratoria",8
5321.01.08,"Ayudante, enfermería / ambulancia",8
5321.01.09,"Ayudante, enfermería / clínica",8
5321.01.10,"Ayudante, enfermería / hospital",8
5321.01.11,"Ayudante, psiquiátrico",8
5321.01.12,"Empleado de asilo de ancianos",8
5321.01.13,Loquero,8
5322,"TRABAJADORES DE LOS CUIDADOS PERSONALES A DOMICILIOS",4
5322.01,"Trabajadores de los cuidados personales a domicilios",6
5322.01.01,"Asistente del cuidado de la salud del hogar",8
5322.01.02,"Asistente domiciliario de ancianos",8
5322.01.03,"Ayudante enfermería / domicilio",8
5322.01.04,"Cuidador de personas discapacitadas",8
5329,"TRABAJADORES DE LOS CUIDADOS PERSONALES EN SERVICIOS DE SALUD NO CLASIFICADOS BAJO OTROS EPÍGRAFES",4
5329.01,"Trabajadores de los cuidados personales en servicios de salud no clasificados bajo otros epígrafes",6
5329.01.01,"Asistente de proyección de imágenes médicas",8
5329.01.02,"Auxiliar, flebotomista",8
5329.01.03,"Ayudante, esterilización de instrumentos",8
5329.01.04,"Ayudante, farmacia",8
5329.01.05,"Ayudante, veterinaria",8
5329.01.06,"Mancebo, farmacia",8
54,"PERSONAL DE LOS SERVICIOS DE PROTECCIÓN",2
541,"PERSONAL DE LOS SERVICIOS DE PROTECCIÓN",3
5411,BOMBEROS,4
5411.01,Bomberos,6
5411.01.01,"Auxiliar de bombero (aeropuerto)",8
5411.01.02,Bombero,8
5411.01.03,"Bombero, accidentes de aviación",8
5411.01.04,"Bombero, aeropuertos",8
5411.01.05,"Bombero, forestal",8
5411.01.06,"Capitán bomberos",8
5411.01.07,"Especialista, salvamento / incendios",8
5411.01.08,"Jefe de bomberos",8
5411.01.09,"Oficial bombero",8
5411.01.10,"Vigilante, prevención de incendios",8
5412,POLICÍAS,4
5412.01,Policías,6
5412.01.01,"Agente, policía",8
5412.01.02,"Agente, policía criminal",8
5412.01.03,"Agente, policía tránsito",8
5412.01.04,"Capitán, policía",8
5412.01.05,"Coronel, policía",8
5412.01.06,"General, policía",8
5412.01.07,Guardia,8
5412.01.08,"Guardia civil",8
5412.01.09,"Guardia rural",8
5412.01.10,"Investigador, policía",8
5412.01.11,"Oficial, policía",8
5412.01.12,"Oficial de policía, patrulla",8
5412.01.13,"Oficial policía vial",8
5412.01.14,"Mayor, policía",8
5412.01.15,"Patrullero, policía",8
5412.01.16,"Patrullero, policía / carreteras",8
5412.01.17,Policía,8
5412.01.18,"Policía, aeropuertos",8
5412.01.19,"Policía municipal",8
5412.01.20,"Policía, puertos",8
5412.01.21,"Policía, turismo",8
5412.01.22,"Policía, vías fluviales",8
5412.01.23,"Sub-oficial de policía",8
5412.01.24,"Suboficial policía portuaria",8
5412.01.25,"Suboficial policía vial",8
5412.01.26,"Subteniente, policía",8
5412.01.27,"Teniente coronel, policía",8
5412.01.28,"Teniente, policía",8
5413,"GUARDIANES DE PRISIÓN",4
5413.01,"Guardianes de prisión",6
5413.01.01,Carcelero,8
5413.01.02,"Guardián, cárcel",8
5413.01.03,"Guardián, correccional",8
5413.01.04,"Oficial de cárceles y citaciones",8
5414,"GUARDIANES DE PROTECCIÓN",4
5414.01,"Guardianes de protección",6
5414.01.01,"Agente de seguridad",8
5414.01.02,Guardaespaldas,8
5414.01.03,"Guardia de condominios y viviendas",8
5414.01.04,"Guardia de empresa privada",8
5414.01.05,"Guardia de finca cafetalera",8
5414.01.06,"Guardia de seguridad",8
5414.01.07,"Guardia valores",8
5414.01.08,"Guardia, bancario",8
5414.01.09,Guardián,8
5414.01.10,"Guardián, feria",8
5414.01.11,"Guardián, galería de arte",8
5414.01.12,"Guardián, guardarropa",8
5414.01.13,"Guardián, museo",8
5414.01.14,"Guardián, parque de atracciones",8
5414.01.15,"Guardián, parques y jardines públicos",8
5414.01.16,"Guardián, salón de descanso",8
5414.01.17,"Jefe de seguridad",8
5414.01.18,"Jefe de vigilantes",8
5414.01.19,"Patrullero, seguridad",8
5414.01.20,Sereno,8
5414.01.21,"Supervisor de vigilantes",8
5414.01.22,"Supervisor, agente de seguridad",8
5414.01.23,Vigilante,8
5414.01.24,"Vigilante, cajeros automáticos",8
5414.01.25,"Vigilante, museo",8
5414.01.26,"Vigilante, nocturno",8
5419,"PERSONAL DE LOS SERVICIOS DE PROTECCION NO CLASIFICADOS BAJO OTROS EPIGRAFES",4
5419.01,"Personal de los servicios de protección no clasificados bajo otros epígrafes",6
5419.01.01,"Administrador de empresas de seguridad y vigilancia, dueño (hasta 4 empleados)",8
5419.01.02,Bañero,8
5419.01.03,"Custodio (canastillero)",8
5419.01.04,Guardabosque,8
5419.01.05,"Guardián de campo deportivo",8
5419.01.06,"Guardián de balneario",8
5419.01.07,"Guardián de cementerio",8
5419.01.08,"Guardián de vehículos en vía pública",8
5419.01.09,"Guardián, estacionamiento",8
5419.01.10,"Guardián, costa",8
5419.01.11,"Guardián, playa",8
5419.01.12,"Guardián, reserva natural",8
5419.01.13,"Guardián, reserva natural / aves",8
5419.01.14,"Jefe guardianes",8
5419.01.15,"Oficial de control animal",8
5419.01.16,"Patrullero, playas",8
5419.01.17,Salvavidas,8
5419.01.18,"Vigilante de parques y jardines",8
5419.01.19,"Vigilante, horarios de trabajo",8
6,"AGRICULTORES Y TRABAJADORES CALIFICADOS AGROPECUARIOS, FORESTALES Y PESQUEROS",1
61,"AGRICULTORES Y TRABAJADORES CALIFICADOS DE EXPLOTACIONES AGROPECUARIAS CON DESTINO AL MERCADO",2
611,"AGRICULTORES Y TRABAJADORES CALIFICADOS DE JARDINES Y DE CULTIVOS PARA EL MERCADO",3
6111,"AGRICULTORES Y TRABAJADORES CALIFICADOS DE CULTIVOS EXTENSIVOS",4
6111.01,"Agricultores de cultivos extensivos",6
6111.01.01,Agricultor,8
6111.01.02,"Agricultor, cultivo / acelga",8
6111.01.03,"Agricultor, cultivo / aguacate",8
6111.01.04,"Agricultor, cultivo / ají",8
6111.01.05,"Agricultor, cultivo / ajo",8
6111.01.06,"Agricultor, cultivo / alfalfa",8
6111.01.07,"Agricultor, cultivo / algodón",8
6111.01.08,"Agricultor, cultivo / apio",8
6111.01.09,"Agricultor, cultivo / arroz",8
6111.01.10,"Agricultor, cultivo / berenjena",8
6111.01.11,"Agricultor, cultivo / brócoli",8
6111.01.12,"Agricultor, cultivo / cacahuete",8
6111.01.13,"Agricultor, cultivo / calabaza",8
6111.01.14,"Agricultor, cultivo / camote",8
6111.01.15,"Agricultor, cultivo / caña de azúcar",8
6111.01.16,"Agricultor, cultivo / cebada",8
6111.01.17,"Agricultor, cultivo / cebolla",8
6111.01.18,"Agricultor, cultivo / centeno",8
6111.01.19,"Agricultor, cultivo / cereales",8
6111.01.20,"Agricultor, cultivo / cilantro",8
6111.01.21,"Agricultor, cultivo / col",8
6111.01.22,"Agricultor, cultivo / coliflor",8
6111.01.23,"Agricultor, cultivo / comino",8
6111.01.24,"Agricultor, cultivo / espinacas",8
6111.01.25,"Agricultor, cultivo / fresa",8
6111.01.26,"Agricultor, cultivo / garbanzo",8
6111.01.27,"Agricultor, cultivo / hortalizas (cultivo extensivo)",8
6111.01.28,"Agricultor, cultivo / jícamas",8
6111.01.29,"Agricultor, cultivo / lechuga",8
6111.01.30,"Agricultor, cultivo / legumbres",8
6111.01.31,"Agricultor, cultivo / lino",8
6111.01.32,"Agricultor, cultivo / maíz",8
6111.01.33,"Agricultor, cultivo / maíz y fréjol",8
6111.01.34,"Agricultor, cultivo / manzanilla",8
6111.01.35,"Agricultor, cultivo / mijo",8
6111.01.36,"Agricultor, cultivo / papas",8
6111.01.37,"Agricultor, cultivo / pastos",8
6111.01.38,"Agricultor, cultivo / pepino",8
6111.01.39,"Agricultor, cultivo / perejil",8
6111.01.40,"Agricultor, cultivo / pimienta",8
6111.01.41,"Agricultor, cultivo / plátano",8
6111.01.42,"Agricultor, cultivo / remolacha",8
6111.01.43,"Agricultor, cultivo / sisal",8
6111.01.44,"Agricultor, cultivo / soja",8
6111.01.45,"Agricultor, cultivo / sorgo",8
6111.01.46,"Agricultor, cultivo / soya",8
6111.01.47,"Agricultor, cultivo / tabaco",8
6111.01.48,"Agricultor, cultivo / tamarindo",8
6111.01.49,"Agricultor, cultivo / tomate riñón",8
6111.01.50,"Agricultor, cultivo / trigo",8
6111.01.51,"Agricultor, cultivo / yerbabuena",8
6111.01.52,"Agricultor, cultivo / yuca",8
6111.01.53,"Agricultor, cultivo / yute",8
6111.01.54,"Agricultor, cultivo / zambos",8
6111.01.55,"Agricultor, cultivo / zanahoria",8
6111.01.56,"Agricultor, cultivo / zapallos",8
6111.01.57,"Cortador, alfalfa",8
6111.01.58,"Cortador, avena",8
6111.01.59,"Cortador, banano",8
6111.01.60,"Cortador, cebada",8
6111.01.61,"Cortador, espárrago",8
6111.01.62,"Cortador, productos agrícolas",8
6111.01.63,"Cortador, sandías",8
6111.01.64,"Cortador, tabaco",8
6111.01.65,"Cortador, trigo",8
6111.01.66,"Cultivador, cereales y plantas forrajeras",8
6111.01.67,"Desgranador, semillas",8
6111.01.68,"Limpiador, arroz",8
6111.01.69,"Operador, canales de riego",8
6111.01.70,"Operador, sistema de riego",8
6111.01.71,"Preparador, tierra de cultivo",8
6111.01.72,"Productor, algodón",8
6111.01.73,"Productor, caña de azúcar",8
6111.01.74,"Productor, cultivos extensivos",8
6111.01.75,"Productor, hortalizas / cultivo extensivo",8
6111.01.76,"Productor, remolacha azucarera",8
6111.01.77,"Productor, soja",8
6111.02,"Trabajadores calificados de cultivos extensivos",6
6111.02.01,"Propietario, agricultores de cultivos extensivos",8
6111.02.02,"Trabajo agrícola calificado (cultivo)",8
6111.02.03,"Trabajador agrícola calificado, algodón",8
6111.02.04,"Trabajador agrícola calificado, arroz",8
6111.02.05,"Trabajador agrícola calificado, banano",8
6111.02.06,"Trabajador agrícola calificado, cacahuetes",8
6111.02.07,"Trabajador agrícola calificado, caña de azúcar",8
6111.02.08,"Trabajador agrícola calificado, cultivo extensivo",8
6111.02.09,"Trabajador agrícola calificado, irrigación",8
6111.02.10,"Trabajador agrícola calificado, lino",8
6111.02.11,"Trabajador agrícola calificado, patatas",8
6111.02.12,"Trabajador agrícola calificado, remolacha",8
6111.02.13,"Trabajador agrícola calificado, tabaco",8
6111.02.14,"Trabajador agrícola calificado, trigo",8
6111.02.15,"Trabajador agrícola calificado, yute",8
6112,"AGRICULTORES Y TRABAJADORES CALIFICADOS DE PLANTACIONES DE ÁRBOLES Y ARBUSTOS",4
6112.01,"Agricultores de plantaciones de árboles y arbustos",6
6112.01.01,"Agricultor, cultivo / banano",8
6112.01.02,"Agricultor, cultivo / caimito",8
6112.01.03,"Agricultor, cultivo / caucho",8
6112.01.04,"Agricultor, cultivo / cereza",8
6112.01.05,"Agricultor, cultivo / chirimoya",8
6112.01.06,"Agricultor, cultivo / ciruela",8
6112.01.07,"Agricultor, cultivo / cítricos",8
6112.01.08,"Agricultor, cultivo / durazno",8
6112.01.09,"Agricultor, cultivo / granadilla",8
6112.01.10,"Agricultor, cultivo / guanábana",8
6112.01.11,"Agricultor, cultivo / guayaba",8
6112.01.12,"Agricultor, cultivo / higo",8
6112.01.13,"Agricultor, cultivo / lima",8
6112.01.14,"Agricultor, cultivo / limón",8
6112.01.15,"Agricultor, cultivo / mamey",8
6112.01.16,"Agricultor, cultivo / mandarina",8
6112.01.17,"Agricultor, cultivo / mango",8
6112.01.18,"Agricultor, cultivo / manzana",8
6112.01.19,"Agricultor, cultivo / melón",8
6112.01.20,"Agricultor, cultivo / mora",8
6112.01.21,"Agricultor, cultivo / naranja",8
6112.01.22,"Agricultor, cultivo / nuez",8
6112.01.23,"Agricultor, cultivo / papaya",8
6112.01.24,"Agricultor, cultivo / pera",8
6112.01.25,"Agricultor, cultivo / piña",8
6112.01.26,"Agricultor, cultivo / sandía",8
6112.01.27,"Agricultor, cultivo / toronja",8
6112.01.28,"Agricultor, cultivo / tuna",8
6112.01.29,"Agricultor, cultivo / uva",8
6112.01.30,"Agricultor, cultivo / zapote",8
6112.01.31,"Agricultor, plantación / cacao",8
6112.01.32,"Agricultor, plantación / cafetales",8
6112.01.33,"Agricultor, plantación / cocoteros",8
6112.01.34,"Agricultor, plantación / hevea",8
6112.01.35,"Arboricultor, almendros",8
6112.01.36,"Arboricultor, arbustos",8
6112.01.37,"Arboricultor, cacao",8
6112.01.38,"Arboricultor, cafetales",8
6112.01.39,"Arboricultor, cocoteros",8
6112.01.40,"Arboricultor, frutales",8
6112.01.41,"Arboricultor, lúpulo",8
6112.01.42,"Arboricultor, nogales",8
6112.01.43,"Arboricultor, oleaginosas",8
6112.01.44,"Arboricultor, plantaciones / copra",8
6112.01.45,"Arboricultor, plantaciones / hevea",8
6112.01.46,"Arboricultor, plantaciones / té",8
6112.01.47,"Cortador, cacao",8
6112.01.48,"Cortador, café",8
6112.01.49,"Cortador, coco",8
6112.01.50,"Cortador, piña",8
6112.01.51,"Cortador, tomate rojo",8
6112.01.52,Cosechero,8
6112.01.53,"Cultivador, lúpulo",8
6112.01.54,"Cultivador, plantaciones / té",8
6112.01.55,"Deshojador, cultivo",8
6112.01.56,Fruticultor,8
6112.01.57,Gomero,8
6112.01.58,Injertador,8
6112.01.59,"Limpiador, café",8
6112.01.60,"Podador- injertador, arbustos",8
6112.01.61,"Podador, árboles frutales",8
6112.01.62,"Productor, té",8
6112.01.63,"Propietario, agricultores de árboles y arbustos",8
6112.01.64,Resinero,8
6112.01.65,"Sangrador, árboles / excepto hevea",8
6112.01.66,"Sangrador, caucho",8
6112.01.67,"Sangrador, jarabe de arce",8
6112.01.68,"Secador, semillas y/o granos",8
6112.01.69,"Selector, semillas",8
6112.02,"Trabajadores calificados de plantaciones de árboles y arbustos",6
6112.02.01,"Trabajador agrícola calificado, árboles frutales",8
6112.02.02,"Trabajador agrícola calificado, árboles y arbustos",8
6112.02.03,"Trabajador agrícola calificado, cacao",8
6112.02.04,"Trabajador agrícola calificado, café",8
6112.02.05,"Trabajador agrícola calificado, cosecha / arbustos",8
6112.02.06,"Trabajador agrícola calificado, hevea",8
6112.02.07,"Trabajador agrícola calificado, lúpulo",8
6112.02.08,"Trabajador agrícola calificado, plantaciones / arbustos",8
6112.02.09,"Trabajador agrícola calificado, plantaciones / té",8
6112.02.10,"Trabajador agrícola calificado, plantaciones / viticultura",8
6112.02.11,Vinicultor,8
6112.02.12,Viticultor,8
6113,"AGRICULTORES Y TRABAJADORES CALIFICADOS DE HUERTAS, INVERNADEROS, VIVEROS Y JARDINES",4
6113.01,"Agricultores y trabajadores calificados de huertas, invernaderos, viveros y jardines",6
6113.01.01,"Clasificador, plantas",8
6113.01.02,"Cortador, flores",8
6113.01.03,"Cuidador, plantas en vivero",8
6113.01.04,"Cultivador de zetas y champiñones",8
6113.01.05,"Cultivador, cañas y mimbre",8
6113.01.06,"Cultivador, viveros",8
6113.01.07,"Cultivador, viveros / bulbos",8
6113.01.08,"Cultivador, viveros / especias",8
6113.01.09,"Cultivador, viveros / hortalizas",8
6113.01.10,"Cultivador, viveros / semillas",8
6113.01.11,"Empacador, flores",8
6113.01.12,Floricultor,8
6113.01.13,"Floricultor, rosas",8
6113.01.14,"Floricultor, tulipanes",8
6113.01.15,Hortelano,8
6113.01.16,Horticultor,8
6113.01.17,"Horticultor, viveros",8
6113.01.18,"Injertador, flores",8
6113.01.19,Jardinero,8
6113.01.20,"Jardinero, campos de deporte",8
6113.01.21,"Jardinero, parques",8
6113.01.22,"Jardinero, semillero",8
6113.01.23,"Jardinero, viveros",8
6113.01.24,"Propietarios, agricultores de huertas, invernaderos, viveros y jardines",8
6113.01.25,"Trabajador, cultivo de claveles",8
6113.01.26,"Trabajador, cultivo de girasoles",8
6113.01.27,"Trabajador, cultivo de lilas",8
6113.01.28,"Trabajador, cultivo de margaritas",8
6113.01.29,"Trabajador, cultivo de orquídeas",8
6113.01.30,"Trabajador agrícola calificado, césped",8
6113.01.31,"Trabajador agrícola calificado, cultivo de hongos",8
6113.01.32,"Trabajador agrícola calificado, horticultura",8
6113.01.33,"Trabajador agrícola calificado, vivero",8
6114,"AGRICULTORES Y TRABAJADORES CALIFICADOS DE CULTIVOS MIXTOS",4
6114.01,"Agricultores y trabajadores calificados de cultivos mixtos",6
6114.01.01,"Agricultor, policultivos",8
6114.01.02,"Propietarios, agricultores de cultivos mixtos.",8
6114.01.03,"Trabajador agrícola calificado policultivos",8
612,"CRIADORES Y TRABAJADORES PECUARIOS CALIFICADOS DE LA CRÍA DE ANIMALES PARA EL MERCADO Y AFINES",3
6121,"CRIADORES DE GANADO",4
6121.01,"Criadores de ganado",6
6121.01.01,Boyero,8
6121.01.02,"Castrador, animales",8
6121.01.03,"Colocador, herraduras a caballos",8
6121.01.04,"Criador, animales domésticos / piel",8
6121.01.05,"Criador, animales en laboratorio",8
6121.01.06,"Criador, caballos",8
6121.01.07,"Criador, corderos de astracán",8
6121.01.08,"Criador, ganado",8
6121.01.09,"Criador, ganado bovino",8
6121.01.10,"Criador, ganado caballar",8
6121.01.11,"Criador, ganado caprino",8
6121.01.12,"Criador, ganado lechero",8
6121.01.13,"Criador, ganado ovino",8
6121.01.14,"Criador, ganado porcino",8
6121.01.15,"Criador, gatos",8
6121.01.16,"Criador, perros",8
6121.01.17,"Criador, reproductores",8
6121.01.18,"Drenador, potreros",8
6121.01.19,"Empleado, establo",8
6121.01.20,Esquilador,8
6121.01.21,Ganadero,8
6121.01.22,"Inseminador, ganado",8
6121.01.23,Ordeñador,8
6121.01.24,"Ordeñador a máquina",8
6121.01.25,"Pastor (Ganado)",8
6121.01.26,"Picador de potrero",8
6121.01.27,"Productor, leche",8
6121.01.28,"Propietarios criadores de ganado y otros animales domésticos, productores de leche y sus derivados.",8
6121.01.29,"Propietarios, criadores de animales domésticos diversos.",8
6121.01.30,Ranchero,8
6121.01.31,"Trabajador, cría de burros",8
6121.01.32,"Trabajador, cría de conejos",8
6121.01.33,"Trabajador, cría de cuyes",8
6121.01.34,"Trabajador, cría y cuidado de gallos (de pelea)",8
6121.01.35,"Trabajador, cría y cuidado de ganado bovino",8
6121.01.36,"Trabajador, cría de mulas",8
6121.01.37,"Trabajador pecuario calificado",8
6121.01.38,"Trabajador pecuario calificado, animales domésticos / pieles",8
6121.01.39,"Trabajador pecuario calificado, criadero de animales",8
6121.01.40,"Trabajador pecuario calificado, ganadería",8
6121.01.41,"Trabajador pecuario calificado, ganadería y producción de leche",8
6121.01.42,"Trabajador pecuario calificado, ganado lanar",8
6121.01.43,"Trabajador pecuario calificado, ganado porcino",8
6122,"AVICULTORES Y TRABAJADORES CALIFICADOS DE LA AVICULTURA",4
6122.01,"Avicultores y trabajadores calificados de la avicultura",6
6122.01.01,Avicultor,8
6122.01.02,"Avicultor, cría / criadero",8
6122.01.03,"Avicultor, huevos",8
6122.01.04,"Avicultor, incubación artificial",8
6122.01.05,"Avicultor, ocas",8
6122.01.06,"Avicultor, patos",8
6122.01.07,"Avicultor, pavos",8
6122.01.08,"Avicultor, pollos",8
6122.01.09,"Cargador, aves",8
6122.01.10,"Clasificador, huevos",8
6122.01.11,"Clasificador, pollos",8
6122.01.12,"Criador, aves de caza",8
6122.01.13,"Criador, aves de corral",8
6122.01.14,"Contador, pollos",8
6122.01.15,"Cortador, aves",8
6122.01.16,"Desplumador, aves",8
6122.01.17,"Granjero, avicultor",8
6122.01.18,"Inseminador, aves",8
6122.01.19,"Limpiador, pollos",8
6122.01.20,"Ofertadores, aves de corral",8
6122.01.21,"Preparador, pollos",8
6122.01.22,"Propietarios, avicultores",8
6122.01.23,"Recogedor, huevos",8
6122.01.24,"Sacrificador, aves",8
6122.01.25,"Sexador, pollos",8
6122.01.26,"Trabajador calificado, avicultura",8
6122.01.27,"Trabajador calificado, incubadoras",8
6122.01.28,"Trabajador, cría y cuidado de pollos",8
6122.01.29,"Trabajador, cría de gansos",8
6123,"APICULTORES Y SERICULTORES Y TRABAJADORES CALIFICADOS DE LA APICULTURA Y LA SERICULTURA",4
6123.01,"Apicultores y sericultores y trabajadores calificados de la apicultura y la sericultura",6
6123.01.01,Apicultor,8
6123.01.02,"Criador, gusanos de seda",8
6123.01.03,"Criador, serpientes",8
6123.01.04,"Propietarios, apicultores y sericicultores",8
6123.01.05,Sericultor,8
6123.01.06,"Trabajador calificado, apicultura",8
6123.01.07,"Trabajador calificado, sericicultura",8
6123.01.08,"Trabajador, extracción miel de abejas",8
6129,"CRIADORES Y TRABAJADORES PECUARIOS CALIFICADOS DE LA CRÍA DE ANIMALES NO CLASIFICADOS BAJO OTROS EPÍGRAFES",4
6129.01,"Criadores y trabajadores pecuarios calificados de la cría de animales no clasificados bajo otros epígrafes",6
6129.01.01,"Adiestrador, perros",8
6129.01.02,"Criador, cocodrilo",8
6129.01.03,"Criador, animales no domésticos / pieles finas",8
6129.01.04,"Criador, animales de laboratorio cobayos",8
6129.01.05,"Criador, animales reservas naturales",8
6129.01.06,"Criador, aves y pájaros domésticos",8
6129.01.07,"Criador, avestruces",8
6129.01.08,"Criador, caracoles",8
6129.01.09,"Criador, criadero diversificado",8
6129.01.10,"Criador, leones",8
6129.01.11,"Criador, renos",8
6129.01.12,"Criador, reptiles / ofidios",8
6129.01.13,"Criador, toros de lidia",8
6129.01.14,"Cuidador, animales / parques zoológicos",8
6129.01.15,"Cuidador, animales / reservas naturales",8
6129.01.16,"Domador, caballos",8
6129.01.17,"Entrenador, caballos de carrera",8
6129.01.18,"Guardián, ganado",8
6129.01.19,"Guardián, pajarera",8
6129.01.20,"Guardián, parque zoológico",8
6129.01.21,"Obtentor, caracol",8
6129.01.22,"Trabajador calificado, aves y pájaros salvajes",8
6129.01.23,"Trabajador calificado, cría de avestruces",8
6129.01.24,"Trabajador calificado, criadero diversificado",8
6129.01.25,"Trabajador, animales salvajes / pieles finas",8
6129.01.26,"Trabajador, cría de pájaros",8
6129.01.27,"Trabajador, cría de pájaros salvajes",8
6129.01.28,"Trabajador, cría de palomas y codornices",8
6129.01.29,"Trabajador, zoológico",8
613,"PRODUCTORES Y TRABAJADORES CALIFICADOS DE EXPLOTACIONES AGROPECUARIAS MIXTAS CUYA PRODUCCIÓN SE DESTINA AL MERCADO",3
6130,"PRODUCTORES Y TRABAJADORES CALIFICADOS DE EXPLOTACIONES AGROPECUARIAS MIXTAS CUYA PRODUCCIÓN SE DESTINA AL MERCADO",4
6130.01,"Productores y trabajadores calificados de explotaciones agropecuarias mixtas cuya producción se destina al mercado",6
6130.01.01,"Agricultor (explotación mixta)",8
6130.01.02,"Agricultor - apicultor",8
6130.01.03,"Agricultor - avicultor",8
6130.01.04,"Agricultor - ganadero",8
6130.01.05,"Campesino, cultivo de maíz y cría de cerdos",8
6130.01.06,"Campesino, cultivo de maíz y cría de conejos",8
6130.01.07,"Campesino, cultivo de maíz y cría de gallinas",8
6130.01.08,"Campesino, cultivo de maíz y cría de vacas",8
6130.01.09,"Productor - agropecuario",8
6130.01.10,"Productor, explotación mixta / policultivos y cría de animales",8
6130.01.11,"Trabajador agropecuario calificado",8
6130.01.12,"Trabajador agrícola calificado (exportación mixta)",8
62,"TRABAJADORES FORESTALES CALIFICADOS, PESCADORES Y CAZADORES",2
621,"TRABAJADORES FORESTALES CALIFICADOS Y AFINES",3
6210,"TRABAJADORES FORESTALES CALIFICADOS Y AFINES",4
6210.01,"Trabajadores forestales calificados y afines",6
6210.01.01,Almadiero,8
6210.01.02,"Anotador de cortado de caña",8
6210.01.03,"Aserrador, monte",8
6210.01.04,"Ayudante de talador y trozador de árboles",8
6210.01.05,"Carbonero, carbón vegetal",8
6210.01.06,"Destilador, madera",8
6210.01.07,"Clasificador, árboles",8
6210.01.08,"Clasificador, troncos",8
6210.01.09,"Cubicador marcador de árboles",8
6210.01.10,"Cubicador, madera",8
6210.01.11,"Descorchador, alcornoques",8
6210.01.12,"Descortezador, árboles",8
6210.01.13,"Desfibrador, madera",8
6210.01.14,"Escalador-podador, árboles",8
6210.01.15,"Escuadrador, troncos",8
6210.01.16,Gabarrero,8
6210.01.17,Ganchero,8
6210.01.18,Hachero,8
6210.01.19,Leñador,8
6210.01.20,"Marcador, árboles",8
6210.01.21,Motosierrista,8
6210.01.22,"Podador, silvicultura",8
6210.01.23,"Propietarios forestales",8
6210.01.24,"Quemador, carbón",8
6210.01.25,"Recolector, forestal",8
6210.01.26,"Reforestador, bosques",8
6210.01.27,"Secador, corcho",8
6210.01.28,"Supervisor, forestal",8
6210.01.29,Talador,8
6210.01.30,"Trabajador carbonero calificado, carbón vegetal / técnicas tradicionales",8
6210.01.31,"Trabajador forestal calificado, destilación de madera / técnicas tradicionales",8
6210.01.32,"Trabajador forestal calificado",8
6210.01.33,"Trabajador forestal calificado, repoblación forestal",8
6210.01.34,"Trabajador forestal calificado, silvicultura",8
6210.01.35,"Trozador, árboles",8
6210.01.36,"Trozador, traviesas de ferrocarril",8
6210.01.37,"Trozador, vigas",8
622,"PESCADORES, CAZADORES Y TRAMPEROS",3
6221,"TRABAJADORES DE EXPLOTACIÓN DE ACUICULTURA",4
6221.01,"Trabajadores de explotación de acuicultura",6
6221.01.01,Camaroneros,8
6221.01.02,Cangrejero,8
6221.01.03,"Criador, crustáceos",8
6221.01.04,"Criador, madreperlas",8
6221.01.05,"Criador, ostras",8
6221.01.06,"Criador, ranas",8
6221.01.07,"Criador, tilapias",8
6221.01.08,"Criador, truchas",8
6221.01.09,"Cultivador, algas",8
6221.01.10,"Cultivador de perlas",8
6221.01.11,Marisquero,8
6221.01.12,Ostricultor,8
6221.01.13,Piscicultor,8
6221.01.14,"Piscicultor, incubador de peces",8
6221.01.15,"Trabajador calificado, cría y cuidado de tortugas",8
6221.01.16,"Trabajador calificado, incubadoras / huevos de peces",8
6221.01.17,"Trabajador calificado, ostricultor",8
6221.01.18,"Trabajador calificado, peces y mariscos",8
6221.01.19,"Trabajador calificado, piscicultura",8
6222,"PESCADORES DE AGUA DULCE Y EN AGUAS COSTERAS",4
6222.01,"Pescadores de agua dulce y en aguas costeras",6
6222.01.01,"Buzo, pescador / coral",8
6222.01.02,"Buzo, pescador / esponjas",8
6222.01.03,"Buzo, pescador / ostras",8
6222.01.04,"Buzo, pescador / pulpo",8
6222.01.05,"Patrón, pesca costera",8
6222.01.06,"Pescador, atarrayero",8
6222.01.07,"Pescador con anzuelo",8
6222.01.08,"Pescador de Rio (agua dulce)",8
6222.01.09,"Pescador, esponjas",8
6222.01.10,"Pescador, mariscador",8
6222.01.11,"Pescador, mejillonero",8
6222.01.12,"Pescador, ostras perlíferas",8
6222.01.13,"Trabajador calificado, pesca / agua dulce",8
6222.01.14,"Trabajador calificado, pesca / aguas costeras",8
6223,"PESCADORES DE ALTA MAR",4
6223.01,"Pescadores de alta mar",6
6223.01.01,Almadrabero,8
6223.01.02,"Patrón de arrastre",8
6223.01.03,"Pescador de bajura",8
6223.01.04,"Pescador, alta mar",8
6223.01.05,"Pescador, rastra",8
6223.01.06,"Pescador, atunero",8
6223.01.07,"Trabajador calificado, pesca / alta mar",8
6223.01.08,Tiburonero,8
6224,"CAZADORES Y TRAMPEROS",4
6224.01,"Cazadores y tramperos",6
6224.01.01,Arponero,8
6224.01.02,Ballenero,8
6224.01.03,Cazador,8
6224.01.04,"Cazador ballenas",8
6224.01.05,"Cazador, focas",8
6224.01.06,"Cazador, mariposas",8
6224.01.07,"Cazador, patrón (hasta 4 empleados)",8
6224.01.08,"Descuartizador, ballenas",8
6224.01.09,Ojeador,8
6224.01.10,Trampero,8
63,"TRABAJADORES AGROPECUARIOS, PESCADORES, CAZADORES Y RECOLECTORES DE SUBSISTENCIA",2
631,"TRABAJADORES AGRÍCOLAS DE SUBSISTENCIA",3
6310,"TRABAJADORES AGRÍCOLAS DE SUBSISTENCIA",4
6310.01,"Trabajadores agrícolas de subsistencia",6
6310.01.01,"Agricultor, subsistencia",8
6310.01.02,"Cultivador de hortalizas, subsistencia",8
6310.01.03,"Jardinero, subsistencia",8
632,"TRABAJADORES PECUARIOS DE SUBSISTENCIA",3
6320,"TRABAJADORES PECUARIOS DE SUBSISTENCIA",4
6320.01,"Trabajadores pecuarios de subsistencia",6
6320.01.01,"Agricultor, ganadería de subsistencia",8
6320.01.02,"Trabajador, pecuario de subsistencia",8
633,"TRABAJADORES AGROPECUARIOS DE SUBSISTENCIA",3
6330,"TRABAJADORES AGROPECUARIOS DE SUBSISTENCIA",4
6330.01,"Trabajadores agropecuarios de subsistencia",6
6330.01.01,"Agricultor, subsistencia mixta",8
6330.01.02,"Trabajador agrícola calificado, cultivos de subsistencia",8
6330.01.03,"Trabajador agropecuario de subsistencia",8
634,"PESCADORES, CAZADORES, TRAMPEROS Y RECOLECTORES DE SUBSISTENCIA",3
6340,"PESCADORES, CAZADORES, TRAMPEROS Y RECOLECTORES DE SUBSISTENCIA",4
6340.01,"Pescadores, cazadores y tramperos y recolectores de subsidencia",6
6340.01.01,"Cazador - recolector",8
6340.01.02,"Colector, subsistencia",8
6340.01.03,"Pescador, subsistencia",8
7,"OFICIALES, OPERARIOS Y ARTESANOS DE ARTES MECÁNICAS Y DE OTROS OFICIOS",1
71,"OFICIALES Y OPERARIOS DE LA CONSTRUCCIÓN EXCLUYENDO ELECTRICISTAS",2
711,"OFICIALES Y OPERARIOS DE LA CONSTRUCCIÓN (OBRA GRUESA) Y AFINES",3
7111,"CONSTRUCTORES DE CASAS",4
7111.01,"Constructores de casas",6
7111.01.01,"Contratista o constructor, viviendas",8
7111.01.02,"Constructor, casas / materiales tradicionales",8
7111.01.03,"Constructores con técnicas y materiales tradicionales, patrón (hasta 4 empleados)",8
7111.01.04,"Maestro de obras, materiales tradicionales",8
7112,ALBAÑILES,4
7112.01,Albañiles,6
7112.01.01,Adoquinador,8
7112.01.02,Albañil,8
7112.01.03,Albañalero,8
7112.01.04,"Albañil, chimeneas",8
7112.01.05,"Albañil, conexiones de agua",8
7112.01.06,"Albañil, construcción",8
7112.01.07,"Albañil, hornos",8
7112.01.08,"Albañil, lingoteras / ladrillo",8
7112.01.09,"Albañil, material refractario",8
7112.01.10,"Albañil, oficial",8
7112.01.11,"Albañil, patrón (hasta 4 empleados)",8
7112.01.12,"Albañil, piedra / construcción",8
7112.01.13,"Albañil, refractarios",8
7112.01.14,"Albañil-fumista, industrial",8
7112.01.15,"Albañil-mampostero, construcción",8
7112.01.16,"Colocador, bordillos",8
7112.01.17,"Colocador, ladrillos / chimeneas",8
7112.01.18,"Colocador, bloques y ladrillos",8
7112.01.19,"Cortador, ladrillos",8
7112.01.20,"Constructor, chimenea",8
7112.01.21,"Maestro mayor, albañilería",8
7113,"MAMPOSTEROS, TRONZADORES, LABRANTES Y GRABADORES DE PIEDRA",4
7113.01,"Mamposteros, tronzadores, labrantes y grabadores de piedra",6
7113.01.01,Adornista,8
7113.01.02,"Adornista, monumentos",8
7113.01.03,"Amolador, piedra",8
7113.01.04,"Amolador, pizarra",8
7113.01.05,"Aserrador, piedra",8
7113.01.06,"Clasificador, piedras",8
7113.01.07,"Cortador, granito",8
7113.01.08,"Cortador, piedra",8
7113.01.09,"Cortador, piedra / inscripciones",8
7113.01.10,"Cortador-pulidor, piedra",8
7113.01.11,"Cortador, piedra (mano o herramientas con motor)",8
7113.01.12,"Escultor, piedra",8
7113.01.13,"Escultor, tumbas",8
7113.01.14,"Elaborador, lápidas",8
7113.01.15,"Escogedor, piedras",8
7113.01.16,"Grabador, inscripciones / piedra",8
7113.01.17,"Grabador, piedra",8
7113.01.18,"Grabador, piedra / estarcidores",8
7113.01.19,"Hendedor, piedras",8
7113.01.20,"Labrante, chorro de arena",8
7113.01.21,"Labrante-mampostero, monumentos",8
7113.01.22,Mampostero,8
7113.01.23,"Mampostero, construcción",8
7113.01.24,"Mampostero, fachadas",8
7113.01.25,"Mampostero, monumentos",8
7113.01.26,"Mampostero, pavimentación",8
7113.01.27,"Operario, cepilladora",8
7113.01.28,"Operario, ornamentación y montaje",8
7113.01.29,Pavimentador,8
7113.01.30,Pedrero,8
7113.01.31,"Perforador, piedras",8
7113.01.32,Picapedrero,8
7113.01.33,"Picador, pizarra",8
7113.01.34,"Pulidor pizarra",8
7113.01.35,"Pulidor, granito",8
7113.01.36,"Pulidor, mármol",8
7113.01.37,"Pulidor, piedra",8
7113.01.38,"Pulidor, piedra (mano o herramientas con motor)",8
7113.01.40,"Rotulista, lápidas",8
7113.01.41,"Tallador, piedra",8
7113.01.42,"Tallador, pizarra",8
7113.01.43,"Tallador-pulidor, piedra",8
7113.01.44,Tallista,8
7113.01.45,"Tornero, labra / piedra",8
7113.01.46,"Trazador, piedra",8
7113.01.47,"Tronzador, piedra",8
7113.01.48,"Trozadores, labrantes y grabadores de piedra, patrón (hasta 4 empleados)",8
7114,"OPERARIOS EN CEMENTO ARMADO, ENFOSCADORES Y AFINES",4
7114.01,"Operarios en cemento armado, enfoscadores y afines",6
7114.01.01,"Armador, hormigón armado",8
7114.01.02,"Cementador, industria de la construcción",8
7114.01.03,Cementista,8
7114.01.04,"Cementista, hormigón armado, en general",8
7114.01.05,"Cementista, trabajos de acabado",8
7114.01.06,"Clasificador, cemento",8
7114.01.07,"Encofrador, hormigón",8
7114.01.08,Enfoscador,8
7114.01.09,"Mezclador, cemento",8
7114.01.10,"Operario, curado del hormigón",8
7114.01.11,"Operario, enrejado del hormigón",8
7114.01.12,"Operario, moldeo",8
7114.01.13,"Operarios en cemento armado, enfoscadores y afines, dueños (hasta 4 empleados)",8
7114.01.14,"Pavimentador, terrazos",8
7114.01.15,"Soldador, terrazos",8
7114.01.16,"Trabajador, terrazos",8
7115,"CARPINTEROS DE ARMAR Y DE OBRA BLANCA",4
7115.01,"Carpinteros de armar y de obra blanca",6
7115.01.01,"Ayudante de carpintería",8
7115.01.02,"Capataz, carpintería gruesa",8
7115.01.03,"Carpintero, armado",8
7115.01.04,"Carpintero, astillero",8
7115.01.05,"Carpintero, aviación",8
7115.01.06,"Carpintero, banco / taller",8
7115.01.07,"Carpintero, blanco",8
7115.01.08,"Carpintero, construcción",8
7115.01.09,"Carpintero, constructor de barcos y botes de madera",8
7115.01.10,"Carpintero, cocinas integrales",8
7115.01.11,"Carpintero, de a bordo",8
7115.01.12,"Carpintero, de armar / encofrados",8
7115.01.13,"Carpintero, decorados",8
7115.01.14,"Carpintero, embarcadero",8
7115.01.15,"Carpintero, entablador",8
7115.01.16,"Carpintero, en general",8
7115.01.17,"Carpintero, minas",8
7115.01.18,"Carpintero, obras de afuera",8
7115.01.19,"Carpintero, plató / cine",8
7115.01.20,"Carpintero, puertas y ventanas",8
7115.01.21,"Carpintero, ribera",8
7115.01.22,"Carpintero, taller",8
7115.01.23,"Carpintero, trabajos de mantenimiento",8
7115.01.24,"Carpintero-armador, puentes y embarcaderos",8
7115.01.25,"Carpintero-constructor, barcas de madera",8
7115.01.26,"Carpintero-constructor, mástiles",8
7115.01.27,"Carpintero-ebanista, astilleros",8
7115.01.28,"Carpinteros de armar y blanco, patrones (hasta 4 empleados)",8
7115.01.29,"Cepillador, madera",8
7115.01.30,"Cimbrador (colocador de cimbras en construcciones)",8
7115.01.31,"Clavador, cajas de madera",8
7115.01.32,"Encerador, madera",8
7115.01.33,"Encofrador, madera",8
7115.01.34,"Engomador, carpintería",8
7115.01.35,Enmarcador,8
7115.01.36,"Instalador de puertas",8
7115.01.37,"Lijador, madera",8
7115.01.38,"Maestro carpintero",8
7115.01.39,Portaventanero,8
7115.01.40,Tarimero,8
7115.01.41,"Reparador, muebles de madera",8
7115.01.42,"Reparador, tarimas",8
7119,"OFICIALES Y OPERARIOS DE LA CONSTRUCCIÓN (OBRA GRUESA) Y AFINES NO CLASIFICADOS BAJO OTROS EPÍGRAFES",4
7119.01,"Oficiales y operarios de la construcción (obra gruesa) y afines no clasificados bajo otros epígrafes",6
7119.01.01,"Apuntalador, edificios",8
7119.01.02,"Colocador, cables subterráneos",8
7119.01.03,"Constructor, edificios / materiales no tradicionales",8
7119.01.04,"Demoledor, edificios",8
7119.01.05,"Enlucidor, suelos plásticos",8
7119.01.06,"Ensamblador, elementos prefabricados / edificación",8
7119.01.07,"Entarugador, pavimentos",8
7119.01.08,"Maestro de obras, edificios / materiales no tradicionales",8
7119.01.09,"Montador, andamios",8
7119.01.10,"Montador, andamios / letreros",8
7119.01.11,"Montador, elementos prefabricados / edificación",8
7119.01.12,"Oficiales y operarios de la construcción (obra gruesa) y afines, no clasificados bajo otros epígrafes, patronos (hasta 4 empleados)",8
7119.01.13,"Operario, apeos",8
7119.01.14,"Operario, apuntalamiento",8
7119.01.15,"Operario, apuntalamiento / edificación",8
7119.01.16,"Operario, construcción / trabajos a gran altura",8
7119.01.17,"Operario, demolición",8
7119.01.18,"Operario, mantenimiento / edificios",8
7119.01.19,"Operario, reparación / chimeneas",8
7119.01.20,"Operario, reparación / edificios",8
7119.01.21,"Reparador, chimeneas",8
7119.01.22,"Revestidor, pozos",8
7119.01.23,"Trabajador calificado, demolición",8
712,"OFICIALES Y OPERARIOS DE LA CONSTRUCCIÓN (TRABAJOS DE ACABADO) Y AFINES",3
7121,TECHADORES,4
7121.01,Techadores,6
7121.01.01,"Colocador, láminas metálicas",8
7121.01.02,"Entejador, arcilla",8
7121.01.03,"Fijador, techo",8
7121.01.04,"Techador, asfalto",8
7121.01.05,"Techador, alicatador",8
7121.01.06,"Techador, azulejos",8
7121.01.07,"Techador, chapa galvanizada",8
7121.01.08,"Techador, de carrizo y similares",8
7121.01.09,"Techador, láminas",8
7121.01.10,"Techador, material sintético",8
7121.01.11,"Techador, metal",8
7121.01.12,"Techador, paja",8
7121.01.13,"Techador, patrón (hasta 4 empleados)",8
7121.01.14,"Techador, pizarra",8
7121.01.15,"Techador, tablas de ripia",8
7121.01.16,"Techador, tejas",8
7121.01.17,"Techador, teja de madera",8
7122,"PARQUETEROS Y COLOCADORES DE SUELOS",4
7122.01,"Parqueteros y colocadores de suelos",6
7122.01.01,"Colocador, azulejos",8
7122.01.02,"Colocador, mármol",8
7122.01.03,"Colocador, mosaicos",8
7122.01.04,"Colocador, piedra",8
7122.01.05,"Colocador, pizarra",8
7122.01.06,"Colocador, revestimiento de talud y piedra",8
7122.01.07,"Embaldosador, muros",8
7122.01.08,"Embaldosador, suelos",8
7122.01.09,Enlosador,8
7122.01.10,Marmolista,8
7122.01.11,"Montador, tejas",8
7122.01.12,Mosaísta,8
7122.01.13,"Operario, colocación / alfombras",8
7122.01.14,"Operario, colocación / suelos",8
7122.01.15,"Operario, entarimado",8
7122.01.16,Parquetero,8
7122.01.17,"Parquetero, tarimas",8
7122.01.18,"Parqueteros y colocadores de suelos, patrones (hasta 5 personas)",8
7122.01.19,"Parquetero, colocador o pulidor de pisos de madera",8
7122.01.20,Solador,8
7122.01.21,"Solador, baldosas",8
7122.01.22,"Solador, tarugos",8
7122.01.23,"Soldador, muro y piso",8
7123,REVOCADORES,4
7123.01,Revocadores,6
7123.01.01,"Albañil pared seca",8
7123.01.02,"Albañil estuco",8
7123.01.03,"Decorador, yeso fibroso",8
7123.01.04,Decorador-escayolista,8
7123.01.05,Decorador-estuquista,8
7123.01.06,Enlistonador,8
7123.01.07,"Enlucidor, yeso",8
7123.01.08,Escayolista,8
7123.01.09,Estucador,8
7123.01.10,Listonero,8
7123.01.11,"Maestro yesero",8
7123.01.12,"Pastero (recubridor de paredes)",8
7123.01.13,Revocador,8
7123.01.14,"Revocadores, patrones (hasta 4 empleados)",8
7123.01.15,Yesero,8
7123.01.16,"Yesero, estuco",8
7123.01.17,"Yesero, fibroso",8
7123.01.18,"Yesero, ornamental",8
7123.01.19,"Yesero, sólidos",8
7124,"INSTALADORES DE MATERIAL AISLANTE Y DE INSONORIZACIÓN",4
7124.01,"Instaladores de material aislante y de insonorización",6
7124.01.01,"Aislador, calderas y tuberías",8
7124.01.02,"Aislador, sonidos",8
7124.01.03,"Colocador de aislantes, tubería de acero",8
7124.01.04,"Empalmador de aislante",8
7124.01.05,"Instalador, estufas industriales",8
7124.01.06,"Instalador, evaporadora refrigerante",8
7124.01.07,"Instalador, equipos de refrigeración y aire acondicionado",8
7124.01.08,"Instalador material aislante en edificios, a máquina",8
7124.01.09,"Instalador, aislación / calderas y tuberías",8
7124.01.10,"Instalador, aislación / edificios",8
7124.01.11,"Instalador, aislación térmica",8
7124.01.12,"Instalador, insonorización",8
7124.01.13,"Instalador, material aislante",8
7124.01.14,"Instalador, refrigeración y climatización",8
7124.01.15,"Instaladores de material aislante de insonorización, patrón (hasta 4 empleados).",8
7124.01.16,"Operario, trabajos de aislación",8
7124.01.17,"Trabajador, aislamiento acústico",8
7125,CRISTALEROS,4
7125.01,Cristaleros,6
7125.01.01,Cristalero,8
7125.01.02,"Cristalero, claraboyas / colocación de cristales (sin masilla)",8
7125.01.03,"Cristalero, cristales emplomados",8
7125.01.04,"Cristalero, doble vidrio",8
7125.01.05,"Cristalero, edificios",8
7125.01.06,"Cristalero, vehículos",8
7125.01.07,"Cristalero, vidrieras",8
7125.01.08,"Cristalero-colocador, lunas de vidrio",8
7125.01.09,"Instalador de cancelería, puertas y ventanas de aluminio",8
7125.01.10,"Instalador, cortinas metálicas",8
7125.01.11,"Operario, trabajos de vidriería",8
7125.01.12,Vidriero,8
7125.01.13,"Vidriero, edificios",8
7125.01.14,"Vidriero, lunas de vidrio",8
7125.01.15,"Vidriero, patrón (hasta 4 empleados)",8
7125.01.16,"Vidriero, techos",8
7125.01.17,"Vidriero, vehículos",8
7125.01.18,"Vidriero, vidrieras artísticas",8
7125.01.19,"Vidriero, vidrieras de iglesia",8
7126,"FONTANEROS E INSTALADORES DE TUBERÍAS",4
7126.01,"Fontaneros e instaladores de tuberías",6
7126.01.01,"Ajustador, tuberías",8
7126.01.02,"Colocador, conducciones",8
7126.01.03,"Colocador, tuberías de drenaje",8
7126.01.04,"Colocador, tubos y conducciones",8
7126.01.05,"Empalmador, conducciones",8
7126.01.06,"Excavador, pozos de agua",8
7126.01.07,Fontanero,8
7126.01.08,"Fontanero, aparatos químicos",8
7126.01.09,"Fontanero, buques",8
7126.01.10,"Fontaneros e instaladores de tuberías, patrones (hasta 4 empleados)",8
7126.01.11,"Instalador, medidores de agua",8
7126.01.12,"Instalador, purificadores de agua",8
7126.01.13,"Instalador, sanitario",8
7126.01.14,"Instalador, sistemas de riego",8
7126.01.15,"Instalador, tuberías",8
7126.01.16,"Instalador, tuberías / aeronaves",8
7126.01.17,"Instalador, tuberías / barcos",8
7126.01.18,"Instalador, tuberías / buques",8
7126.01.19,"Instalador, tuberías / desagüe",8
7126.01.20,"Instalador, tuberías / distribución de agua",8
7126.01.21,"Instalador, tuberías / gas",8
7126.01.22,"Instalador, tuberías para líneas telefónicas",8
7126.01.23,"Instalador, tuberías / vapor de agua",8
7126.01.24,"Instalador, tuberías / ventilación",8
7126.01.25,"Jefe de plomeros",8
7126.01.26,"Alineador, tubería petrolera",8
7126.01.27,"Montador, tuberías",8
7126.01.28,"Montador, tuberías de ventilación",8
7126.01.29,"Operario, fontanería",8
7126.01.30,Plomero,8
7126.01.31,"Técnico, drenaje",8
7127,"MECÁNICOS - MONTADORES DE INSTALACIONES DE REFRIGERACIÓN Y CLIMATIZACIÓN",4
7127.01,"Mecánicos - montadores de instalaciones de refrigeración y climatización",6
7127.01.01,"Instalador, aire acondicionado",8
7127.01.02,"Mecánico, aparatos de aire acondicionado",8
7127.01.03,"Mecánico, refrigeración",8
713,"PINTORES, LIMPIADORES DE FACHADAS Y AFINES",3
7131,"PINTORES Y EMPAPELADORES",4
7131.01,"Pintores y empapeladores",6
7131.01.01,"Decorador, de a bordo / barcos",8
7131.01.02,Empapelador,8
7131.01.03,Encalador,8
7131.01.04,"Operario, empapelado de muros",8
7131.01.05,"Pintor de brocha, edificación",8
7131.01.06,"Pintor pulverizador, edificación",8
7131.01.07,"Pintor, cascos de buques",8
7131.01.08,"Pintor, coches de viajeros y vagones / ferrocarril",8
7131.01.09,"Pintor, construcciones",8
7131.01.10,"Pintor, construcciones metálicas",8
7131.01.11,"Pintor, decorados / cine",8
7131.01.12,"Pintor, decorados / teatro",8
7131.01.13,"Pintor, fachadas exteriores / edificación",8
7131.01.14,"Pintor, interiores",8
7131.01.15,"Pintor, minio de plomo",8
7131.01.16,"Pintor-decorador, accesorios interiores de barcos",8
7131.01.17,"Pintor-decorador, edificios",8
7131.01.18,"Pintor-decorador, revestimiento de muros",8
7131.01.19,"Pintores y empapeladores, patrones (hasta 4 empleados)",8
7132,"BARNIZADORES Y AFINES",4
7132.01,"Barnizadores y afines",6
7132.01.01,Barnizador,8
7132.01.02,"Barnizador, metales",8
7132.01.03,"Barnizador, productos manufacturados",8
7132.01.04,"Barnizador, vehículos",8
7132.01.05,"Barnizadores y afines, patrones (hasta 4 empleados)",8
7132.01.06,"Lacador (excepto muebles)",8
7132.01.07,"Masillero, vehículos",8
7132.01.08,"Pintor a pistola, metal",8
7132.01.09,"Pintor, vehículos",8
7132.01.10,"Pintor, metal",8
7132.01.11,"Pintor, productos manufacturados",8
7133,"LIMPIADORES DE FACHADAS Y DESHOLLINADORES",4
7133.01,"Limpiadores de fachadas y deshollinadores",6
7133.01.01,Deshollinador,8
7133.01.02,Desratizador,8
7133.01.03,"Fumigador (desinfección)",8
7133.01.04,"Limpiador / fachadas chorros de arena",8
7133.01.05,"Limpiador / fachadas chorros de vapor",8
7133.01.06,"Limpiador cañón de chimeneas",8
7133.01.07,"Limpiador tuberías",8
7133.01.08,"Limpiador exteriores edificios",8
7133.01.09,"Limpiadores de fachadas y deshollinadores, patrones (hasta 4 empleados)",8
72,"OFICIALES Y OPERARIOS DE LA METALURGIA, LA CONSTRUCCIÓN MECÁNICA Y AFINES",2
721,"MOLDEADORES, SOLDADORES, CHAPISTAS, CALDEREROS, MONTADORES DE ESTRUCTURAS METÁLICAS Y AFINES",3
7211,"MOLDEADORES Y MACHEROS",4
7211.01,"Moldeadores y macheros",6
7211.01.01,"Constructor de machos / máquina",8
7211.01.02,"Constructor de machos / metal",8
7211.01.03,"Cucharero, fundición",8
7211.01.04,"Fundidor, metales",8
7211.01.05,"Moldeador a mano fundición de metales",8
7211.01.06,"Moldeador, artesa",8
7211.01.07,"Moldeador, caja",8
7211.01.08,"Moldeador, fundición",8
7211.01.09,"Moldeador, fundición / máquina",8
7211.01.10,"Moldeador, moldes / metal fundido",8
7211.01.11,"Moldeadores y macheros",8
7211.01.12,"Preparador de moldes a máquina",8
7211.01.13,"Preparador de moldes, banco",8
7211.01.14,"Preparador de moldes, fosas",8
7211.01.15,"Preparador de moldes, suelo y fosas / metal",8
7212,"SOLDADORES Y OXICORTADORES",4
7212.01,"Soldadores y oxicortadores",6
7212.01.01,"Ajustador-operador, máquina de soldador / bisutería",8
7212.01.02,"Ajustador-operador, máquina de soldador / metales",8
7212.01.03,"Armador de reverberos",8
7212.01.04,Brasero,8
7212.01.05,Cobresoldador,8
7212.01.06,"Cobresoldador, horno",8
7212.01.07,"Cobresoldador, inducción",8
7212.01.08,"Cobresoldador, soplete",8
7212.01.09,Latonero,8
7212.01.10,Oxicortador,8
7212.01.11,Soldador,8
7212.01.12,"Soldador de conexiones eléctricas",8
7212.01.13,"Soldador, a plomo",8
7212.01.14,"Soldador, a tope",8
7212.01.15,"Soldador, a tope / presión y calentamiento eléctrico",8
7212.01.16,"Soldador, acetileno",8
7212.01.17,"Soldador, arco eléctrico",8
7212.01.18,"Soldador, cautín",8
7212.01.19,"Soldador, contacto",8
7212.01.20,"Soldador, corriente de inducción",8
7212.01.21,"Soldador, costuras longitudinales",8
7212.01.22,"Soldador, gas",8
7212.01.23,"Soldador, gas, y electricidad",8
7212.01.24,"Soldador, horno",8
7212.01.25,"Soldador, oxiacetileno",8
7212.01.26,"Soldador, puntos",8
7212.01.27,"Soldador, soldadura blanda / a mano",8
7212.01.28,"Soldador, soplete",8
7212.01.29,"Soldador, termita",8
7212.01.30,"Soldadores y oxicortadores, patrones (hasta 4 empleados)",8
7212.01.31,"Sopletista soldador",8
7213,"CHAPISTAS Y CALDEREROS",4
7213.01,"Chapistas y caldereros",6
7213.01.01,"Armador colocador de asientos en carrocerías metálicas",8
7213.01.02,Calderero,8
7213.01.03,"Calderero, chapas de acero",8
7213.01.04,"Calderero, chapista",8
7213.01.05,"Calderero, cobre y aleaciones ligeras",8
7213.01.06,"Chapista, automóviles",8
7213.01.07,"Chapista, aviones",8
7213.01.08,"Chapista, carrocerías",8
7213.01.09,"Chapista, decoración",8
7213.01.10,"Chapista, muebles / metal",8
7213.01.11,"Chapista, ornamentación",8
7213.01.12,Chapista-caldero,8
7213.01.13,Chapista-hojalatero,8
7213.01.14,"Chapista-montador, muebles",8
7213.01.15,"Chapistas y calderos, patrones (hasta 4 empleados)",8
7213.01.16,"Chapista, cerrajero",8
7213.01.17,Chapistas-trazador,8
7213.01.18,"Enderezador automotriz",8
7213.01.19,Hojalatero,8
7213.01.20,"Hojalatero, ambulante",8
7213.01.21,"Hojalatero, conductores de aire",8
7213.01.22,"Mecánico de calderos de locomotoras",8
7213.01.23,"Mecánico de vagones ferrocarriles",8
7213.01.24,"Montador de puertas, capots y baúles (ensamblaje de vehículos)",8
7213.01.25,Perfilador,8
7214,"MONTADORES DE ESTRUCTURAS METÁLICAS",4
7214.01,"Montadores de estructura metálicas",6
7214.01.01,"Armador, blindaje / buques",8
7214.01.02,"Armador, estructuras / acero",8
7214.01.03,"Constructor de estructuras de aluminio",8
7214.01.04,"Constructor de puertas plegables (enrollables)",8
7214.01.05,"Curvador, chapas / metal",8
7214.01.06,"Elaborador y colocador de marcos de somieres",8
7214.01.07,"Empalmador fierrero",8
7214.01.08,"Ensamblador de puertas de ascensor",8
7214.01.09,Fierrero,8
7214.01.10,"Montador, armazones metálicas / buques",8
7214.01.11,"Montador, estructuras metálicas",8
7214.01.12,"Montador, planchas / astilleros",8
7214.01.13,"Montadores de estructuras metálicas, patrón (hasta 4 empleados)",8
7214.01.14,"Preparador de armazones de hierro en taller",8
7214.01.15,"Preparador, estructuras metálicas",8
7214.01.16,Remachador/a,8
7214.01.17,"Remachador a máquina",8
7214.01.18,"Remachador, martillo neumático",8
7214.01.19,"Replanteador, estructuras metálicas",8
7214.01.20,"Trazador, estructuras metálicas",8
7214.01.21,"Trazador, gálibos / astillero",8
7215,"APAREJADORES Y EMPALMADORES DE CABLES",4
7215.01,"Aparejadores y empalmadores de cables",6
7215.01.01,"Ajustador, cordajes",8
7215.01.02,Aparejador,8
7215.01.03,"Aparejador, aparatos de elevación",8
7215.01.04,"Aparejador, buques",8
7215.01.05,"Aparejador, barcos",8
7215.01.06,"Aparejador, máquinas de izar / construcción (aparatos de elevación)",8
7215.01.07,"Aparejador, perforaciones / petróleo y gas",8
7215.01.08,"Aparejador, teatral",8
7215.01.09,"Aparejadores y empalmadores de cables, patrón (hasta 4 empleados)",8
7215.01.10,"Aparejador, torre",8
7215.01.11,"Empalmador, cables (cuerdas)",8
7215.01.12,"Instalador, torre",8
7215.01.13,Mecánico,8
7215.01.14,"Mecánico, aparejador",8
7215.01.15,"Montador, cables / aviación",8
7215.01.16,"Montador, cables / puentes colgantes",8
7215.01.17,"Montador, cables / teleférico",8
7215.01.18,"Montador, cables / telesillas y telesquíes",8
7215.01.19,"Montador, cables y cuerdas",8
722,"HERREROS, HERRAMENTISTAS Y AFINES",3
7221,"HERREROS Y FORJADORES",4
7221.01,"Herreros y forjaderos",6
7221.01.01,"Apisonador, forja",8
7221.01.02,"Enderezador de herramientas metálicas",8
7221.01.03,Forjador,8
7221.01.04,"Forjador, aperos agrícolas",8
7221.01.05,"Forjador, herramientas",8
7221.01.06,"Forjador, martillo",8
7221.01.07,"Forjador, martillo pilón",8
7221.01.08,"Forjador, prensa",8
7221.01.09,"Forjador, martinete",8
7221.01.10,"Fundidor, piezas de moldeo",8
7221.01.11,Herrador,8
7221.01.12,Herrero,8
7221.01.13,"Herreros y forjadores, patrón (hasta 4 empleados)",8
7221.01.14,Martillador,8
7221.01.15,"Operario, forja",8
7221.01.16,"Trefilador, a mano / alambre",8
7222,"HERRAMENTISTAS Y AFINES",4
7222.01,"Herramentistas y afines",6
7222.01.01,"Ajustador, calibradores",8
7222.01.02,"Ajustador, mandriles",8
7222.01.03,"Ajustador-herramientas, gálibos",8
7222.01.04,"Ajustador-herramientas, máquinas",8
7222.01.05,"Ajustador-herramientas, matrices",8
7222.01.06,"Ajustador-herramientas, trazador",8
7222.01.07,"Ajustador-modelista, fundición",8
7222.01.08,Armero,8
7222.01.09,Cerrajero,8
7222.01.10,"Cerrajero (mecánico de cerraduras)",8
7222.01.11,"Cerrajeros y herramentistas afines, patrón (hasta 4 empleados)",8
7222.01.12,Escopetero,8
7222.01.13,"Fabricante, molde",8
7222.01.14,"Fabricante, herramientas",8
7222.01.15,"Fabricante, plantilla",8
7222.01.16,Herramentista,8
7222.01.17,"Herramentista, precisión",8
7222.01.18,"Herramentista, prensa",8
7222.01.19,"Matricero (elaborador de matrices)",8
7222.01.20,"Mecánico, herramientas",8
7222.01.21,"Mecánico-ajustador, estampado",8
7222.01.22,"Mecánico-ajustador, herramientas con punta de diamante",8
7222.01.23,"Mecánico-ajustador, herramientas y matrices",8
7222.01.24,"Trazador, metales",8
7222.01.25,"Troquelador-acabador, forjas",8
7223,"REGULADORES Y OPERADORES DE MÁQUINAS HERRAMIENTAS",4
7223.01,"Reguladores y operadores de máquinas herramientas",6
7223.01.01,"Ajustador de máquinas y herramientas, en general",8
7223.01.02,"Ajustador operador de máquinas y herramientas, en general",8
7223.01.03,"Constructor, juguetes",8
7223.01.04,"Operador máquina, remache de producción",8
7223.01.05,"Operador, cepillo (acero)",8
7223.01.06,"Operador, cortadora de metales",8
7223.01.07,"Operador, máquina aburrido",8
7223.01.08,"Operador, máquina de fundición",8
7223.01.09,"Operador, máquina herramienta",8
7223.01.10,"Operador, máquina herramienta de producción",8
7223.01.11,"Regulador, máquina herramientas",8
7223.01.12,"Regulador, máquina herramientas / metalurgia",8
7223.01.13,"Regulador, torno automático",8
7223.01.14,"Regulador, torno revólver",8
7223.01.15,"Reguladores y reguladores-operadores de máquinas herramientas, dueños (hasta 4 empleados)",8
7223.01.16,Regulador-operador,8
7223.01.17,"Regulador-operador, cepilladora",8
7223.01.18,"Regulador-operador, escopleadora de metales",8
7223.01.19,"Regulador-operador, esmeriladora",8
7223.01.20,"Regulador-operador, fresadora",8
7223.01.21,"Regulador-operador, fresadora / estampas",8
7223.01.22,"Regulador-operador, lapidadora",8
7223.01.23,"Regulador-operador, mandriladora",8
7223.01.24,"Regulador-operador, mandriladora / vertical",8
7223.01.25,"Regulador-operador, máquina cortadora",8
7223.01.26,"Regulador-operador, máquina de mecanismo de control numérico",8
7223.01.27,"Regulador-operador, máquina de tallar / engranajes",8
7223.01.28,"Regulador-operador, máquina extrusora",8
7223.01.29,"Regulador-operador, máquina herramientas",8
7223.01.30,"Regulador-operador, mortajadora",8
7223.01.31,"Regulador-operador, ranuradora",8
7223.01.32,"Regulador-operador, rectificadora",8
7223.01.33,"Regulador-operador, rectificadora / metalurgia",8
7223.01.34,"Regulador-operador, rectificadora / precisión",8
7223.01.35,"Regulador-operador, rectificadora-bruñidora / cilindros",8
7223.01.36,"Regulador-operador, taladradora",8
7223.01.37,"Regulador-operador, taladradora brazo radial",8
7223.01.38,"Regulador-operador, taladradora múltiple",8
7223.01.39,"Regulador-operador, taladradora vertical",8
7223.01.40,"Regulador-operador, torno",8
7223.01.41,"Regulador-operador, torno de embutir",8
7223.01.42,"Regulador-operador, torno de roscar",8
7223.01.43,"Regulador-operador, torno revólver",8
7223.01.44,Taladrista,8
7223.01.45,"Tornero (metales)",8
7224,"PULIDORES DE METALES Y AFILADORES DE HERRAMIENTAS",4
7224.01,"Pulidores de metales y afiladores de herramientas",6
7224.01.01,Afilador,8
7224.01.02,"Afilador, ambulante",8
7224.01.03,"Afilador, cardas",8
7224.01.04,"Afilador, cuchillería",8
7224.01.05,"Afilador, discos de corte",8
7224.01.06,"Afilador, herramientas",8
7224.01.07,"Afilador, instrumentos cortante",8
7224.01.08,"Afilador, sierras",8
7224.01.09,"Aguzador, herramientas",8
7224.01.10,"Amolador, sierras",8
7224.01.11,"Bruñidor, metales",8
7224.01.12,"Clasificador, metales",8
7224.01.13,"Limpiador, metales",8
7224.01.14,"Operador de máquina abrillantadora",8
7224.01.15,"Operador de mezcladora - empastadora de rejillas de acumuladores",8
7224.01.16,"Preparador, sierras",8
7224.01.17,"Pulidor, metales",8
7224.01.18,"Pulidor, metales / acabado especular",8
7224.01.19,"Pulidor, metales / arena",8
7224.01.20,"Pulidor, metales / esmeril",8
7224.01.21,"Pulidores de metales y afilador de herramientas, patrón (hasta 4 empleados)",8
7224.01.22,"Rectificador, herramientas",8
7224.01.23,"Rectificador, máquinas cardadoras / textiles",8
7224.01.24,"Rectificador, máquinas herramientas",8
7224.01.25,"Rectificador, metales",8
723,"MECÁNICOS Y REPARADORES DE MÁQUINAS",3
7231,"MECÁNICOS Y REPARADORES DE VEHÍCULOS DE MOTOR",4
7231.01,"Mecánicos y reparadores de vehículos de motor",6
7231.01.01,"Afinador, motores / vehículos",8
7231.01.02,"Ajustador, motores / vehículos",8
7231.01.03,"Alineador y balanceador, carros",8
7231.01.04,"Engrasador, vehículos de motor",8
7231.01.05,"Instalador diesel (transporte por carretera)",8
7231.01.06,"Jefe de mecánica automotriz",8
7231.01.07,"Lavador y engrasador, motores",8
7231.01.08,"Lubricador, motores",8
7231.01.09,"Mecánico, especialista en cigüeñales",8
7231.01.10,"Mecánico, autobuses",8
7231.01.11,"Mecánico, automóviles",8
7231.01.12,"Mecánico, camiones",8
7231.01.13,"Mecánico, dirección y frenos de automóviles",8
7231.01.14,"Mecánico, motocicletas",8
7231.01.15,"Mecánico, motores / diesel (vehículos de motor)",8
7231.01.16,"Mecánico, motores pequeños",8
7231.01.17,"Mecánico, motores / taller mecánico",8
7231.01.18,"Mecánico, motores / tractores",8
7231.01.19,"Mecánico, tractores",8
7231.01.20,"Mecánico, transmisiones / automóviles",8
7231.01.21,"Mecánicos y ajustadores de vehículos de motor, patrón (hasta 4 empleados)",8
7231.01.22,"Operador de balanceo y alineación de neumáticos",8
7231.01.23,"Probador, automóviles / reparaciones",8
7231.01.24,"Rectificador, tambores",8
7231.01.25,"Reparador, amortiguadores",8
7231.01.26,"Reparador, ciclomotor",8
7231.01.27,"Reparador, radiadores",8
7231.01.28,"Reparador, vehículos de motor",8
7231.01.29,"Técnico, vehículos de motor",8
7231.01.30,"Técnico, vehículo de servicio motor de mecatrónica",8
7231.01.31,"Técnico, servicio de sistema de frenos automotriz",8
7231.01.32,"Técnico, sistemas de servicio de combustible vehículo de motor",8
7232,"MECÁNICOS Y REPARADORES DE MOTORES DE AVIÓN",4
7232.01,"Mecánicos y reparadores de motores de avión",6
7232.01.01,"Ajustador, conductos de tubos de avión",8
7232.01.02,"Ajustador, motores / avión",8
7232.01.03,"Ajustador-montador, armazones / avión",8
7232.01.04,"Ayudante de mecánico de motores de avión",8
7232.01.05,"Ingeniero, mantenimiento de aviones (fuselajes)",8
7232.01.06,"Ingeniero, mantenimiento de aeronaves (motores)",8
7232.01.07,"Jefe de mantenimiento de aeronaves",8
7232.01.08,"Mecánico, aeronaves",8
7232.01.09,"Mecánico, aviones",8
7232.01.10,"Mecánico, aviones / sistemas hidráulicos",8
7232.01.11,"Mecánico, estructura del avión",8
7232.01.12,"Mecánico, componente de motores de cohetes",8
7232.01.13,"Mecánico, fuselaje y de planta de energía",8
7232.01.14,"Mecánico, helicóptero",8
7232.01.15,"Mecánico, motores / avión",8
7232.01.16,"Mecánico, motores / avión (servicio de línea)",8
7232.01.17,"Mecánico, motores de jet",8
7232.01.18,"Mecánico, pista de aterrizaje",8
7232.01.19,"Mecánico, sistema hidráulico (aviones)",8
7232.01.20,"Montador, armazones metálicas / aviones",8
7232.01.21,"Restaurador, aeronaves",8
7232.01.22,"Supervisor, mantenimiento de aeronaves",8
7232.01.23,"Técnico, mantenimiento de aviación",8
7232.01.24,"Técnico, servicio de aeronave",8
7233,"MECÁNICOS Y REPARADORES DE MÁQUINAS AGRÍCOLAS E INDUSTRIALES",4
7233.01,"Mecánicos y reparadores de máquinas agrícolas e industriales",6
7233.01.01,Aceitador-engrasador,8
7233.01.02,"Aceitador-engrasador, buques",8
7233.01.03,"Ajustador, aserradoras metálicas",8
7233.01.04,"Ajustador, cepilladora",8
7233.01.05,"Ajustador, combustión interna",8
7233.01.06,"Ajustador, desbastadora de madera",8
7233.01.07,"Ajustador, esmeriladora",8
7233.01.08,"Ajustador, excavadores",8
7233.01.09,"Ajustador, explanadoras",8
7233.01.10,"Ajustador, fresadora",8
7233.01.11,"Ajustador, fresadora de madera",8
7233.01.12,"Ajustador, hornos",8
7233.01.13,"Ajustador, limadora de metal",8
7233.01.14,"Ajustador, mandriladora",8
7233.01.15,"Ajustador, máquina de mecanismo numérico y control",8
7233.01.16,"Ajustador, mantenimiento / maquinaria industrial",8
7233.01.17,"Ajustador, máquina de imprenta",8
7233.01.18,"Ajustador, maquinaria / movimiento de tierras",8
7233.01.19,"Ajustador, máquinas / labra (madera)",8
7233.01.20,"Ajustador, máquinas / minería",8
7233.01.21,"Ajustador, máquinas / textil",8
7233.01.22,"Ajustador, máquinas agrícolas",8
7233.01.23,"Ajustador, máquinas de oficina",8
7233.01.24,"Ajustador, máquinas de vapor",8
7233.01.25,"Ajustador, máquinas herramientas",8
7233.01.26,"Ajustador, mecánico de maquinaria fabril",8
7233.01.27,"Ajustador, motores estacionarios",8
7233.01.28,"Ajustador, motores de ferrocarril",8
7233.01.29,"Ajustador, motores marinos",8
7233.01.30,"Ajustador, turbinas (excepto de avión y marinas)",8
7233.01.31,"Ajustador-montador de máquinas herramientas para trabajar los metales",8
7233.01.32,"Ajustador, rectificadora",8
7233.01.33,"Ajustador, sierra mecánica",8
7233.01.34,"Ajustador, taladradora",8
7233.01.35,"Ajustador, torno de roscar",8
7233.01.36,"Ajustador, turbinas",8
7233.01.37,"Armador-calibrador de máquinas de coser",8
7233.01.38,"Ayudante de mecánico de mantenimiento maquinaria textil",8
7233.01.39,Engrasador,8
7233.01.40,"Engrasador, barcos",8
7233.01.41,"Instalador, maquinaria de minería",8
7233.01.42,"Lubricador, maquinaria textil",8
7233.01.43,"Lubricador, vehículos",8
7233.01.44,"Mecánico, aire comprimido",8
7233.01.45,"Mecánico, equipos de construcción",8
7233.01.46,"Mecánico de bombas",8
7233.01.47,"Mecánico de bombas de gasolina",8
7233.01.48,"Mecánico, engrasador de barcos",8
7233.01.49,"Mecánico, equipo de incendios",8
7233.01.50,"Mecánico, equipo pesado",8
7233.01.51,"Mecánico, equipo de perforación",8
7233.01.52,"Mecánico, embarcaciones marítimas",8
7233.01.53,"Mecánico, lavadoras",8
7233.01.54,"Mecánico, mantenimiento de calderas",8
7233.01.55,"Mecánico de maquinaria en general",8
7233.01.56,"Mecánico- montador, instalaciones / climatización",8
7233.01.57,"Mecánico naval",8
7233.01.58,"Mecánico, mantenimiento / establecimientos industriales",8
7233.01.59,"Mecánico, maquinaria / movimiento de tierras",8
7233.01.60,"Mecánico, maquinaria industrial",8
7233.01.61,"Mecánico, maquinaria textil",8
7233.01.62,"Mecánico, máquinas",8
7233.01.63,"Mecánico, máquinas de imprenta",8
7233.01.64,"Mecánico, máquinas de vapor",8
7233.01.65,"Mecánico, máquinas / minería",8
7233.01.66,"Mecánico, máquinas agrícolas",8
7233.01.67,"Mecánico, máquinas construcción",8
7233.01.68,"Mecánico, máquinas de escribir / oficinas",8
7233.01.69,"Mecánico, máquinas herramientas",8
7233.01.70,"Mecánico, máquinas labra (madera)",8
7233.01.71,"Mecánico, máquinas secadoras",8
7233.01.72,"Mecánico, montacargas",8
7233.01.73,"Mecánico, motosierra",8
7233.01.74,"Mecánico, motores diesel (excepto motores de vehículos)",8
7233.01.75,"Mecánico, sala de máquinas / barcos",8
7233.01.76,"Mecánico, turbinas",8
7233.01.77,"Mecánico-engrasador, excepto barcos",8
7233.01.78,"Mecánicos y ajustadores de máquinas agrícolas e industriales, patrones (hasta 4 empleados).",8
7233.01.79,"Montador- instalador, maquinaria",8
7233.01.80,"Montador, de motores",8
7233.01.81,"Montador, tren",8
7233.01.82,"Reparador, bombas de agua",8
7233.01.83,"Reparador, grúas",8
7233.01.84,"Reparador, máquinas",8
7233.01.85,"Reparador, maquinaria agrícola",8
7233.01.86,"Reparador, máquinas de construcción",8
7233.01.87,"Reparador, motores estacionarios",8
7233.01.88,"Reparador, motores de ferrocarril",8
7233.01.89,"Reparador, motores de minería",8
7233.01.90,"Reparador, prensas",8
7233.01.91,"Reparador, remolques",8
7233.01.92,"Reparador, tornos",8
7234,"REPARADORES DE BICICLETAS Y AFINES",4
7234.01,"Reparadores de bicicletas y afines",6
7234.01.01,"Mecánico- reparador, bicicletas",8
7234.01.02,"Reparador, cochecito",8
7234.01.03,"Reparador, silla de ruedas",8
73,"ARTESANOS Y OPERARIOS DE LAS ARTES GRÁFICAS",2
731,ARTESANOS,3
7311,"MECÁNICOS Y REPARADORES DE INSTRUMENTOS DE PRECISIÓN",4
7311.01,"Mecánicos y reparadores de instrumentos de precisión",6
7311.01.01,"Ajustador, balanzas",8
7311.01.02,"Ajustador-óptico precisión",8
7311.01.03,"Calibrador, instrumentos de precisión",8
7311.01.04,"Calibrador, muelle de reloj",8
7311.01.05,"Constructor, barómetros",8
7311.01.06,"Constructor, instrumentos / meteorología",8
7311.01.07,"Constructor, instrumentos / navegación",8
7311.01.08,"Fabricante, aparatos ortopédicos",8
7311.01.09,"Fabricante, instrumentos de precisión",8
7311.01.10,"Mecánico, aparatos ortopédicos",8
7311.01.11,"Mecánico, balanzas",8
7311.01.12,"Mecánico, barómetros",8
7311.01.13,"Mecánico, brújulas",8
7311.01.14,"Mecánico, equipo fotográfico",8
7311.01.15,"Mecánico, instrumentos de control de avión",8
7311.01.16,"Mecánico, instrumentos / científicos",8
7311.01.17,"Mecánico, instrumentos / cirugía",8
7311.01.18,"Mecánico, instrumentos / laboratorio",8
7311.01.19,"Mecánico, instrumentos / meteorología",8
7311.01.20,"Mecánico, instrumentos / odontología",8
7311.01.21,"Mecánico, instrumentos / óptica",8
7311.01.22,"Mecánico, instrumentos / precisión",8
7311.01.23,"Mecánico, instrumentos / presión",8
7311.01.24,"Mecánico, instrumentos quirúrgicos",8
7311.01.25,"Mecánico, máquinas de coser",8
7311.01.26,"Mecánico, máquinas registradoras",8
7311.01.27,"Mecánico, prótesis ortopédica",8
7311.01.28,Mecánico-dentista,8
7311.01.29,"Mecánicos y reparadores de instrumentos de precisión, patrón (hasta 4 empleados)",8
7311.01.30,"Mecánico, taxímetros",8
7311.01.31,"Montador, lentes",8
7311.01.32,"Montador, instrumentos de precisión",8
7311.01.33,"Protesista, ortopedia",8
7311.01.34,"Pulidor, dental",8
7311.01.35,"Relojero, reparaciones",8
7311.01.36,"Reparador, armas",8
7311.01.37,"Reparador, (armazones de lentes)",8
7311.01.38,"Reparador, cajas fuertes",8
7311.01.39,"Reparador, caja registradora",8
7311.01.40,"Reparador, cámaras fotográficas",8
7311.01.41,"Reparador, equipos de billar y de boliche",8
7311.01.42,"Reparador, giroscopio",8
7311.01.43,"Reparador, instrumentos / científicos",8
7311.01.44,"Reparador, instrumentos / cirugía",8
7311.01.45,"Reparador, instrumentos de medición",8
7311.01.46,"Reparador, instrumentos / odontología",8
7311.01.47,"Reparador, instrumentos / óptica",8
7311.01.48,"Reparador, instrumentos / precisión",8
7311.01.49,"Reparador, medidores de agua",8
7311.01.50,"Reparador, medidores de luz",8
7311.01.51,"Reparador, velocímetros",8
7311.01.52,"Reparador, prótesis dentales",8
7312,"FABRICANTES Y AFINADORES DE INSTRUMENTOS MUSICALES",4
7312.01,"Fabricantes y afinadores de instrumentos musicales",6
7312.01.01,"Afinador, acordeón",8
7312.01.02,"Afinador, cuerdas de piano",8
7312.01.03,"Afinador, instrumentos musicales",8
7312.01.04,"Afinador, órgano",8
7312.01.05,"Afinador, piano",8
7312.01.06,"Artesano, elaboración de guitarras",8
7312.01.07,"Constructor, acordeones",8
7312.01.08,"Constructor, armónicas",8
7312.01.09,"Constructor, arpas",8
7312.01.10,"Constructor, instrumentos musicales",8
7312.01.11,"Constructor, instrumentos musicales / cobre",8
7312.01.12,"Constructor, instrumentos musicales / cuerdas",8
7312.01.13,"Constructor, instrumentos musicales / madera",8
7312.01.14,"Constructor, instrumentos musicales / percusión",8
7312.01.15,"Constructor, instrumentos musicales / viento",8
7312.01.16,"Constructor, pianos",8
7312.01.17,"Constructor, pianos / llaves",8
7312.01.18,"Constructor, pianos / tablas de armonía",8
7312.01.19,"Constructor, pianos y pianolas",8
7312.01.20,"Constructor, tambores y timbales",8
7312.01.21,"Constructor, teclados / pianos",8
7312.01.22,"Constructor, xilófonos",8
7312.01.23,"Constructores y afinadores de instrumentos musicales, patrón (hasta 4 empleados)",8
7312.01.24,"Entonador, órganos",8
7312.01.25,Organero,8
7312.01.26,"Organero, constructor / fuelles",8
7312.01.27,"Organero, constructor / llaves de órgano",8
7312.01.28,"Regulador, instrumentos musicales / tonalidad",8
7312.01.29,"Reparador, instrumentos musicales cuerdas",8
7312.01.30,"Reparador, instrumentos musicales percusión",8
7312.01.31,"Reparador, instrumentos musicales viento",8
7312.01.32,"Reparador, instrumento piano",8
7312.01.33,Violero,8
7313,"JOYEROS, ORFEBRES Y PLATEROS",4
7313.01,"Joyeros, orfebres y plateros",6
7313.01.01,"Artesano, figuras de alambre",8
7313.01.02,"Artesano, fabricación de artículos cromados",8
7313.01.03,"Artesano, fabricación de artículos de cobre",8
7313.01.04,"Artesano, fabricación de artículos de latón",8
7313.01.05,"Aserrador, diamantes industriales",8
7313.01.06,"Batidor, oro",8
7313.01.07,Batihoja,8
7313.01.08,Cincelador-orfebre,8
7313.01.09,"Colador, joyería",8
7313.01.10,"Colador, moldes / joyería",8
7313.01.11,"Diamantista, diamantes industriales",8
7313.01.12,Engarzador,8
7313.01.13,Engastador,8
7313.01.14,"Engastador, piedras preciosas",8
7313.01.15,"Esmaltador, joyería",8
7313.01.16,"Grabador a mano sobre matrices de metal",8
7313.01.17,"Grabador, joyas",8
7313.01.18,"Grabador, láminas",8
7313.01.19,"Grabador, letras en metal",8
7313.01.20,Joyero,8
7313.01.21,"Joyero, grabador",8
7313.01.22,"Joyero, reparador",8
7313.01.23,"Joyeros, orfebres y plateros, dueños (hasta 4 empleados)",8
7313.01.24,"Laminador metales preciosos",8
7313.01.25,Lapidario,8
7313.01.26,"Martillador, metales preciosos",8
7313.01.27,"Moldeador de cera (hace joyas)",8
7313.01.28,"Montador, cadenas / orfebrería",8
7313.01.29,"Montador, orfebrería",8
7313.01.30,"Montador, piedras preciosas",8
7313.01.31,"Montador, joyas",8
7313.01.32,Orfebre,8
7313.01.33,"Orfebre, platero",8
7313.01.34,"Orfebre, objetos de metal precioso",8
7313.01.35,Platero,8
7313.01.36,"Platero, artesano",8
7313.01.37,"Platero, reparador",8
7313.01.38,Platinero,8
7313.01.39,"Pulidor, diamantes industriales",8
7313.01.40,"Pulidor, piedras preciosas",8
7313.01.41,"Pulidor, joyería",8
7313.01.42,"Recalcador, metales preciosos",8
7313.01.43,"Reparador, objetos de latón",8
7313.01.44,"Repujador de metales (oro y plata)",8
7313.01.45,"Repujador-tornero, orfebrería",8
7313.01.46,"Taladrista, metales preciosos",8
7313.01.47,"Tallador, metales preciosos",8
7313.01.48,"Tallador-pulidor, joyería",8
7313.01.49,"Tallador-pulidor, piedras preciosas",8
7313.01.50,"Trefilador, metales preciosos",8
7314,"ALFAREROS Y AFINES (BARRO, ARCILLA Y ABRASIVOS)",4
7314.01,"Alfareros y afines (barro, arcilla y abrasivos)",6
7314.01.01,"Acabador, cerámica",8
7314.01.02,Alfarero,8
7314.01.03,"Alfarero, torno de pedal",8
7314.01.04,"Alfareros, ceramistas y afines (barro, arcilla y abrasivos), patrón (hasta 4 empleados)",8
7314.01.05,"Artesano, productos del barro",8
7314.01.06,"Artesano, elaboración de artículos de porcelana",8
7314.01.07,"Artesano, fabricación de artículos de cerámica",8
7314.01.08,"Artesano, fabricación de artículos de loza",8
7314.01.09,Botijero,8
7314.01.10,"Ceramista, espitas",8
7314.01.11,"Ceramista, moldes",8
7314.01.12,"Ceramista; en general",8
7314.01.13,"Ceramistas en moldes a mano",8
7314.01.14,"Cincelador, cerámica",8
7314.01.15,"Esmaltador, porcelana / inmersión",8
7314.01.16,"Extrusor, arcilla",8
7314.01.17,"Grabador, cerámica vidriada",8
7314.01.18,"Matricero (modelista en cerámica)",8
7314.01.19,"Modelador, torno / terraja (alfarería)",8
7314.01.20,"Modelador, torno / terraja (cerámica y porcelana)",8
7314.01.21,Modelista,8
7314.01.22,"Moldeador, abrasivo rueda",8
7314.01.23,"Moldeador, alfarería a mano",8
7314.01.24,"Moldeador en tierra (cerámica)",8
7314.01.25,"Moldeador, cerámica y porcelana",8
7314.01.26,"Moldeador, ladrillo y teja",8
7314.01.27,"Moldeador, muelas abrasivas",8
7314.01.28,"Operador de máquina, cortadora / ladrillo y tejas",8
7314.01.29,"Pegador de asas",8
7314.01.30,"Pegador de objetos de porcelana",8
7314.01.31,"Pulidor, cerámica",8
7314.01.32,"Prensador, cerámica",8
7314.01.33,"Prensador, prensa galletera / cerámica",8
7314.01.34,"Preparador de moldes, cerámica",8
7314.01.35,"Preparador, moldes (yeso)",8
7314.01.36,"Taladrista, cerámica",8
7314.01.37,Tejero,8
7314.01.38,"Tornero, alfarero",8
7314.01.39,"Tornero, cerámica",8
7314.01.40,"Vidriador, cerámica",8
7315,"SOPLADORES, MODELADORES, LAMINADORES, CORTADORES Y PULIDORES DE VIDRIO",4
7315.01,"Sopladores, modeladores, laminadores, cortadores y pulidores de vidrio",6
7315.01.01,"Acabador, bordes de cristal",8
7315.01.02,"Acabador, piezas de fibra de vidrio",8
7315.01.03,"Acabador, productos de vidrio",8
7315.01.04,"Afinador, vidrios / óptica (anteojera)",8
7315.01.05,"Artesano, fabricación de artículos de vidrio",8
7315.01.06,"Artesano, pintor de vidrio",8
7315.01.07,"Biselador, cristales",8
7315.01.08,"Biselador, vidrios y espejos",8
7315.01.09,"Clasificador, vidrio",8
7315.01.10,"Cortador, cristal",8
7315.01.11,"Cortador, cristales / óptica",8
7315.01.12,"Cortador, espejos",8
7315.01.13,"Cortador, fibra de vidrio",8
7315.01.14,"Cortador, vidrio",8
7315.01.15,"Cortador-tallador, cristales / óptica",8
7315.01.16,"Colocador, vidrios",8
7315.01.17,"Cucharero, colada de vidrio",8
7315.01.18,"Curvador, tubos de vidrio",8
7315.01.19,"Elaborador, esferas",8
7315.01.20,"Elaborador, peceras",8
7315.01.21,"Esmerilador, lentes",8
7315.01.22,"Esmerilador, vidrio decorativo / chorro de arena",8
7315.01.23,Espejero,8
7315.01.24,"Fundidor, vidrio",8
7315.01.25,"Inspector, control de calidad del vidrio",8
7315.01.26,"Laminador, vidrio",8
7315.01.27,"Matricero, moldes",8
7315.01.28,"Mezclador, moldeado de arena",8
7315.01.29,"Modelador, lentes / cristal óptico",8
7315.01.30,"Modelador, vidrio",8
7315.01.31,"Moldeador de objetos de vidrio",8
7315.01.32,"Moldeador, fibra de vidrio",8
7315.01.33,"Moldeador, display-maniquí",8
7315.01.34,"Molinero, vidrio",8
7315.01.35,"Perforador, vidrio",8
7315.01.36,"Polizador, vidrio en taller",8
7315.01.37,"Pulidor, cristales / óptica",8
7315.01.38,"Pulidor, vidrio",8
7315.01.39,"Pulidor, vidrio y cristal / baño de ácido",8
7315.01.40,"Rectificador, vidrio",8
7315.01.41,"Reparador, cristales de reloj",8
7315.01.42,"Soplador, vidrio",8
7315.01.43,"Soplador, vidrio / material de laboratorio",8
7315.01.44,"Sopladores, moldeadores, laminadores, cortadores y pulidores de vidrio, patrón (hasta 4 empleados)",8
7315.01.45,"Supervisor, fabricación de lámparas de vidrio",8
7315.01.46,"Tallador, cristales / óptica",8
7315.01.47,"Tornero, vidrio",8
7315.01.48,"Tallador, cristal",8
7315.01.49,"Tallador, cristales y vidrios / talla decorativa",8
7315.01.50,"Trazador - grabador, vidrio",8
7316,"REDACTORES DE CARTELES, PINTORES DECORATIVOS Y GRABADORES",4
7316.01,"Redactores de carteles, pintores decorativos y grabadores",6
7316.01.01,Azogador,8
7316.01.02,"Calcador, cerámica decorativa",8
7316.01.03,Decoradores,8
7316.01.04,"Decorador, alfarería",8
7316.01.05,"Decorador, cerámica",8
7316.01.06,"Decorador, cerámica / a mano",8
7316.01.07,"Decorador, cerámica / pulverización",8
7316.01.08,"Decorador-esmaltador, cerámica / pistola",8
7316.01.09,"Esmaltador, artículos de metal",8
7316.01.10,"Esmaltador, cerámica",8
7316.01.11,"Esmaltador, cerámica / inmersión",8
7316.01.12,"Esmaltador, vidrio",8
7316.01.13,"Estampador-decorador, cerámica",8
7316.01.14,"Filetero, decoración / cerámica y porcelana",8
7316.01.15,"Grabador, cristal",8
7316.01.16,"Grabador, cristal de cuarzo",8
7316.01.17,"Grabador, cristales ópticos",8
7316.01.18,"Grabador, vidrio",8
7316.01.19,"Grabador, vidrio / agua fuerte",8
7316.01.20,"Grabador, vidrio / chorro de arena",8
7316.01.21,"Grabador, vidrio / motivos decorativos",8
7316.01.22,"Grabador, vidrio / muela",8
7316.01.23,"Grabador, vidrio decorativo / pantógrafo",8
7316.01.24,"Grabador, vidrio y cristal / cera",8
7316.01.25,"Grabadores de vidrio, patrón (hasta 4 empleados)",8
7316.01.26,"Iluminador, loza y porcelana",8
7316.01.27,"Letrista, carteles",8
7316.01.28,"Litógrafo, cerámica decorativa",8
7316.01.29,"Operador de máquina delineadora",8
7316.01.30,"Operador de selladora de vajillas",8
7316.01.31,"Pintor esmaltador de gabinetes (electrodomésticos)",8
7316.01.32,"Pintor, brocha / excepto construcción (pincel y rodillo)",8
7316.01.33,"Pintor, cerámica",8
7316.01.34,"Pintor, cerámica / inmersión",8
7316.01.35,"Pintor, cerámica / pistola",8
7316.01.36,"Pintor, decorador",8
7316.01.37,"Pintor, decorador, cerámica",8
7316.01.38,"Pintor, inmersión",8
7316.01.39,"Pintor, pistola / excepto construcción",8
7316.01.40,"Pintor, vidrio",8
7316.01.41,"Pintores, decoradores de vidrio, cerámica y otros materiales, patrón (hasta 4 empleados)",8
7316.01.42,"Pulidor, piezas de cerámica dorada (y en general)",8
7316.01.43,"Retocador, cerámica decorativa",8
7316.01.44,Rotulista,8
7316.01.45,"Trazador, cerámica decorativa",8
7317,"ARTESANOS EN MADERA, CESTERÍA Y MATERIALES SIMILARES",4
7317.01,"Artesanos en madera, cestería y materiales similares",6
7317.01.01,Abaniquero,8
7317.01.02,"Artesano, artículos de madera",8
7317.01.03,"Artesano, artículos de masapán",8
7317.01.04,"Artesano, artículos de papel",8
7317.01.05,"Artesano, artículos de piedra",8
7317.01.06,"Artesano, elaboración de velas",8
7317.01.07,"Artesano, fabricación de bujías",8
7317.01.08,"Artesano, tejedor / juncos",8
7317.01.09,"Artesano, tejedor / mimbre",8
7317.01.10,"Artesanos de la madera y materiales similares, patrón (hasta 4 empleados)",8
7317.01.11,Brucero,8
7317.01.12,Cestero,8
7317.01.13,"Cestero, muebles / mimbre",8
7317.01.14,"Cesteros, bruceros y afines, dueños (hasta 4 empleados)",8
7317.01.15,"Confeccionador, brochas",8
7317.01.16,"Confeccionador, calzado / rafia",8
7317.01.17,"Confeccionador, juguetes / madera",8
7317.01.18,"Confeccionador, muebles / caña",8
7317.01.19,"Confeccionador, muebles / junco",8
7317.01.20,"Confeccionador-montador, muebles de caña o mimbre",8
7317.01.21,Escobero,8
7317.01.22,"Fabricante, barquilla",8
7317.01.23,"Fabricante, cesta",8
7317.01.24,"Fabricante, cepillo",8
7317.01.25,"Fabricantes, muebles de mimbre",8
7317.01.26,"Grabador de hueso, marfil y plástico",8
7317.01.27,"Trabajador artesanal, tejido carrizo",8
7317.01.28,"Trabajadores, tejido artesanías",8
7317.01.29,"Tejedor, capazos / junco o esparto",8
7317.01.30,"Tejedor, cestas",8
7317.01.31,"Trenzador, cestos",8
7317.01.32,"Trenzador, objetos de paja",8
7318,"ARTESANOS DE LOS TEJIDOS, EL CUERO Y MATERIALES SIMILARES",4
7318.01,"Artesanos de los tejidos, el cuero y materiales similares",6
7318.01.01,"Abridor, fibras textiles",8
7318.01.02,"Alimentador, cardas",8
7318.01.03,"Anotador de piezas de tela",8
7318.01.04,"Artesano, accesorios de cuero",8
7318.01.05,"Artesano, artículos de cuero",8
7318.01.06,"Artesano, elaboración de prendas típicas",8
7318.01.07,"Artesano, prendas de vestir / tejidas",8
7318.01.08,"Artesanos tejedores con telares o tejidos de punto y afines, dueños (hasta 4 empleados)",8
7318.01.09,"Artesanos de los tejidos, el cuero y materiales similares, dueño (hasta 4 empleados)",8
7318.01.10,"Artesano-tejedor, alfombras",8
7318.01.11,"Artesano-tejedor, telas",8
7318.01.12,"Artesano, tejedor / telar",8
7318.01.13,"Ayudante de cardas (cardador de fibras)",8
7318.01.14,"Ayudante Hilandero, hilo e hilaza",8
7318.01.15,"Ayudante de operador máquina elaboradora de napas",8
7318.01.16,"Batidor, fibras textiles",8
7318.01.17,"Canalero, fibras textiles",8
7318.01.18,"Cardador, fibras textiles",8
7318.01.19,"Clasificador, fibras textiles",8
7318.01.20,"Calcetero a mano",8
7318.01.21,Cordelero,8
7318.01.22,"Cordonero a mano",8
7318.01.23,"Desfibrador, lino o yute",8
7318.01.24,"Desmotador, fibras textiles",8
7318.01.25,"Despepitador, algodón",8
7318.01.26,"Emborrador, lana",8
7318.01.27,Encajero,8
7318.01.28,"Enhebrador, telar",8
7318.01.29,"Escogedor, fibras textiles",8
7318.01.30,Espadador,8
7318.01.31,"Estirador, fibras textiles",8
7318.01.32,"Fabricante, cobijas o cobertores",8
7318.01.33,"Fabricante, tapetes",8
7318.01.34,"Ganchillero, a mano",8
7318.01.35,"Hilandero de hilo y de hilados",8
7318.01.36,"Lavador, lana",8
7318.01.37,Mallero,8
7318.01.38,"Mezclador, fibras textiles",8
7318.01.39,"Montador, redes de seguridad",8
7318.01.40,"Napador, fibras textiles",8
7318.01.41,Pasamanero,8
7318.01.42,"Peinador, fibras textiles",8
7318.01.43,"Pintor, fibras",8
7318.01.44,"Preparadores de fibra, dueños (hasta 4 empleados)",8
7318.01.45,"Preparador-lavador, fibras textiles",8
7318.01.46,"Preparador de telares",8
7318.01.47,"Rastrillador, lino",8
7318.01.48,"Regulador, telar / jacquard",8
7318.01.49,"Regulador, telar / telas",8
7318.01.50,"Remendador, tejidos",8
7318.01.51,"Reparador tejedor",8
7318.01.52,"Reparador, hamacas",8
7318.01.53,Tejedor/a,8
7318.01.54,"Tejedor, alfombras",8
7318.01.55,"Tejedor, alfombras / telar manual",8
7318.01.56,"Tejedor, calzado",8
7318.01.57,"Tejedora, cuero",8
7318.01.58,"Tejedor, frazadas",8
7318.01.59,"Tejedor, hamacas",8
7318.01.60,"Tejedor a mano de ropa",8
7318.01.61,"Tejedora, paño",8
7318.01.62,"Tejedor de pelo de caballo",8
7318.01.63,"Tejedor, ponchos a mano",8
7318.01.64,"Tejedor, prendas de vestir",8
7318.01.65,"Tejedor, punto",8
7318.01.66,"Tejedor, redes",8
7318.01.67,"Tejedor, redes de pesca / a mano",8
7318.01.68,"Tejedor, ruanas a mano",8
7318.01.69,"Tejedor, sogas",8
7318.01.70,"Tejedor, sombreros",8
7318.01.71,"Tejedor, tapicería / telar manual",8
7318.01.72,"Tejedor, tapices de fibras vegetales",8
7318.01.73,"Tejedor, telar",8
7318.01.74,"Tejedor, textiles a mano",8
7318.01.75,"Trabajador, artesanía alfombras",8
7318.01.76,"Trabajador, artesanía cuero",8
7318.01.77,"Trabajador, artesanía textil",8
7318.01.78,"Torcedor, fibras textiles",8
7318.01.79,"Verificador, telar",8
7319,"ARTESANOS NO CLASIFICADOS BAJO OTROS EPÍGRAFES",4
7319.01,"Artesanos no clasificados bajo otros epígrafes",6
7319.01.01,"Elaborador de estropajos",8
7319.01.02,"Fabricante de juguetes de metal",8
7319.01.03,"Fabricante velas (artesanías)",8
7319.01.04,"Artesanos (manualidades)",8
732,"OFICIALES Y OPERARIOS DE LAS ARTES GRÁFICAS",3
7321,"CAJISTAS, TIPÓGRAFOS Y AFINES",4
7321.01,"Cajistas, tipógrafos y afines",6
7321.01.01,"Ajustador, máquina de fototipia",8
7321.01.02,"Ajustador-operador, máquina fundidora de tipos",8
7321.01.03,"Armador, páginas",8
7321.01.04,"Artesano, impresor",8
7321.01.05,"Ayudante de grabador a máquina de cilindros metálicos para imprenta",8
7321.01.06,"Ayudante fotograbador en general (ayudante de fotomecánica)",8
7321.01.07,"Ayudante de linotipista",8
7321.01.08,"Ayudante de Operador de prensa, plano cilíndrica",8
7321.01.09,Cajista,8
7321.01.10,"Cajista, armador moldes de impresión",8
7321.01.11,"Cajista, compaginador",8
7321.01.12,"Cajista, composición manual",8
7321.01.13,"Cajista, composición mecánica / linotipia",8
7321.01.14,"Cajista, intertipia",8
7321.01.15,"Cajistas, tipógrafos y afines, patrón (hasta 4 empleados)",8
7321.01.16,"Clisador, fotograbador / imprenta",8
7321.01.17,"Clisador, fotoimpresor / imprenta",8
7321.01.18,"Clisador, galvanotipia",8
7321.01.19,"Clisador, grabado al agua fuerte",8
7321.01.20,"Compaginador, fotocomposición",8
7321.01.21,"Copista, fotograbador / imprenta",8
7321.01.22,Electrotipista,8
7321.01.23,"Estereotipista, imprenta",8
7321.01.24,"Estereotipistas y galvanotipistas, patrón (hasta 4 empleados)",8
7321.01.25,"Fabricante, placas (impresión)",8
7321.01.26,"Fabricante, pantallas",8
7321.01.27,Fotocompositor,8
7321.01.28,Fototipista,8
7321.01.29,Fotograbador,8
7321.01.30,"Fotograbador de directo, imprenta",8
7321.01.31,"Fotograbador de línea, imprenta",8
7321.01.32,"Fotógrafo, negativista / imprenta",8
7321.01.33,"Fotógrafo, reproducción en offsett/ imprenta",8
7321.01.34,"Fotógrafo, xerografía / imprenta",8
7321.01.35,"Fotolitograbador, imprenta",8
7321.01.36,Fotomecánico,8
7321.01.37,"Fundidor, monotipia y tipos sueltos",8
7321.01.38,"Grabador al ácido, planchas metálicas / imprenta",8
7321.01.39,"Grabador, al aguafuerte / imprenta",8
7321.01.40,"Grabador a buril, litografía / imprenta",8
7321.01.41,"Grabador, cilindros metálicos de impresión / imprenta",8
7321.01.42,"Grabador, estarcidores de metal / imprenta",8
7321.01.43,"Grabador, fotograbado / imprenta",8
7321.01.44,"Grabador a mano, clisés de madera / caucho o linóleo (imprenta)",8
7321.01.45,"Grabador a máquina, rodillos impresores / imprenta",8
7321.01.46,"Grabador, música / imprenta",8
7321.01.47,"Grabador, pantógrafo / imprenta",8
7321.01.48,"Grabador, piedras litográficas / imprenta",8
7321.01.49,"Grabador, planchas metálicas / imprenta",8
7321.01.50,"Grabadores de imprenta y fotograbadores, patrón (hasta 4 empleados)",8
7321.01.51,"Insolador, fotograbado / imprenta",8
7321.01.52,Impresor,8
7321.01.53,"Impresor de pruebas",8
7321.01.54,"Jefe de talleres gráficos",8
7321.01.55,Linotipista,8
7321.01.56,"Matricero, imprenta",8
7321.01.57,Minervista,8
7321.01.58,"Moldeador de clisés, imprenta",8
7321.01.59,Monotipista,8
7321.01.60,"Montador, clisés sobre soporte / imprenta",8
7321.01.61,"Montador de mural (serigrafía)",8
7321.01.62,"Operador de autoedición",8
7321.01.63,"Operador de monotipia de fundir (lud low)",8
7321.01.64,"Operador de teclado, monotipia",8
7321.01.65,"Operador de máquina, fundición / tipos de imprenta",8
7321.01.66,"Operador de máquina, imprenta",8
7321.01.67,"Operador de máquina, imprenta / fototipia",8
7321.01.68,"Operador de máquina, imprenta / prensa offset",8
7321.01.69,"Pantografista, imprenta",8
7321.01.70,"Platinero, compaginación",8
7321.01.71,"Preparador de matrices offsett",8
7321.01.72,"Preparador de planchas, imprenta braille",8
7321.01.73,"Retocador, negativos / fotograbado (imprenta)",8
7321.01.74,"Técnico electrónico de prensa",8
7321.01.75,"Teclista, monotipista",8
7321.01.76,Tipógrafo,8
7321.01.77,"Tipógrafo operador, prensa de cilindro",8
7321.01.78,"Tipógrafo operador, prensa de platina",8
7321.01.79,"Tirador, pruebas de clisés / grabados (imprenta)",8
7321.01.80,"Transportador, fotograbado / imprenta",8
7321.01.81,"Xilógrafo, fotograbado / imprenta",8
7322,IMPRESORES,4
7322.01,Impresores,6
7322.01.01,"Ayudante de operador de estampadora plana",8
7322.01.02,"Ayudante de operador de estampadora rotativa",8
7322.01.03,"Estampador, heráldica",8
7322.01.04,"Estampador, textiles",8
7322.01.05,"Graneador, piedras litográficas / imprenta",8
7322.01.06,"Huecograbador, imprenta",8
7322.01.07,"Impresor a la plancha",8
7322.01.08,"Impresor, sericigrafía",8
7322.01.09,"Impresor, textiles",8
7322.01.10,"Impresores de sericigrafia y estampadores a la plancha y en textiles, patrón (hasta 4 empleados)",8
7322.01.11,"Litograbador, punteado / imprenta",8
7322.01.12,"Litógrafo, imprenta",8
7322.01.13,"Operador del alimentador (impresión)",8
7322.01.14,"Operador, estampadora plana",8
7322.01.15,"Operador, estampadora rotativa",8
7322.01.16,"Operador de máquina, impresión / textiles",8
7322.01.17,"Operador, pantalla de la impresora",8
7322.01.18,"Operador de prensa, bobina de papel / excepto rotograbado",8
7322.01.19,"Operador de prensa, impresión / papeles pintados",8
7322.01.20,"Operador, prensa digital",8
7322.01.21,"Operador, prensa flexográfica",8
7322.01.22,"Operador, prensa huecogravado",8
7322.01.23,"Operador, prensa hoja grande",8
7322.01.24,"Operador, prensa de impresión de pantalla",8
7322.01.25,"Operador de prensa, litografía / impresión directa",8
7322.01.26,"Operador de prensa, litografía / offset",8
7322.01.27,"Operador de prensa, plano cilíndrica",8
7322.01.28,"Operador de prensa, rotativa",8
7322.01.29,"Operador de prensa, pequeña",8
7322.01.30,"Operador de prensa, rotograbado",8
7322.01.31,"Operador de prensa, tipográfica / imprenta",8
7322.01.32,"Operador de prensa, tipográfica / platina",8
7322.01.33,"Operador de prensa, tipográfica / rotativa",8
7322.01.34,"Operador de prensa web",8
7322.01.35,"Picador, estarcidores / sericigrafía",8
7322.01.36,"Preparador, estarcidores / sericigrafía",8
7322.01.37,"Retocador, planchas de impresión / imprenta",8
7322.01.38,"Transportador, litografía / imprenta",8
7322.01.39,"Transportador, litografía en directo (imprenta)",8
7323,"ENCUADERNADORES Y AFINES",4
7323.01,"Encuadernadores y afines",6
7323.01.01,"Alzador, encuadernación",8
7323.01.02,"Ayudante de encuadernador manual",8
7323.01.03,"Cosedor, encuadernación",8
7323.01.04,"Dorador, encuadernación",8
7323.01.05,"Encolador, encuadernación",8
7323.01.06,Encuadernador,8
7323.01.07,"Encuadernadores y afines, patrón (hasta 4 empleados)",8
7323.01.08,"Grabador, encuadernación",8
7323.01.09,"Guillotinero, encuadernación",8
7323.01.10,"Montador, lomos / encuadernación",8
7323.01.11,"Operador, alzador",8
7323.01.12,"Operador, carpetas",8
7323.01.13,"Operador, sello de papel",8
7323.01.14,"Operador de máquina, encuadernadora",8
7323.01.15,"Operador de máquina, estampadora / encuadernación",8
7323.01.16,"Operador, multibinder",8
7323.01.17,"Operador, puntada de lomo",8
7323.01.18,"Recortador, encuadernación",8
7323.01.19,"Repujador, encuadernación",8
7323.01.20,"Trabajador, pequeña máquina de enlace",8
74,"TRABAJADORES ESPECIALIZADOS EN ELECTRICIDAD Y LA ELECTROTECNOLOGÍA",2
741,"INSTALADORES Y REPARADORES DE EQUIPOS ELÉCTRICOS",3
7411,"ELECTRICISTAS DE OBRAS Y AFINES",4
7411.01,"Electricistas de obras y afines",6
7411.01.01,"Ayudante de electricista",8
7411.01.02,Electricista,8
7411.01.03,"Electricista, aeronave / aviones",8
7411.01.04,"Electricista, alumbrado (gas neón)",8
7411.01.05,"Electricista, buque / barco",8
7411.01.06,"Electricista, construcción",8
7411.01.07,"Electricista, edificio / montaje (instalaciones)",8
7411.01.08,"Electricista, escenario y plató",8
7411.01.09,"Electricista, ferrocarril",8
7411.01.10,"Electricista, mina",8
7411.01.11,"Electricista, teatro",8
7411.01.12,"Electricista, tranvía",8
7411.01.13,Electricista-reparador,8
7411.01.14,"Electricista-reparador, edificio",8
7411.01.15,"Electricistas de obras afines, patronos (hasta 4 empleados)",8
7412,"MECÁNICOS Y AJUSTADORES ELECTRICISTAS",4
7412.01,"Mecánicos y ajustadores electricistas",6
7412.01.01,Ajustador-electricista,8
7412.01.02,"Ajustador-electricista, aparatos de control",8
7412.01.03,"Ajustador-electricista, aparatos de señalización",8
7412.01.04,"Ajustador-electricista, ascensores",8
7412.01.05,"Ajustador-electricista, cables",8
7412.01.06,"Ajustador-electricista, conmutadores",8
7412.01.07,"Ajustador-electricista, dínamos y motores",8
7412.01.08,"Ajustador-electricista, generadores",8
7412.01.09,"Ajustador-electricista, instalaciones de climatización",8
7412.01.10,"Ajustador-electricista, instrumentos",8
7412.01.11,"Ajustador-electricista, interruptores",8
7412.01.12,"Ajustador-electricista, refrigeración y climatización",8
7412.01.13,"Ajustador-electricista, reóstatos",8
7412.01.14,"Ajustador-electricista, tablero de control",8
7412.01.15,"Ajustador-electricista, transformadores",8
7412.01.16,Bobinador,8
7412.01.17,"Constructor de armadura",8
7412.01.18,"Electricista automotriz",8
7412.01.19,"Electricista-ajustador, centrales eléctricas / regulación e instalaciones similares",8
7412.01.20,"Electromecánico, generadores",8
7412.01.21,"Electromecánico, instrumentos de medición",8
7412.01.22,"Instalador, eléctrico",8
7412.01.23,"Instalador, generadores eléctricos",8
7412.01.24,"Mecánico, ascensor",8
7412.01.25,"Mecánico, eléctrico",8
7412.01.26,"Mecánico-electricista (especialista en ABC de motores)",8
7412.01.27,"Mecánicos y ajustadores electricistas, patrones ( hasta 4 empleados)",8
7412.01.28,"Reparador, aparatos eléctricos",8
7412.01.29,"Reparador, aparatos electrodomésticos",8
7413,"INSTALADORES Y REPARADORES DE LÍNEAS ELÉCTRICAS",4
7413.01,"Instaladores y reparadores de líneas eléctricas",6
7413.01.01,"Ayudante de empalmador de cables telefónicos",8
7413.01.02,"Ayudante de liniero de cables telefónicos",8
7413.01.03,"Canalizador (teléfonos)",8
7413.01.04,"Empalmador, cables de teléfono",8
7413.01.05,"Empalmador, cables de telégrafo",8
7413.01.06,"Empalmador, cables eléctricos",8
7413.01.07,"Instalador de acometidas, medidores y transformadores",8
7413.01.08,"Instalador, cables de teléfonos",8
7413.01.09,"Instalador, cables de telégrafos",8
7413.01.10,"Instalador, cables para tracción de vehículos eléctricos",8
7413.01.11,"Instalador, cables subterráneos",8
7413.01.12,"Instalador, cables subterráneos / transporte de corriente eléctrica",8
7413.01.13,"Instalador, líneas catenarias",8
7413.01.14,"Instalador, líneas de energía eléctrica",8
7413.01.15,"Instalador, líneas de energía eléctrica / tendido aéreo",8
7413.01.16,"Instalador, líneas de teléfonos",8
7413.01.17,"Instalador, líneas de telégrafos",8
7413.01.18,"Instalador, líneas eléctrica / tracción",8
7413.01.19,"Instaladores y reparadores de líneas eléctricas, patrón (hasta 4 empleados)",8
7413.01.20,"Montador de líneas de energía eléctrica",8
7413.01.21,"Trabajador, línea de energía eléctrica",8
742,"INSTALADORES Y REPARADORES DE EQUIPOS ELECTRÓNICOS Y DE TELECOMUNICACIONES",3
7421,"MECÁNICOS Y REPARADORES EN ELECTRÓNICA",4
7421.01,"Mecánicos y reparadores en electrónica",6
7421.01.01,"Administrador, equipos electrónicos",8
7421.01.02,"Ajustador - electronicista",8
7421.01.03,"Ajustador - electronicista, aparatos médicos",8
7421.01.04,"Ajustador - electronicista, aparatos meteorológicos",8
7421.01.05,"Ajustador- electronicista, computadoras",8
7421.01.06,"Ajustador, radar",8
7421.01.07,"Ajustador - electronicista, aparatos de grabación y transmisión / sonido e imagen",8
7421.01.08,"Ajustador-electronicista, equipos informáticos",8
7421.01.09,"Ajustador-electronicista, equipos de telecomunicaciones",8
7421.01.10,"Ajustador-electronicista, instalaciones de señalización",8
7421.01.11,"Ajustador-electronicista, instrumentos de medida",8
7421.01.12,"Ajustador-electronicista, maquinaria industrial",8
7421.01.13,"Ajustador-electronicista, material electrónico",8
7421.01.14,"Ajustador-electronicista, ordenadores",8
7421.01.15,"Ajustador-electronicista, prototipos",8
7421.01.16,"Ajustador-electronicista, radar",8
7421.01.17,"Ajustador-electronicista, radio",8
7421.01.18,"Ajustador-electronicista, sistemas de señalización",8
7421.01.19,"Ajustador-electronicista, televisión",8
7421.01.20,"Ajustadores electronicistas, patrones (hasta 4 empleados)",8
7421.01.21,"Electronicista-reparador, receptores de radio",8
7421.01.22,"Electronicista-reparador, receptores de televisión",8
7421.01.23,"Instalador, antenas de radio",8
7421.01.24,"Instalador, antenas de televisión",8
7421.01.25,"Instalador de Tv. Cable",8
7421.01.26,"Instrumentalista de planta petrolera",8
7421.01.27,"Mecánico, cajeros automáticos",8
7421.01.28,"Mecánico, computadoras",8
7421.01.29,"Mecánico, electrónica",8
7421.01.30,"Mecánico, máquinas de calcular",8
7421.01.31,"Mecánico, máquinas de contabilidad",8
7421.01.32,"Mecánico, máquinas de oficina",8
7421.01.33,"Mecánicos y reparadores de aparatos electrónicos, patrón (hasta 4 empleados)",8
7421.01.34,"Montador, antenas receptores",8
7421.01.35,"Reparador, aparatos de grabación y transmisión / sonido e imagen",8
7421.01.36,"Reparador, aparatos electrónicos",8
7421.01.37,"Reparador, receptores de radio y televisión",8
7421.01.38,"Técnico, aviónica",8
7421.01.39,"Técnico, máquina de fotocopias",8
7422,"INSTALADORES Y REPARADORES EN TECNOLOGÍA DE LA INFORMACIÓN Y LAS COMUNICACIONES",4
7422.01,"Instaladores y reparadores en tecnología de la información y las comunicaciones",6
7422.01.01,"Ayudante de reparador de instalaciones de teléfono y telégrafo",8
7422.01.02,"Instalador computadora, equipo",8
7422.01.03,"Instalador datos y cables de telecomunicaciones",8
7422.01.04,"Instalador de central de teléfonos y telégrafo",8
7422.01.05,"Instalador equipos informáticos",8
7422.01.06,"Instalador teléfonos",8
7422.01.07,"Instalador telégrafos",8
7422.01.08,"Instaladores y reparadores de telégrafos y teléfonos, patrones (hasta 4 empleados)",8
7422.01.09,"Reparador de líneas telefónicas",8
7422.01.10,"Reparador, instalaciones telefónicas",8
7422.01.11,"Reparador, instalaciones telegráficas",8
7422.01.12,"Reparador de equipos de telecomunicaciones",8
7422.01.13,"Trabajador, línea de telecomunicaciones",8
75,"OPERARIOS Y OFICIALES DE PROCESAMIENTO DE ALIMENTOS, DE LA CONFECCIÓN, EBANISTAS, OTROS ARTESANOS Y AFINES",2
751,"OFICIALES Y OPERARIOS DE PROCESAMIENTO DE ALIMENTOS Y AFINES",3
7511,"CARNICEROS, PESCADEROS Y AFINES",4
7511.01,"Carniceros, Pescaderos y afines",6
7511.01.01,"Ahumador y secado, salchichas",8
7511.01.02,"Ahumador, carnes",8
7511.01.03,"Ahumador, pescados",8
7511.01.04,Carnicero,8
7511.01.05,"Carnicero, comerciante",8
7511.01.06,Carnicero-matarife,8
7511.01.07,"Carniceros, pescadores y afines, dueños (hasta 4 empleados)",8
7511.01.08,Chacinero,8
7511.01.09,Chicharronero,8
7511.01.10,"Chitero (Sacrifica borregos)",8
7511.01.11,"Chivero (Sacrifica chivos)",8
7511.01.12,Choricero,8
7511.01.13,"Clasificador manual de camarones",8
7511.01.14,"Cortador, carne",8
7511.01.15,"Cortador, grasa de cerdos",8
7511.01.16,"Curador, carne",8
7511.01.17,"Curador, jamones",8
7511.01.18,"Curador, pescado",8
7511.01.19,"Degollador, reses",8
7511.01.20,"Descabezador, pescado",8
7511.01.21,"Desconchador, ostiones",8
7511.01.22,"Deshuesador, carne",8
7511.01.23,"Desollador, animales",8
7511.01.24,Despojero,8
7511.01.25,Despostador,8
7511.01.26,"Elaborador, productos de pescado",8
7511.01.27,"Empacador, carnes frías",8
7511.01.28,"Escamador de pescado",8
7511.01.29,Fiambrero,8
7511.01.30,"Fileteador de pescado y tortuga",8
7511.01.31,"Inspector de matadero",8
7511.01.32,"Operario de ahumadero, carne",8
7511.01.33,"Operario de ahumadero, pescado",8
7511.01.34,"Pelador, camarones",8
7511.01.35,Pescadero,8
7511.01.36,"Preparador, carnes",8
7511.01.37,"Preparador, hilo quirúrgico / catgut",8
7511.01.38,"Preparador, jamones",8
7511.01.39,"Preparador, pescado",8
7511.01.40,"Puntillero, mataderos",8
7511.01.41,"Salador, carne",8
7511.01.42,"Salador, jamón",8
7511.01.43,"Salador, pescado",8
7511.01.44,Salazonero,8
7511.01.45,Salchichero,8
7511.01.46,"Seleccionador de carnes",8
7511.01.47,"Sellador, marcador de ganado faenado",8
7511.01.48,"Tonelero-salador, pescado",8
7512,"PANADEROS, PASTELEROS Y CONFITEROS",4
7512.01,"Panaderos, pasteleros y confiteros",6
7512.01.01,"Amasador, pan",8
7512.01.02,"Ayudante de confitero",8
7512.01.03,"Ayudante de panadero",8
7512.01.04,"Ayudante pastelero",8
7512.01.05,"Batidor, chocolate",8
7512.01.06,Bizcochero,8
7512.01.07,Bollero,8
7512.01.08,Bombonero,8
7512.01.09,Buñuelero,8
7512.01.10,Caramelero,8
7512.01.11,Chocolatero,8
7512.01.12,Churrero,8
7512.01.13,"Cocedor, confitería",8
7512.01.14,Confitero,8
7512.01.15,"Decorador, pasteles",8
7512.01.16,Donero,8
7512.01.17,Dulcero,8
7512.01.18,"Elaborador, algodón de azúcar",8
7512.01.19,"Elaborador, gelatinas",8
7512.01.20,"Elaborador, humas",8
7512.01.21,"Elaborador, mermeladas",8
7512.01.22,"Elaborador, palomitas de maíz",8
7512.01.23,"Elaborador, polvo de cacao",8
7512.01.24,"Enfriador de masa de caramelo",8
7512.01.25,"Escarchador, fruta",8
7512.01.26,"Fabricante, chocolate",8
7512.01.27,Hojaldrista,8
7512.01.28,"Hornero, confitería",8
7512.01.29,"Hornero, elaboración / galletas",8
7512.01.30,"Hornero, pan",8
7512.01.31,"Hornero, pasta / pastelería",8
7512.01.32,"Laminador, chocolate",8
7512.01.33,Melcochero,8
7512.01.34,"Mezclador de ingredientes, elaboración / chocolate",8
7512.01.35,"Mezclador, confitería",8
7512.01.36,"Moldeador, elaboración / chocolate",8
7512.01.37,"Molinero de cacao",8
7512.01.38,"Operario de prensa de levadura",8
7512.01.39,"Operario, fabricación / chicle",8
7512.01.40,"Operario, fabricación / galletas",8
7512.01.41,"Operario, fabricación / levadura",8
7512.01.42,"Operario, fabricación / pastas alimenticias",8
7512.01.43,Panadero,8
7512.01.44,"Panaderos, pasteleros y confiteros, dueños (hasta 4 empleados)",8
7512.01.45,Pastelero,8
7512.01.46,"Prensador de cacao, fabricación / chocolate",8
7512.01.47,"Preparador de bases para pizzas",8
7512.01.48,"Preparador de pinol",8
7512.01.49,"Preparador de tamales",8
7512.01.50,"Preparador de tostadas",8
7512.01.51,"Refinador, elaboración / chocolate",8
7512.01.52,Repostero,8
7512.01.53,Tortillero,8
7512.01.54,Turronero,8
7513,"OPERARIOS DE LA ELABORACIÓN DE PRODUCTOS LÁCTEOS",4
7513.01,"Operarios de la elaboración de productos lácteos",6
7513.01.01,"Cortador, queso",8
7513.01.02,Cremero,8
7513.01.03,"Elaborador, yogurt",8
7513.01.04,"Fabricante, queso",8
7513.01.05,"Fabricante mantequilla",8
7513.01.06,Heladero,8
7513.01.07,Mantequero,8
7513.01.08,Mantequillero,8
7513.01.09,"Operario, preparación / productos lácteos",8
7513.01.10,"Operarios de la elaboración de productos lácteos, dueños (hasta 4 empleados)",8
7513.01.11,Quesero,8
7514,"OPERARIOS DE LA CONSERVACIÓN DE FRUTAS, LEGUMBRES, VERDURAS Y AFINES",4
7514.01,"Operarios de la conservación de frutas, legumbres, verduras y afines",6
7514.01.01,Almazarero,8
7514.01.02,"Conservador, vegetales",8
7514.01.03,"Conservador, frutas y legumbres",8
7514.01.04,"Cortador, verduras",8
7514.01.05,"Descascarador, frutas secas",8
7514.01.06,"Desfibrador, frutas vegetales",8
7514.01.07,"Exprimidor, zumos / frutas",8
7514.01.08,"Fabricante, mermelada",8
7514.01.09,"Lavador, frutas y legumbres",8
7514.01.10,"Operario, conservación / frutas",8
7514.01.11,"Operario, fabricación / zumos (frutas)",8
7514.01.12,"Operario, fabricación / zumos (legumbres)",8
7514.01.13,"Operario, y conservación / legumbres",8
7514.01.14,"Operarios de la conservación de frutas, legumbres, verduras y afines, patrón (hasta 4 empleados)",8
7514.01.15,"Partidor, frutas",8
7514.01.16,"Pelador, maní",8
7514.01.17,"Pelador, nuez",8
7515,"CATADORES Y CLASIFICADORES DE ALIMENTOS Y BEBIDAS",4
7515.01,"Catadores y clasificadores de alimentos y bebidas",6
7515.01.01,"Catador, alimentos",8
7515.01.02,"Catador, café",8
7515.01.03,"Catador, licores",8
7515.01.04,"Catador, té",8
7515.01.05,"Catador, vinos",8
7515.01.06,"Catador, zumos",8
7515.01.07,"Catadores y clasificadores de alimentos y bebidas, patrón (hasta 4 empleados)",8
7515.01.08,"Clasificador, aceites comestibles",8
7515.01.09,"Clasificador, alimentos",8
7515.01.10,"Clasificador, fruta",8
7515.01.11,"Clasificador, legumbres",8
7515.01.12,"Degustador, alimentos",8
7515.01.13,"Escogedor manual de café",8
7515.01.14,"Fabricante de salsa picante",8
7516,"PREPARADORES Y ELABORADORES DE TABACOS Y SUS PRODUCTOS",4
7516.01,"Preparadores y elaboradores de tabaco y sus productos",6
7516.01.01,"Abridor, capo y capillos / elaboración (cigarros)",8
7516.01.02,"Abridor, capote / elaboración (cigarros)",8
7516.01.03,"Acondicionador, tabaco",8
7516.01.04,"Aplanador, tabaco",8
7516.01.05,Aromatizador,8
7516.01.06,Cigarrero,8
7516.01.07,"Clasificador, cigarros",8
7516.01.08,"Clasificador, hojas de tabaco",8
7516.01.09,"Clasificador, tabaco",8
7516.01.10,"Descosedor, tabaco",8
7516.01.11,"Despalillador a mano, tabaco",8
7516.01.12,"Desvenador, tabaco",8
7516.01.13,"Embalador, cigarros",8
7516.01.14,"Empacador, cigarros",8
7516.01.15,Encajetillador,8
7516.01.16,"Enfriador, tabaco",8
7516.01.17,"Fabricante, cigarrillos",8
7516.01.18,"Humectador, tabaco",8
7516.01.19,"Inspector de control de calidad de cigarrillos",8
7516.01.20,"Laminador, venta de tabaco",8
7516.01.21,"Ligador, tabaco",8
7516.01.22,"Mezclador de tabaco",8
7516.01.23,"Mojador, tabaco",8
7516.01.24,"Operador de abridora de cigarrillos",8
7516.01.25,"Operario, fabricación / cigarrillos",8
7516.01.26,"Operario, picado / tabaco",8
7516.01.27,"Operario, secado / tabaco",8
7516.01.28,"Oreador, tabaco",8
7516.01.29,"Prensador, cigarros",8
7516.01.30,"Prensador, tabaco de mascar",8
7516.01.31,"Preparador, picadura de tabaco / pipa",8
7516.01.32,"Preparador, rapé",8
7516.01.33,"Preparadores y elaboradores de tabaco y sus productos, patrón (hasta 4 empleados)",8
7516.01.34,Purero,8
7516.01.35,"Recogedor de cigarrillos",8
7516.01.36,"Secador, rapé",8
7516.01.37,"Torcedor, tabaco",8
752,"OFICIALES Y OPERARIOS DEL TRATAMIENTO DE LA MADERA, EBANISTAS Y AFINES",3
7521,"OPERARIOS DEL TRATAMIENTO DE LA MADERA",4
7521.01,"Operarios del tratamiento de la madera",6
7521.01.01,"Clasificador, madera",8
7521.01.02,"Impregnador, madera",8
7521.01.03,"Operador, cámara de secado",8
7521.01.04,"Operador, horno de madera",8
7521.01.05,"Operador, máquina para pintar madera",8
7521.01.06,"Operario, tratamiento de la madera",8
7521.01.07,"Operario, tratamiento de la madera / incisiones",8
7521.01.08,"Operarios del tratamiento de la madera, dueño (hasta 4 empleados)",8
7521.01.09,"Secador, madera",8
7521.01.10,"Secador, chapa de madera",8
7521.01.11,"Tratador, madera",8
7522,"EBANISTAS Y AFINES",4
7522.01,"Ebanistas y afines",6
7522.01.01,"Acabador muebles / madera",8
7522.01.02,"Armador, pisos y redilas de camión",8
7522.01.03,"Artesano, figuras de madera o palo fierro",8
7522.01.04,"Artesano, elaboración de artículos de madera",8
7522.01.05,"Ayudante de ebanista confeccionador de instrumentos de cuerda",8
7522.01.06,"Ayudante de ensamblador de muebles de madera",8
7522.01.07,"Barnizador, muebles / madera",8
7522.01.08,Barrilero,8
7522.01.09,Carretero,8
7522.01.10,"Carrocero, carrocerías / madera",8
7522.01.11,"Carrocero, vehículos / madera",8
7522.01.12,"Chapeador, muebles / madera",8
7522.01.13,"Confeccionador, baúles de madera",8
7522.01.14,"Confeccionador, marcos / cuadros",8
7522.01.15,"Confeccionador, máscaras de madera",8
7522.01.16,"Confeccionador, toneles",8
7522.01.17,"Confeccionador, zuecos",8
7522.01.18,"Confeccionador-montador, artículos de madera / deportes",8
7522.01.19,"Constructor, ataúdes",8
7522.01.20,"Constructor, canoas",8
7522.01.21,"Constructor, lanchas",8
7522.01.22,"Constructor, casas de madera",8
7522.01.23,"Constructor, escaleras de mano / madera",8
7522.01.24,"Constructor, pangas",8
7522.01.25,"Constructor, toneles",8
7522.01.26,"Cortador, madera",8
7522.01.27,Ebanista,8
7522.01.28,"Ebanista confeccionador de instrumentos de cuerda",8
7522.01.29,"Ebanista, cajas / relojes de péndulo",8
7522.01.30,"Ebanista, estuches / instrumentos de música",8
7522.01.31,"Ebanista, marquetería",8
7522.01.32,"Ebanista, mesas de billar",8
7522.01.33,"Ebanista muebles",8
7522.01.34,"Ebanista, pianos",8
7522.01.35,"Ebanistas y afines, dueños (hasta 4 empleados)",8
7522.01.36,"Enchapador, madera",8
7522.01.37,"Ensamblador, barriles",8
7522.01.38,"Ensamblador, cajas de madera",8
7522.01.39,"Fabricante, muebles de gabinete",8
7522.01.40,"Ensamblador, muebles de madera",8
7522.01.41,"Forrador, estuches y cajas a mano",8
7522.01.42,"Grabador de madera",8
7522.01.43,"Labrador de madera",8
7522.01.44,"Lacador, muebles / madera",8
7522.01.45,"Lijador de muebles",8
7522.01.46,"Maquetista, madera",8
7522.01.47,"Modelista, madera",8
7522.01.48,Mueblista,8
7522.01.49,"Nivelador de madera",8
7522.01.50,"Operario, escultura / madera",8
7522.01.51,"Patronista, madera",8
7522.01.52,"Papelero, a mano / cubas",8
7522.01.53,"Pintor con pistola, muebles de madera",8
7522.01.54,Ruedero,8
7522.01.55,Sillero,8
7522.01.56,"Tallista, madera - muebles",8
7522.01.57,"Tallador, objetos de madera",8
7522.01.58,"Tinturero, muebles / madera",8
7522.01.59,"Trazador, ebanistería",8
7522.01.60,"Trazador, labra / madera",8
7523,"REGULADORES Y OPERADORES DE MÁQUINAS DE LABRAR MADERA",4
7523.01,"Reguladores y operadores de máquinas de labrar madera",6
7523.01.01,"Aserrador, madera",8
7523.01.02,"Aserrador, regulador y operador de máquinas de labrar madera, dueño (hasta 4 empleados)",8
7523.01.03,"Aserrador, sierra de bastidor",8
7523.01.04,"Aserrador, sierra de cinta",8
7523.01.05,"Aserrador, sierra de precisión",8
7523.01.06,"Aserrador, sierra mecánica / precisión",8
7523.01.07,"Ayudante de operador de lijadora de madera",8
7523.01.08,"Ayudante, aserrador",8
7523.01.09,"Ensamblador, espigadora / labra (madera)",8
7523.01.10,"Esmerilador, productos de madera y muebles",8
7523.01.11,"Operador de acanalador de entrepaños de madera contrachapada",8
7523.01.12,"Operador, contorneador de persianas",8
7523.01.13,"Operador, guillotina para cortar tapones de corcho",8
7523.01.14,"Operador, instalación de máquina de la madera",8
7523.01.15,"Operador de máquina, acabado / madera",8
7523.01.16,"Operador de máquina, carpintería mecánica",8
7523.01.17,"Operador de máquina, cortadora de lápices",8
7523.01.18,"Operador de máquina, curvadora / madera",8
7523.01.19,"Operador de máquina, fabricación / juguetes (madera)",8
7523.01.20,"Operador de máquina, fabricación / material deportivo (madera)",8
7523.01.21,"Operador de máquina, fabricación / muebles",8
7523.01.22,"Operador de máquina, fabricación / objetos de madera",8
7523.01.23,"Operador de máquina, grabado / madera",8
7523.01.24,"Operador de máquina, grabado al ácido / madera",8
7523.01.25,"Operador de máquina, labra / madera",8
7523.01.26,"Operador de máquina para lijar muebles",8
7523.01.27,"Operador de máquina, marcadora / madera",8
7523.01.28,"Operador de máquina, pintura / madera",8
7523.01.29,"Operador de máquina, productos de madera",8
7523.01.30,"Operador de máquina, pulidora / madera",8
7523.01.31,"Operador de máquina, reguladora de madera",8
7523.01.32,"Operador de máquina, talla / madera",8
7523.01.33,"Operador de máquina, trabajo de la madera",8
7523.01.34,"Operador de torno, trabajo de la madera",8
7523.01.35,"Operario, ensamblador / cola de milano",8
7523.01.36,"Operario, ensamblador / espigas",8
7523.01.37,"Operario, lijado / madera",8
7523.01.38,"Regulador de máquinas, carpintería",8
7523.01.39,"Regulador de máquina, labra/ madera",8
7523.01.40,"Regulador-operador, cepilladora / labra (madera)",8
7523.01.41,"Regulador-operador, ensambladora / labra (madera)",8
7523.01.42,"Regulador-operador, fresadora labra (madera)",8
7523.01.43,"Regulador-operador, máquina labra (madera)",8
7523.01.44,"Regulador-operador, molduradora / labra (madera)",8
7523.01.45,"Regulador-operador, ranuradora / labra (madera)",8
7523.01.46,"Regulador-operador, sierra caladora",8
7523.01.47,"Regulador-operador, sierra mecánica / precisión",8
7523.01.48,"Regulador-operador, taladradora / labra (madera)",8
7523.01.49,"Regulador-operador, torno / labra (madera)",8
7523.01.50,"Regulador-operador, torno / madera",8
7523.01.51,"Tallador de madera a máquina",8
7523.01.52,"Tornero, madera",8
7523.01.53,"Tornero, pantografista para madera",8
7523.01.54,"Tornero, rectificador de rodillos",8
753,"OFICIALES Y OPERARIOS DE LA CONFECCIÓN Y AFINES",3
7531,"SASTRES, MODISTOS, PELETEROS Y SOMBREREROS",4
7531.01,"Sastres, modistos, peleteros y sombrereros",6
7531.01.01,"Ayudante de sastre",8
7531.01.02,Camisero,8
7531.01.03,"Cerrador de costuras de sacos",8
7531.01.04,Chalequero,8
7531.01.05,"Confeccionador, sombreros",8
7531.01.06,"Confeccionador, sombreros de tela",8
7531.01.07,"Confeccionador, batas",8
7531.01.08,"Confeccionador, bolsas",8
7531.01.09,"Confeccionador, lencero",8
7531.01.10,Corsetero,8
7531.01.11,"Maestro de aguja y mesa",8
7531.01.12,"Modelista-patronista, peletería",8
7531.01.13,Modista/o,8
7531.01.14,"Modista, sombreros",8
7531.01.15,"Modista, teatro",8
7531.01.16,"Obrero de manga",8
7531.01.17,Pantalonero,8
7531.01.18,"Revisor de prendas de vestir",8
7531.01.19,Sastre,8
7531.01.20,"Sastre, a medida",8
7531.01.21,"Sastre, confección en serie",8
7531.01.22,"Sastre, teatro",8
7531.01.23,"Sastres, Modistos y Sombreros, dueños (hasta 4 empleados)",8
7531.01.24,Sombrerero,8
7531.01.25,"Sombrerero de paja toquilla",8
7531.01.26,"Patronista, peletería",8
7531.01.27,Peletero,8
7531.01.28,"Peletero y afines, dueños (hasta 4 empleados)",8
7531.01.29,"Terminador, sombreros de fieltro",8
7532,"PATRONISTAS Y CORTADORES DE TELA Y AFINES",4
7532.01,"Patronitas y cortadores de tela y afines",6
7532.01.01,"Cambiador de cursores (hilas)",8
7532.01.02,"Copista, dibujos / cartones jacquard",8
7532.01.03,"Cortador, colchas y colchones",8
7532.01.04,"Cortador, guantes",8
7532.01.05,"Cortador, paraguas",8
7532.01.06,"Cortador, prendas de cuero y piel",8
7532.01.07,"Cortador, prendas de vestir",8
7532.01.08,"Cortador, ropa",8
7532.01.09,"Cortador, sastrería",8
7532.01.10,"Cortador, tapicería",8
7532.01.11,"Cortador, tiendas de campaña",8
7532.01.12,"Cortador, velámenes",8
7532.01.13,"Cortador, productos textiles",8
7532.01.14,"Cortador, telas para muebles",8
7532.01.15,"Cortador, toldos y sombrillas",8
7532.01.16,"Fabricante de piel",8
7532.01.17,"Fabricante ropa",8
7532.01.18,Patronista,8
7532.01.19,"Patronista, guantes",8
7532.01.20,"Patronista, lencería",8
7532.01.21,"Patronista, paraguas",8
7532.01.22,"Patronista, pieles",8
7532.01.23,"Patronista, prendas de vestir",8
7532.01.24,"Patronista, sombrerero",8
7532.01.25,"Patronista, tapicero",8
7532.01.26,"Patronista, tiendas de campaña",8
7532.01.27,"Patronista, velámenes",8
7532.01.28,"Patronistas y cortadores de tela, cuero y afines, dueños (hasta 4 empleados)",8
7532.01.29,"Regulador, máquina de tejer",8
7532.01.30,"Trazador, prendas de vestir",8
7532.01.31,"Trazador, ropa de lencería",8
7533,"COSTUREROS, BORDADORES Y AFINES",4
7533.01,"Costureros, bordadores y afines",6
7533.01.01,"Acabador, artículos de cuero",8
7533.01.02,"Armador, colchones",8
7533.01.03,"Artesano, fabricación de estuches para guitarras",8
7533.01.04,"Artesano, fabricante de plumeros",8
7533.01.05,Bordador,8
7533.01.06,"Bordador a mano",8
7533.01.07,"Confeccionador, alfombras de nudo / a mano",8
7533.01.08,"Confeccionador, carpas",8
7533.01.09,"Confeccionador, flores artificiales",8
7533.01.10,"Confeccionador, juguetes / metal",8
7533.01.11,"Confeccionador, juguetes y muñecos blandos",8
7533.01.12,"Confeccionador, muñecos y juguetes",8
7533.01.13,"Confeccionador, muñecos y juguetes de trapo",8
7533.01.14,"Confeccionador, tiendas de campaña",8
7533.01.15,"Confeccionador, toldos",8
7533.01.16,"Confeccionador, velámenes",8
7533.01.17,Cosedor,8
7533.01.18,"Cosedor, balones",8
7533.01.19,"Cosedor, botones y etiquetas",8
7533.01.20,"Cosedor, colchas y colchones",8
7533.01.21,"Cosedor, gorros",8
7533.01.22,"Cosedor, guantes",8
7533.01.23,"Cosedor, hojales",8
7533.01.24,"Cosedor, prendas de cuero y piel",8
7533.01.25,"Cosedor, prendas de peletería a mano",8
7533.01.26,"Cosedor, prendas de vestir",8
7533.01.27,"Cosedor, portafolio de cuero a mano",8
7533.01.28,"Cosedor, tapetes",8
7533.01.29,"Cosedor, telas de tapicería",8
7533.01.30,"Cosedor, tiendas de campaña",8
7533.01.31,"Cosedor, velas, tiendas y carpas",8
7533.01.32,Costurero,8
7533.01.33,"Costureros, bordadores y afines, dueños (hasta 4 empleados)",8
7533.01.34,Deshilador,8
7533.01.35,"Elaborador, cinturones de cuero o piel",8
7533.01.36,"Elaborador, lonas",8
7533.01.37,"Elaborador, maletas de cuero y tela",8
7533.01.38,"Elaborador, toldos de lona",8
7533.01.39,"Elaborador, trapeadores",8
7533.01.40,"Fabricante, cortinas",8
7533.01.41,"Fabricante, paraguas",8
7533.01.42,"Forrador, guantes",8
7533.01.43,"Maquilador, lonas",8
7533.01.44,"Modelista en la fabricación, prendas de vestir",8
7533.01.45,"Montador, artículos de cuero",8
7533.01.46,"Operario, confección / paracaídas",8
7533.01.47,"Operario, confección / paraguas",8
7533.01.48,"Operario, costura",8
7533.01.49,"Operario, velas",8
7533.01.50,Paragüero,8
7533.01.51,"Reparador, lonas",8
7533.01.52,"Reparador, tapetes",8
7533.01.53,"Reparador zurcidor, ropa",8
7534,"TAPICEROS, COLCHONEROS Y AFINES",4
7534.01,"Tapiceros, colchoneros y afines",6
7534.01.01,"Ayudante de Tapicero, muebles",8
7534.01.02,Colchonero,8
7534.01.03,"Confeccionador, colchones",8
7534.01.04,"Confeccionador, edredones",8
7534.01.05,"Confeccionadores e instaladores de cortinas",8
7534.01.06,"Confeccionador, ropa de cama",8
7534.01.07,"Confeccionador, tapicería",8
7534.01.08,"Engomador, tapicería",8
7534.01.09,"Fabricantes de colchones",8
7534.01.10,"Operario, colchonería",8
7534.01.11,"Reparador, colchones",8
7534.01.12,"Reparador tapicero",8
7534.01.13,"Tapicero, ataúdes",8
7534.01.14,"Tapicero, aviones",8
7534.01.15,"Tapicero, colchoneros y afines, dueños (hasta 4 empleados)",8
7534.01.16,"Tapicero, muebles",8
7534.01.17,"Tapicero, ortopédico",8
7534.01.18,"Tapicero, vagones de ferrocarril",8
7534.01.19,"Tapicero, vehículos",8
7535,"APELAMBRADORES, PELLEJEROS Y CURTIDORES",4
7535.01,"Apelambradores, pellejeros y curtidores",6
7535.01.01,"Adobador, cueros",8
7535.01.02,"Adelgazador, cueros",8
7535.01.03,"Adornador, cueros",8
7535.01.04,"Adornador, pieles",8
7535.01.05,"Alisador, pieles",8
7535.01.06,"Apelambradores, pellejeros y curtidores, dueños (hasta 4 empleados)",8
7535.01.07,"Calibrador, pieles",8
7535.01.08,"Clavador, pieles",8
7535.01.09,"Combinador, pieles",8
7535.01.10,"Cortador, pieles",8
7535.01.11,"Clasificador, cueros y pellejos",8
7535.01.12,"Clasificador, pieles en proceso y terminado",8
7535.01.13,Curtidor,8
7535.01.14,"Curtidor, pieles",8
7535.01.15,"Depilador, pieles",8
7535.01.16,"Descarnador, cueros",8
7535.01.17,"Descarnador, pieles",8
7535.01.18,"Escogedor, pieles",8
7535.01.19,"Estirador, cueros",8
7535.01.20,"Estirador, pieles",8
7535.01.21,"Hendedor, cueros",8
7535.01.22,"Igualador, pelo y pieles",8
7535.01.23,"Lavador, cueros",8
7535.01.24,"Pelador, cueros y pellejos",8
7535.01.25,Pelambrero,8
7535.01.26,"Pellejero, curtidor",8
7535.01.27,"Pigmentador, pieles",8
7535.01.28,"Pintor por inmersión, pieles",8
7535.01.29,"Pintor pulverizador, pieles",8
7535.01.30,"Pintor retocador, pieles",8
7535.01.31,"Planchador, cueros",8
7535.01.32,"Rasurador, pieles",8
7535.01.33,"Rebanador, cueros",8
7535.01.34,"Salador, pieles",8
7535.01.35,"Teñidor, aspersión",8
7535.01.36,"Tintorero, cuero",8
7535.01.37,"Tintorero, cuero / aspersión",8
7535.01.38,"Tintorero, pieles",8
7535.01.39,"Tintorero, pieles / aspersión",8
7536,"ZAPATEROS Y AFINES",4
7536.01,"Zapateros y afines",6
7536.01.01,"Acabador, artículos de piel",8
7536.01.02,"Acabador, calzado",8
7536.01.03,"Adornador, calzado",8
7536.01.04,"Ajustador, colocado de tacón",8
7536.01.05,Alpargatero,8
7536.01.06,"Aparador, calzado",8
7536.01.07,"Armador, punteras de calzado",8
7536.01.08,"Asentador, calzado",8
7536.01.09,"Ayudante, confección de zapatos",8
7536.01.10,"Cardador, calzado",8
7536.01.11,"Biselador, calzado",8
7536.01.12,"Clasificador, suelas",8
7536.01.13,"Colocador de plantillas a mano",8
7536.01.14,"Confeccionador, arneses de collera / caballos",8
7536.01.15,"Confeccionador, fustas",8
7536.01.16,"Confeccionador, sillas de montar y arneses",8
7536.01.17,"Confeccionador, talabartería",8
7536.01.18,"Confeccionador, zapatos / rafia",8
7536.01.19,"Confeccionador, sandalias de cuero",8
7536.01.20,"Cortador, cuero",8
7536.01.21,"Cortador, calzado",8
7536.01.22,"Cortador, empeines",8
7536.01.23,"Cortador, festones",8
7536.01.24,"Cortador, palas de calzado",8
7536.01.25,"Cortador, suelas",8
7536.01.26,"Desgrapador, calzado",8
7536.01.27,"Deshebrador, calzado",8
7536.01.28,"Despunteador, suelas",8
7536.01.29,"Doblador, empeine",8
7536.01.30,"Doblador, suela",8
7536.01.31,"Empalmador, calzado",8
7536.01.32,"Encasillador, calzado",8
7536.01.33,"Engomador, calzado",8
7536.01.34,"Ensamblador, calzado de caucho",8
7536.01.35,"Ensamblador, decorador de calzado",8
7536.01.36,"Fabricante, calzado de caucho",8
7536.01.37,"Fabricante, calzado para fútbol",8
7536.01.38,"Fabricante, calzado rústico",8
7536.01.39,"Fijador, presillas",8
7536.01.40,"Fijador, revestimiento",8
7536.01.41,"Formador, tacón",8
7536.01.42,"Forrador, calzado",8
7536.01.43,"Forrador, cinturones",8
7536.01.44,"Forrador, maletas",8
7536.01.45,"Hormero, armador de calzado",8
7536.01.46,"Lijador, cantos de calzado",8
7536.01.47,"Maquilador, calzado",8
7536.01.48,"Montador, calzado",8
7536.01.49,"Montador, calzado de caucho",8
7536.01.50,"Montador, suelas",8
7536.01.51,Pantuflero,8
7536.01.52,"Patronista, calzado",8
7536.01.53,"Pegador de tacones a mano",8
7536.01.54,"Pegador, palas de calzado",8
7536.01.55,"Pespunteador, suelas",8
7536.01.56,"Pintor y abrillantador de calzado",8
7536.01.57,"Planchador de zapatos en horma",8
7536.01.58,"Preparador, suelas y plantillas de calzado",8
7536.01.59,"Preparador-montador, palas de calzado",8
7536.01.60,"Raspador, palas de zapato",8
7536.01.61,"Rebajador, acabado del calzado",8
7536.01.62,"Rematador, calzado",8
7536.01.63,Remendón,8
7536.01.64,"Reparador, calzado",8
7536.01.65,"Repujador, calzado",8
7536.01.66,"Repujador, cueros",8
7536.01.67,"Revisor de calzado",8
7536.01.68,"Separador, suelas de zapato",8
7536.01.69,Talabartero,8
7536.01.70,"Talabartero (maletas)",8
7536.01.71,"Técnico en calzado ortopédico",8
7536.01.72,"Teñidor, calzado",8
7536.01.73,"Troquelador, cueros",8
7536.01.74,Zapatero,8
7536.01.75,"Zapatero remendón",8
7536.01.76,"Zapatero remendón, ambulante",8
7536.01.77,"Zapatero y afines, dueño (hasta 4 empleados)",8
7536.01.78,"Zapatero, calzado a medida",8
7536.01.79,"Zapatero, calzado de deporte",8
7536.01.80,"Zapatero, calzado ortopédico",8
754,"OTROS OFICIALES, OPERARIOS ARTESANOS DE ARTES MECÁNICAS Y DE OTROS OFICIOS",3
7541,BUZOS,4
7541.01,Buzos,6
7541.01.01,Buzo,8
7541.01.02,"Buzo de construcción",8
7541.01.03,"Buzo en obra",8
7541.01.04,"Buzo de rescate",8
7541.01.05,"Hombre rana, salvamento",8
7541.01.06,"Operario, trabajos subacuáticos",8
7541.01.07,"Reparador, pozos",8
7541.01.08,"Trabajador, subacuático",8
7542,"DINAMITEROS Y PEGADORES",4
7542.01,"Dinamiteros y pegadores",6
7542.01.01,"Ayudante de dinamitero, industria extractiva",8
7542.01.02,"Artillero (minas)",8
7542.01.03,"Artillero, canteras",8
7542.01.04,Barrenero,8
7542.01.05,Dinamitero,8
7542.01.06,"Dinamitero, construcción",8
7542.01.07,"Dinamitero, minas",8
7542.01.08,Pegador,8
7542.01.09,"Pegador, minas",8
7542.01.10,"Pegador, canteras",8
7542.01.11,"Pegadores, patrón (hasta 4 empleados)",8
7543,"CLASIFICADORES Y PROBADORES DE PRODUCTOS (EXCLUYENDO ALIMENTOS Y BEBIDAS)",4
7543.01,"Clasificadores y probadores de productos (excluyendo alimentos y bebidas)",6
7543.01.01,"Probador de productos",8
7544,"FUMIGADORES Y OTROS CONTROLADORES DE PLAGAS Y MALAS HIERBAS",4
7544.01,"Fumigadores y otros controladores de plagas y malas hierbas",6
7544.01.01,Fumigador,8
7544.01.02,"Controlador, plagas",8
7544.01.03,"Controlador, malezas",8
7549,"OFICIALES, OPERARIOS Y ARTESANOS DE ARTES MECÁNICAS Y DE OTROS OFICIOS NO CLASIFICADOS BAJO OTROS EPÍGRAFES",4
7549.01,"Oficiales, operarios y artesanos de artes mecánicas y de otros oficios no clasificados bajo otros epígrafes",6
7549.01.01,"Clasificador, lente óptico",8
7549.01.02,"Formadora, lente óptico",8
8,"OPERADORES DE INSTALACIONES Y MÁQUINAS Y ENSAMBLADORES",1
81,"OPERADORES DE INSTALACIONES FIJAS Y MÁQUINAS",2
811,"OPERADORES DE INSTALACIONES MINERAS Y DE EXTRACCIÓN Y PROCESAMIENTO DE MINERALES",3
8111,"MINEROS Y OPERADORES DE INSTALACIONES MINERAS",4
8111.01,"Mineros y operadores de instalaciones mineras",6
8111.01.01,"Ademador, minas",8
8111.01.02,"Ademador, minas de carbón",8
8111.01.03,Aladrero,8
8111.01.04,"Arrancaestemples, canteras",8
8111.01.05,"Arrancaestemples, minas",8
8111.01.06,"Ayudante, extracción agua",8
8111.01.07,"Ayudante, minero",8
8111.01.08,"Ayudante de operador, máquina de perforación",8
8111.01.09,"Ayudante de perforador, pozos de agua",8
8111.01.10,Barretero,8
8111.01.11,Cantero,8
8111.01.12,"Cantero, extracción de arcilla",8
8111.01.13,"Cantero, extracción de arena",8
8111.01.14,"Cantero, extracción de grava",8
8111.01.15,"Cantero, extracción de piedra",8
8111.01.16,"Cantero, extracción de pizarra",8
8111.01.17,"Contramaestre y capataz mayor (minas, canteras y sondeos)",8
8111.01.18,"Desentibador, canteras",8
8111.01.19,"Desentibador, minas",8
8111.01.20,"Desmuestrador, canteras",8
8111.01.21,"Desmuestrador, minas",8
8111.01.22,"Desmuestrador, sondeo",8
8111.01.23,"Enganchador de vagonetas, minas",8
8111.01.24,"Entibador, minas / galerías o canteras",8
8111.01.25,"Explorador, minerales",8
8111.01.26,"Maniobrista, mina",8
8111.01.27,Minero,8
8111.01.28,"Minero, hidráulica / laboreo de placeres",8
8111.01.29,"Minero, subsuelo",8
8111.01.30,"Minero, superficie",8
8111.01.31,"Mineros y canteros, patrón (hasta 4 empleados)",8
8111.01.32,"Operador, draga (minería)",8
8111.01.33,"Operador, ferroducto",8
8111.01.34,"Operador, filtros de aceite en mina",8
8111.01.35,"Operador, filtro en presa de agua de arcilla",8
8111.01.36,"Operador, grúa eléctrica en mina",8
8111.01.37,"Operador de máquina, arranque continuo / minas",8
8111.01.38,"Operador, máquina en cantera",8
8111.01.39,"Operador, máquina de carga",8
8111.01.40,"Operador, máquina de combustión interna",8
8111.01.41,"Operador de máquina, cortadora / minas",8
8111.01.42,"Operador de máquina, explotadora",8
8111.01.43,"Operador de máquina, de extracción",8
8111.01.44,"Operador de máquina, perforadora / canteras",8
8111.01.45,"Operador de máquina, perforadora elevada",8
8111.01.46,"Operador de máquina, perforadora / minas",8
8111.01.47,"Operador de máquina, recogedora",8
8111.01.48,"Operador de máquina, repartidora",8
8111.01.49,"Operador de máquina, tapadora",8
8111.01.50,"Operador de máquina, turbera",8
8111.01.51,"Operador de máquina, rozadora / minas",8
8111.01.53,"Operador de pala, mecánica",8
8111.01.54,"Operador de perforadora, rotatoria",8
8111.01.55,"Operador de perforadora, rápida de matrices",8
8111.01.56,"Operador de planta, minería",8
8111.01.57,"Operador de prensa, industria extractiva",8
8111.01.58,"Operador de rastrillo",8
8111.01.59,"Operador de taladro, mina",8
8111.01.60,"Operador de taladro tubular, mina",8
8111.01.61,"Operador de triciclo",8
8111.01.62,"Picador, minas",8
8111.01.63,Sacamuestras,8
8111.01.64,"Separador, carbón",8
8111.01.65,"Taladrador (minería)",8
8111.01.66,"Tolvero, industria extractiva",8
8112,"OPERADORES DE INSTALACIONES DE PROCESAMIENTO DE MINERALES Y ROCA",4
8112.01,"Operadores de instalaciones de procesamiento de minerales y roca",6
8112.01.01,"Apurador, lavador mineral",8
8112.01.02,"Ayudante de mezclador, industria extractiva",8
8112.01.03,"Ayudante operador, molino minero",8
8112.01.04,"Cribador, carbón",8
8112.01.05,"Cribador, minerales",8
8112.01.06,"Escogedor, minerales",8
8112.01.07,"Estriador, minerales",8
8112.01.08,"Lavador, minerales",8
8112.01.09,"Machacador, minerales",8
8112.01.10,"Molinero calentador, calandrias",8
8112.01.11,"Molinero, mineral",8
8112.01.12,"Operario, flotación / cobre",8
8112.01.13,"Operario, flotación / minerales",8
8112.01.14,"Operario, flotación / molibdeno",8
8112.01.15,"Operador de destrozadora Caliza",8
8112.01.16,"Operador de aparatos, precipitación",8
8112.01.17,"Operador de instalaciones, precipitación / minas",8
8112.01.18,"Operador de instalaciones, precipitación / oro",8
8112.01.19,"Operador de instalaciones, precipitación / plata",8
8112.01.20,"Operador de máquina, aserradora / piedra",8
8112.01.21,"Operador de máquina, cianurización / metales",8
8112.01.22,"Operador de máquina, cono de separación / minas",8
8112.01.23,"Operador de máquina, cribas hidráulicas",8
8112.01.24,"Operador de máquina, fresado (minerales)",8
8112.01.25,"Operador de máquina, granuladora / mineral de hierro",8
8112.01.26,"Operador de máquina, labra / piedra",8
8112.01.27,"Operador de máquina, labra / pizarra",8
8112.01.28,"Operador de máquina, molino de bolas / mineral",8
8112.01.29,"Operador de máquina, prensa de pellets / mineral",8
8112.01.30,"Operador de máquina, pulverizadora",8
8112.01.31,"Operador de máquina, quebrantadora / carbón",8
8112.01.32,"Operador de máquina, quebrantadora / giratoria",8
8112.01.33,"Operador de máquina, quebrantadora / mineral",8
8112.01.34,"Operador de máquina, quebrantadora / piedra",8
8112.01.35,"Operador de máquina, quebrantadora / roca",8
8112.01.36,"Operador de máquina, tamizadora / minerales",8
8112.01.37,"Operador de máquina, tratamiento de minerales / magnetismo",8
8112.01.38,"Operador de máquina (corte de piedra o de transformación)",8
8112.01.39,"Operador de máquina, revolvedora",8
8112.01.40,"Operador de molino, industria extractiva",8
8112.01.41,"Operador de molino, cal",8
8112.01.42,"Operador de quebrantadora, secundaria",8
8112.01.43,"Operador de trituradora (minerales o transformación de piedra)",8
8112.01.44,"Prensador, briquetas de carbón",8
8112.01.45,"Trabajador, flotación (Procesamiento de minerales)",8
8112.01.46,"Triturador, minerales",8
8113,"PERFORADORES Y SONDISTAS DE POZOS Y AFINES",4
8113.01,"Perforadores y sondistas de pozos y afines",6
8113.01.01,"Ayudante Perforador, pozos de petróleo y gas",8
8113.01.02,"Cementador, pozos de petróleo",8
8113.01.03,"Empujador, herramienta",8
8113.01.04,"Obrero, torre de perforación",8
8113.01.05,"Operador, acoplamiento de platinas",8
8113.01.06,"Operador, energía de pinza",8
8113.01.07,"Operador, equipo de perforación",8
8113.01.08,"Operador de instalaciones, deshidratación / petróleo crudo (campos de extracción)",8
8113.01.09,"Operador, instalación de flotación",8
8113.01.10,"Operador de instalaciones, tratamiento de petróleo crudo",8
8113.01.11,"Operador, filtro / tambor giratorio",8
8113.01.12,"Operador, tratamiento del petróleo crudo / campos de extracción",8
8113.01.13,"Operador de máquina, extracción / pozos de petróleo y gas",8
8113.01.14,"Operador, perforadora / percusión (pozos de petróleo y gas)",8
8113.01.15,"Operador, tren de sondeo / pozos de petróleo y gas",8
8113.01.16,"Operador, tren de sondeo / rotación (pozos de petróleo y gas)",8
8113.01.17,"Operador, torre de perforación",8
8113.01.18,"Perforador, direccional",8
8113.01.19,"Sondista, pozos",8
8113.01.20,"Sondista, pozos de explotación",8
8113.01.21,"Sondista, pozos de petróleo y gas",8
8113.01.22,"Sondista-perforador, pozos",8
8113.01.23,"Taladrador (petróleo o de gas)",8
8114,"OPERADORES DE MÁQUINAS PARA FABRICAR CEMENTO Y OTROS PRODUCTOS MINERALES",4
8114.01,"Operadores de máquinas para fabricar cemento y otros productos minerales",6
8114.01.01,"Ayudante operador, horno de cal",8
8114.01.02,"Ayudante operador, horno de cemento",8
8114.01.03,"Enfoscador, hormigón",8
8114.01.04,"Grabador a máquina / inscripciones en piedra",8
8114.01.05,"Operador, horno de cal",8
8114.01.06,"Operador, horno de cemento",8
8114.01.07,"Operador de instalaciones, producción de cemento",8
8114.01.08,"Operador de instalaciones, mezcladora de hormigón",8
8114.01.09,"Operador de máquina, acabado de hormigón",8
8114.01.10,"Operador de máquina / corte mosaicos",8
8114.01.11,"Operador de máquina / corte productos de piedra",8
8114.01.12,"Operador de máquina cortadora de láminas (asbesto-cemento)",8
8114.01.13,"Operador de máquina fraguadora (asbesto-cemento)",8
8114.01.14,"Operador de máquina, enfoscadora",8
8114.01.15,"Operador de máquina, escultura mecánica / piedra",8
8114.01.16,"Operador de máquina, fabricación / aglomerados de piedra artificial",8
8114.01.17,"Operador de máquina, fabricación / papel y tela de esmeril",8
8114.01.18,"Operador de máquina, fabricación / piedra artificial",8
8114.01.19,"Operador de máquina, grabado / productos de piedra",8
8114.01.20,"Operador de máquina, productos de amianto-cemento",8
8114.01.21,"Operador de máquina, productos minerales",8
8114.01.22,"Operador de máquina, productos prefabricados de hormigón",8
8114.01.23,"Operador de máquina, pulidora / diamantes industriales",8
8114.01.24,"Operador de máquina, pulidora / piedra",8
8114.01.25,"Operador de máquina, producción de hormigón",8
8114.01.26,"Operador de máquina, reparto de productos de hormigón",8
8114.01.27,"Operador de máquina, reparto de productos de piedra",8
8114.01.28,"Operador, pulidora de diamantes industriales",8
8114.01.29,"Tornero, productos de piedra",8
812,"OPERADORES DE INSTALACIONES DE PROCESAMIENTO Y RECUBRIDORAS DE METALES",3
8121,"OPERADORES DE INSTALACIONES DE PROCESAMIENTO DE METALES",4
8121.01,"Operadores de instalaciones de procesamiento de metales",6
8121.01.01,"Ayudante fundidor-moldeador de metales",8
8121.01.02,"Ayudante Operador, de laminadora, acero en caliente",8
8121.01.03,"Cargador, alto horno",8
8121.01.04,"Normalizador, metales",8
8121.01.05,"Operador, convertidor / acero",8
8121.01.06,"Operador, convertidor / acero (procedimiento a oxígeno LD)",8
8121.01.07,"Operador, convertidor / acero (procedimiento Bessemer)",8
8121.01.08,"Operador, convertidor / metales no ferrosos",8
8121.01.09,"Operador, convertidor thomas / acero",8
8121.01.10,"Operador, cuchara de colada",8
8121.01.11,"Operador, horno de afino / acero",8
8121.01.12,"Operador, horno de afino / horno eléctrico de arco (acero)",8
8121.01.13,"Operador, horno de afino / horno Martín Siemens (acero)",8
8121.01.14,"Operador, horno de afino / metales no ferrosos",8
8121.01.15,"Operador, horno de pudelar",8
8121.01.16,"Operador, equipo de carbonatación / metales",8
8121.01.17,"Operador de horno, carbocementación / metales",8
8121.01.18,"Operador de horno, cementación / metales",8
8121.01.19,"Operador, horno de primera fusión / metales (alto horno)",8
8121.01.20,"Operador de horno, recocido / metales",8
8121.01.21,"Operador, horno de segunda fusión / crisol (metales) (plomo)",8
8121.01.22,"Operador, horno de segunda fusión / cubilote (metales)",8
8121.01.23,"Operador, horno de segunda fusión / horno a arco eléctrico (metales)",8
8121.01.24,"Operador, horno de segunda fusión / horno Martín Siemens (metales)",8
8121.01.25,"Operador, horno de segunda fusión / metales",8
8121.01.26,"Operador, horno de segunda fusión / recalentamiento (metales)",8
8121.01.27,"Operador, horno de segunda fusión / reverbero (metales)",8
8121.01.28,"Operador de horno, templado / metales",8
8121.01.29,"Operador de horno, tratamiento térmico / metales",8
8121.01.30,"Operador de instalaciones, tratamiento térmico / metales",8
8121.01.31,"Operador, de laminadora, acero / tren continuo",8
8121.01.32,"Operador, de laminadora, acero en caliente",8
8121.01.33,"Operador, de laminadora, acero en frío",8
8121.01.34,"Operador, de laminadora, metales",8
8121.01.35,"Operador, de laminadora, metales no ferrosos",8
8121.01.36,"Operador, de laminadora, tubos sin soldadura",8
8121.01.37,"Operador, máquina centrifugadora de colada / productos cilíndricos de metal",8
8121.01.38,"Operador, máquina de colada continua / tubos y varillas (metales no ferrosos)",8
8121.01.39,"Operador, máquina de colar a presión / metales ferrosos",8
8121.01.40,"Operador de máquina, mezcladora en caliente / metales",8
8121.01.41,"Operador, de máquina, moldeadora / metales",8
8121.01.42,"Operador de máquina, estiradora / caños sin soldadura",8
8121.01.43,"Operador de máquina, estiradora / metales",8
8121.01.44,"Operador de máquina, estiradora / tubos con soldadura",8
8121.01.45,"Operador de máquina, estiradora / tubos sin soldadura",8
8121.01.46,"Operador de máquina, extrusora / metales",8
8121.01.47,"Operador de máquina, trefiladora / alambre",8
8121.01.48,"Operador, para reciclaje de desechos metálicos",8
8121.01.49,"Operador de planta, extrusión de metales",8
8121.01.50,"Operador de prensa, extrusora / metales",8
8121.01.51,"Operador, tratamiento térmico de metales",8
8121.01.52,"Operador, tren de laminación",8
8121.01.53,"Operador, rodillos de acero",8
8121.01.54,"Templador, revenido de metales",8
8122,"OPERADORES DE MÁQUINAS PULIDORAS, GALVANIZADORAS Y RECUBRIDORAS DE METALES",4
8122.01,"Operadores de máquinas pulidoras, galvanizadoras y recubridoras de metales",6
8122.01.01,"Afilador, muela de afilar / herramientas",8
8122.01.02,Anodizador,8
8122.01.03,"Ayudante de galvanizador",8
8122.01.04,"Ayudante de prensa de metales",8
8122.01.05,Cromador,8
8122.01.06,"Desbastador, piezas de moldeo",8
8122.01.07,"Desengrasador, metales",8
8122.01.08,"Elaborador de vasos acumuladores para la fabricación de baterías para carro",8
8122.01.09,Galvanizador,8
8122.01.10,"Galvanizador, oxidación anódica",8
8122.01.11,"Grabador, metal / aguafuerte",8
8122.01.12,"Limpiador, metales / chorro de arena",8
8122.01.13,"Limpiador, metales / chorro de granalla",8
8122.01.14,"Metalizador, a pistola",8
8122.01.15,"Metalizador, baño caliente",8
8122.01.16,Niquelador,8
8122.01.17,"Operador, cepilladora / metales",8
8122.01.18,"Operador, cizalla mecánica",8
8122.01.19,"Operador, escopleadora",8
8122.01.20,"Operador, esmeriladora / metales",8
8122.01.21,"Operador placa de metal",8
8122.01.22,"Operador de máquinas, acabado de metales",8
8122.01.23,"Operador de máquina, acuñación / moneda",8
8122.01.24,"Operador de máquina, bruñidora / metalurgia",8
8122.01.25,"Operador de máquina, curvado / metales",8
8122.01.26,"Operador de máquina, elaboradora de estropajos (esponjas metálicas)",8
8122.01.27,"Operador de máquina, estampado / metales",8
8122.01.28,"Operador de máquina, embutido / metales",8
8122.01.29,"Operador de máquina, enchapado / metales",8
8122.01.30,"Operador de máquina, fabricación / agujas",8
8122.01.31,"Operador de máquina, fabricación / cables",8
8122.01.32,"Operador de máquina, fabricación / conmutadores",8
8122.01.33,"Operador de máquina, fabricación / equipo para deporte (metal)",8
8122.01.34,"Operador de máquina, fabricación / joyas",8
8122.01.35,"Operador de máquina, fabricación / juguetes (metal)",8
8122.01.36,"Operador de máquina, fabricación / machos (fundición)",8
8122.01.37,"Operador de máquina, fabricación / machos (soplado)",8
8122.01.38,"Operador de máquina, fabricación / mandrines (tubos)",8
8122.01.39,"Operador de máquina, fabricación / relojes",8
8122.01.40,"Operador de máquina, fabricación / remaches",8
8122.01.41,"Operador de máquina, fabricación / tornillos",8
8122.01.42,"Operador de máquina, fabricación / tubos",8
8122.01.43,"Operador de máquina, fabricación / tuercas",8
8122.01.44,"Operador de máquina, forja / metales",8
8122.01.45,"Operador de máquina, fresadora metales",8
8122.01.46,"Operador de máquina, galvanizadora / baño caliente",8
8122.01.47,"Operador de máquina, galvanizadora / metales",8
8122.01.48,"Operador de máquina, galvanoplastia",8
8122.01.49,"Operador de máquina, grabado / metales",8
8122.01.50,"Operador, máquinas herramientas",8
8122.01.51,"Operador de máquina, laminado metálico",8
8122.01.52,"Operador de máquina, lapidadora / metales",8
8122.01.53,"Operador de máquina, limpiadora / metales",8
8122.01.54,"Operador de máquina, mandriladora / metal",8
8122.01.55,"Operador de máquina, montaje de calderas",8
8122.01.56,"Operador de máquina, oxicortadora de metal",8
8122.01.57,"Operador de máquina, pintura / metales",8
8122.01.58,"Operador de máquina, pulidora / metalurgia",8
8122.01.59,"Operador de máquina, pulidora / metales",8
8122.01.60,"Operador de máquina, pulidora / piezas de metal colado",8
8122.01.61,"Operador de máquina, ranuradora",8
8122.01.62,"Operador de máquina, rectificadora / máquinas herramientas",8
8122.01.63,"Operador de máquina, rectificadora / metales",8
8122.01.64,"Operador de máquina, recubridora / alambre",8
8122.01.65,"Operador de máquina, recubridora / metales",8
8122.01.66,"Operador de máquina, remachadora",8
8122.01.67,"Operador de máquina, remachadora / metales",8
8122.01.68,"Operador de máquina, tallar engranajes",8
8122.01.69,"Operador de máquina, taladradora / metales",8
8122.01.70,"Operador de máquina, transferencia automática / fabricación de componentes",8
8122.01.71,"Operador de máquina, revestimiento de metales",8
8122.01.72,"Operador de mezcladora-empastadora de rejillas de acumuladores",8
8122.01.73,"Operador, prensa mecánica",8
8122.01.74,"Operador, prensa mecánica, metales",8
8122.01.75,"Operador, sierra mecánica / metales",8
8122.01.76,"Pavonador, metales",8
8122.01.77,"Pulverizador, metal / pistola",8
8122.01.78,Rebarbador,8
8122.01.79,"Rectificador de precisión",8
8122.01.80,"Revestidor, baño caliente",8
8122.01.81,"Revestidor, machetes (plomo)",8
8122.01.82,"Soplador de arena, limpieza de metales",8
8122.01.83,"Tornero, metalurgia",8
8122.01.84,"Tornero, torno de cabezal revólver / metalurgia",8
8122.01.85,"Tornero, torno de embutir / metalurgia",8
8122.01.86,"Tornero, torno de torre / metalurgia",8
8122.01.87,"Trazador, mecánico",8
8122.01.88,Zincador,8
813,"OPERADORES DE INSTALACIONES Y MÁQUINAS DE PRODUCTOS QUÍMICOS Y FOTOGRÁFICOS",3
8131,"OPERADORES DE PLANTAS Y MÁQUINAS DE PRODUCTOS QUÍMICOS",4
8131.01,"Operadores de plantas y máquinas de productos químicos",6
8131.01.01,"Destilador, productos químicos / excepto petróleo",8
8131.01.02,"Operador de alambique, perfumería",8
8131.01.03,"Operador de alambique, procesos químicos (excepto petróleo y gas natural)",8
8131.01.04,"Operador de alambique, trementina",8
8131.01.05,"Operador de aparato, reacción conversión / procesos químicos (excepto petróleo y gas natural)",8
8131.01.06,"Operador de autoclave, procesos químicos (excepto petróleo y gas natural)",8
8131.01.07,"Operador de calcinadora, tratamientos químicos y similares",8
8131.01.08,"Operador, filtro-prensa / substancias químicas y materias similares",8
8131.01.09,"Operador, aparatos de filtración / tratamientos químicos y similares",8
8131.01.10,"Operador de caldera, calcinación / tratamientos químicos y similares",8
8131.01.11,"Operador de caldera, tratamientos químicos y similares",8
8131.01.12,"Operador, evaporador en el vacío / productos químicos (excepto petróleo y gas natural)",8
8131.01.13,"Operador de horno, autoclave / tratamientos químicos y similares",8
8131.01.14,"Operador de horno, calcinación / tratamientos químicos y similares",8
8131.01.15,"Operador de horno, cocimiento / tratamientos químicos y similares",8
8131.01.16,"Operador de horno, retorta / tratamientos químicos y similares",8
8131.01.17,"Operador de horno, tratamientos químicos y similares",8
8131.01.18,"Operador de instalaciones, destilación / perfumes",8
8131.01.19,"Operador de instalaciones, fabricación de granulados / productos farmacéuticos y cosméticos",8
8131.01.20,"Operador de instalaciones, moldeo y compactación / productos farmacéuticos y cosméticos",8
8131.01.21,"Operador de instalaciones, tratamiento térmico / procesos químicos y similares",8
8131.01.22,"Operador de licuadora / refinación de petróleo y gas natural",8
8131.01.23,"Operador de máquina, batidora de hélice / tratamientos químicos y similares",8
8131.01.24,"Operador de máquina, composición / tratamientos químicos y similares",8
8131.01.25,"Operador de máquina, evaporadora / procesos químicos Excepto petróleo y gas natural)",8
8131.01.26,"Operador de máquina, extractora de piretro (insecticida)",8
8131.01.27,"Operador de máquina, fabricación / cosméticos",8
8131.01.28,"Operador de máquina, elaboración de explosivos",8
8131.01.29,"Operador de máquina, fabricación / detergentes",8
8131.01.30,"Operador de máquina, fabricación / productos farmacéuticos",8
8131.01.31,"Operador de máquina, fabricación / lápices (mina de plomo)",8
8131.01.32,"Operador de máquina, fabricación / linóleo",8
8131.01.33,"Operador de máquina, fabricación / bujías",8
8131.01.34,"Operador de máquina, lavado / materias químicas y similares",8
8131.01.35,"Operador de máquina, moledora-trituradora / tratamientos químicos y similares",8
8131.01.36,"Operador de máquina, mezcladora sustancias químicas para preparar pasta para estampado de tejidos",8
8131.01.37,"Operador de máquina, mezclador pinturas",8
8131.01.38,"Operador de máquina, mezcladora sustancias químicas para preparar grasas para textiles y curtiembres",8
8131.01.39,"Operador de máquina, mezcladora sustancias químicas para pilas",8
8131.01.40,"Operador de máquina, mezcladora sustancias químicas para preparar cola para madera",8
8131.01.41,"Operador de máquina, mezclador / tratamientos químicos y similares (elaboración de cosméticos)",8
8131.01.42,"Operador de máquina, mezclador / tratamientos químicos y similares (elaboración de jabón)",8
8131.01.43,"Operador de máquina, producción / gas de cloro",8
8131.01.44,"Operador de máquina, producción / gas halógeno",8
8131.01.45,"Operador de máquina, producción / hidrógeno gaseoso",8
8131.01.46,"Operador de máquina, producción / plomo",8
8131.01.47,"Operador de máquina, productos explosivos",8
8131.01.48,"Operador de máquina, pulverizadora / tratamientos químicos y similares",8
8131.01.49,"Operador de máquina, quebrantadora / tratamientos químicos y similares",8
8131.01.50,"Operador de máquina, refinación petróleo y de gas natural",8
8131.01.51,"Operador de máquina, secadora de jabón",8
8131.01.52,"Operador de máquina, secadora de piretro",8
8131.01.53,"Operador de máquina, separadora / tratamientos químicos y similares",8
8131.01.54,"Operador de máquina, separadora-centrifugadora / tratamientos químicos y similares",8
8131.01.55,"Operador de marmita, tratamientos químicos y similares",8
8131.01.56,"Operador de molino para pintura",8
8131.01.57,"Operador, producción de vela",8
8131.01.58,"Operador de reactor, procesos químicos / excepto petróleo y gas natural",8
8131.01.59,"Operador de secadora, tratamientos químicos y similares",8
8131.01.60,"Pulverizador-deshidratador / tratamientos químicos y similares",8
8131.01.61,"Secador, tratamientos químicos y similares",8
8131.01.62,"Tostador, tratamientos químicos y similares",8
8132,"OPERADORES DE MÁQUINAS PARA FABRICAR PRODUCTOS FOTOGRÁFICOS",4
8132.01,"Operadores de máquinas para fabricar productos fotográficos",6
8132.01.01,"Ampliador, fotografía",8
8132.01.02,"Desarrollador, cine / color",8
8132.01.03,"Impresor, fotografía",8
8132.01.04,"Impresor, foto - resistencia",8
8132.01.05,"Impresor, películas fotográficas",8
8132.01.06,"Lavador de secador de fotografías y negativos",8
8132.01.07,"Operario, laboratorio fotográfico / ampliaciones (fotografías)",8
8132.01.08,"Operario, laboratorio fotográfico / revelado de películas (blanco y negro)",8
8132.01.09,"Operario, laboratorio fotográfico / revelado de películas (color)",8
8132.01.10,"Operarios de la fotografía y afines, patrón (hasta 4 empleados)",8
8132.01.11,"Operador de máquina, ampliación / fotografías",8
8132.01.12,"Operador de máquina, archivo de la película fotográfica",8
8132.01.13,"Operador de máquina, desarrollo de fotografía",8
8132.01.14,"Operador de máquina, fabricación / papel fotográfico",8
8132.01.15,"Operador de máquina, fabricación / película de cine",8
8132.01.16,"Operador de máquina, fabricación / películas fotográficas",8
8132.01.17,"Operador de máquina, fabricación / placas fotográficas",8
8132.01.18,"Operador de máquina, impresión / fotografía",8
8132.01.19,"Operador de máquina, película fotográfica",8
8132.01.20,"Operador de máquina, productos para fotografía",8
8132.01.21,"Operador de máquina, revelado / películas de cine",8
8132.01.22,"Operador de máquina, revelado / películas fotográficas",8
8132.01.23,"Operador de máquina, revelador / fotografías",8
8132.01.24,"Operador de máquina, revelador / películas cinematográficas",8
8132.01.25,"Operador de máquina, tiraje / fotografías (blanco y negro)",8
8132.01.26,"Operador de máquina, tiraje / fotografías (color)",8
8132.01.27,"Procesador fotográfico",8
8132.01.28,"Reductor de fotografías",8
8132.01.29,"Retocador de fotos y /o negativos",8
8132.01.30,"Revelador, película fotográfica / blanco y negro y color",8
8132.01.31,"Revelador, película radiográfica",8
8132.01.32,"Revelador, placas fotográficas",8
8132.01.33,"Sacador, copias de fotografía",8
8132.01.34,"Técnico, cuarto oscuro",8
814,"OPERADORES DE MÁQUINAS PARA FABRICAR PRODUCTOS DE CAUCHO, DE PAPEL Y DE MATERIAL PLÁSTICO",3
8141,"OPERADORES DE MÁQUINAS PARA FABRICAR PRODUCTOS DE CAUCHO",4
8141.01,"Operadores de máquinas para fabricar productos de caucho",6
8141.01.01,"Fabricante neumáticos",6
8141.01.02,"Operador de calandra, caucho",8
8141.01.03,"Operador de máquina, artículos de caucho",8
8141.01.04,"Operador de máquina, amasadora-mezcladora / caucho",8
8141.01.05,"Operador de máquina, extrusora / caucho",8
8141.01.06,"Operador de máquina, fabricación / neumáticos",8
8141.01.07,"Operador de máquina, fabricación / objetos de caucho",8
8141.01.08,"Operador de máquina, fabricación / sellos de caucho",8
8141.01.09,"Operador de máquina, formadora de goma",8
8141.01.10,"Operador de máquina, lustradora / caucho",8
8141.01.11,"Operador de máquina, mezcladora / caucho",8
8141.01.12,"Operador de máquina, moldeadora / caucho",8
8141.01.13,"Operador de máquina, moldeadora / neumáticos",8
8141.01.14,"Operador de máquina, molienda de caucho",8
8141.01.15,"Operador de máquina, productos de caucho",8
8141.01.16,"Operador de máquina, recauchadora / neumáticos",8
8141.01.17,"Operador de máquina, tratamiento del caucho",8
8141.01.18,"Operador de máquina, vulcanización / artículos del caucho",8
8141.01.19,"Operador de máquina, vulcanización / neumáticos",8
8141.01.20,"Operador de prensa, estampadora / caucho",8
8141.01.21,"Reparador, neumáticos",8
8141.01.22,"Trabajador de los látex",8
8141.01.23,"Vulcanizador, neumáticos",8
8142,"OPERADORES DE MÁQUINAS PARA FABRICAR PRODUCTOS DE MATERIAL PLÁSTICO",4
8142.01,"Operadores de máquinas para fabricar productos de material plástico",6
8142.01.01,"Ayudante de moldeador de plásticos por inyección",8
8142.01.02,"Ayudante de moldeador de plásticos por compresión",8
8142.01.03,"Ayudante de operador de máquina extrusora de plástico",8
8142.01.04,"Constructor, barcos de plásticos",8
8142.01.05,"Ensamblador de productos plásticos",8
8142.01.06,"Jefe sección plásticos",8
8142.01.07,"Operador, engomadora (plásticos)",8
8142.01.08,"Operador, formadora de plástico",8
8142.01.09,"Operador de elaboradora de cinta adhesiva",8
8142.01.10,"Operador de máquina formadora de fundas",8
8142.01.11,"Operador de máquina, acabadora / material plástico",8
8142.01.12,"Operador de máquina, amoladora / material plástico",8
8142.01.13,"Operador de máquina, cortadora / productos de material plástico",8
8142.01.14,"Operador de máquina, elaboración cable plástico",8
8142.01.15,"Operador de máquina, estiradora / material plástico",8
8142.01.16,"Operador de máquina, extrusora / material plástico",8
8142.01.17,"Operador de máquina, fabricación / bolsas (politeno)",8
8142.01.18,"Operador de máquina, fabricación / material plástico",8
8142.01.19,"Operador de máquina, fabricación / productos de material plástico",8
8142.01.20,"Operador de máquina, grabado al ácido / material plástico",8
8142.01.21,"Operador de máquina, laminado / material plástico",8
8142.01.22,"Operador de máquina, moldeadora / material plástico (inyección)",8
8142.01.23,"Operador de máquina, moldeadora / objetos de material plástico",8
8142.01.24,"Operador de máquina, productos de plástico",8
8142.01.25,"Operador de máquinas, soplado de botellas de plástico",8
8142.01.26,"Operador de máquina, taladradora / objetos de material plástico",8
8142.01.27,"Operador de máquina, talla / material plástico",8
8142.01.28,"Operador, molino para plásticos",8
8142.01.29,"Operador de prensa, laminado de plásticos",8
8143,"OPERADORES DE MÁQUINAS PARA FABRICAR PRODUCTOS DE PAPEL",4
8143.01,"Operadores de máquinas para fabricar productos de papel",6
8143.01.01,"Acanalador, cartón",8
8143.01.02,"Armador, cajas de cartón",8
8143.01.03,"Bobinador, papel",8
8143.01.04,"Conductor, máquina (productos de cartón)",8
8143.01.05,"Cortador, papel cartón",8
8143.01.06,"Devanador, papel tapiz",8
8143.01.07,"Embobinador, papel",8
8143.01.08,"Impresor, papel tapiz",8
8143.01.09,"Maquinista, impresor de cajas",8
8143.01.10,"Moldeador, papel tubular",8
8143.01.11,"Moldeador, papel maché",8
8143.01.12,"Montador, a máquina /cajas de cartón",8
8143.01.13,"Operador, ahuecador de cajas de cartón",8
8143.01.14,"Operador cajista perforadora",8
8143.01.15,"Operador, máquina colocadora de cartón",8
8143.01.16,"Operador, corrugadora (papel o cartón)",8
8143.01.17,"Operador, cortadora de tubos para pilas",8
8143.01.18,"Operador, enrolladora de papel",8
8143.01.19,"Operador formadora, papel maché (machacado)",8
8143.01.20,"Operador, madriladora en la fabricación de papel",8
8143.01.21,"Operador de máquina, productos de papel",8
8143.01.22,"Operador de máquina (producción de sobres y bolsas de papel)",8
8143.01.23,"Operador de máquina, plizadora (papel)",8
8143.01.24,"Operador de máquina, cortadora de cajas / cartón",8
8143.01.25,"Operador de máquina, cortadora de papel",8
8143.01.26,"Operador de máquina, estampadora / papel",8
8143.01.27,"Operador de máquina, armadora de tapas para cajas de cartón",8
8143.01.28,"Operador de máquina, fabricación / artículos (papel acartonado)",8
8143.01.29,"Operador de máquina, fabricación / artículos de cartón",8
8143.01.30,"Operador de máquina, fabricación / artículos de papel",8
8143.01.31,"Operador de máquina, fabricación / bolsas (celofán)",8
8143.01.32,"Operador de máquina, fabricación / cajas (cartón)",8
8143.01.33,"Operador de máquina, fabricación / sobres y bolsas (papel)",8
8143.01.34,"Operador de máquina, formadora de cartón",8
8143.01.35,"Operador de máquina, forradora / cartón",8
8143.01.36,"Operador de máquina, plegadora / cajas de cartón",8
8143.01.37,"Operador de máquina, para satinar papel",8
8143.01.38,"Operador de prensa, fabricación / papel-cartón",8
8143.01.39,"Prensador, papel",8
8143.01.40,"Satinador calandrador, papel",8
815,"OPERADORES DE MÁQUINAS PARA FABRICAR PRODUCTOS TEXTILES Y ARTÍCULOS DE PIEL Y CUERO",3
8151,"OPERADORES DE MÁQUINAS DE PREPARACIÓN DE FIBRAS, HILADO Y DEVANADO",4
8151.01,"Operadores de máquinas de preparación de fibras, hilado y devanado",6
8151.01.01,"Ayudante de bobinador",8
8151.01.02,"Batidor, fibras",8
8151.01.03,"Batidor, fibras de algodón",8
8151.01.04,"Bobinador, hilados",8
8151.01.05,"Cardador, fibras",8
8151.01.06,"Cardador, lana",8
8151.01.07,"Cortador, cardas jacquard",8
8151.01.08,"Cortador, fibras textiles",8
8151.01.09,"Cortador, hebras de algodón",8
8151.01.10,"Desgomador, seda",8
8151.01.11,"Desmoldeador, cardas",8
8151.01.12,"Desmontador, algodón",8
8151.01.13,"Despellejador, algodón teñido",8
8151.01.14,"Esquilador, linos",8
8151.01.15,"Embobinador, cuerda",8
8151.01.16,"Enhebrador, hilos",8
8151.01.17,"Estirador, fibras de algodón",8
8151.01.18,"Estirador, fibras duras",8
8151.01.19,"Estirador, lana",8
8151.01.20,"Hilador, continuas",8
8151.01.21,"Hilador, fibras artificiales",8
8151.01.22,"Hilador, fibras vegetales",8
8151.01.23,"Mezclador, fibras",8
8151.01.24,"Operador, despepitadora de algodón",8
8151.01.25,"Operador, enrollador de hilo",8
8151.01.26,"Operador, equipo plegador de hilado",8
8151.01.27,"Operador, estiradora de fibras",8
8151.01.28,"Operador, horno de secado de henequén",8
8151.01.29,"Operador de máquina, desfibradora de henequén",8
8151.01.30,"Operador de máquina, acondicionadora / fibras",8
8151.01.31,"Operador de máquina, banco de estiraje / fibras textiles",8
8151.01.32,"Operador de máquina, bobinadora / hilo e hilaza",8
8151.01.33,"Operador de máquina, devanadora / troquilones (hilos e hilazas)",8
8151.01.34,"Operador de máquina, doblaje / hilo e hilaza",8
8151.01.35,"operador de máquina, fibra",8
8151.01.36,"Operador de máquina, hilar hilo y lana",8
8151.01.37,"Operador de máquina, hilado / fibras sintéticas",8
8151.01.38,"Operador de máquina, hilado / hilo e hilaza",8
8151.01.39,"Operador de máquina, lavadora / fibras textiles",8
8151.01.40,"Operador de máquina, liquidación de hilo y lana",8
8151.01.41,"Operador de máquina, mechera en fino / fibras textiles",8
8151.01.42,"Operador de máquina, mezcladora / fibras textiles",8
8151.01.43,"Operador de máquina, napadora / cinta",8
8151.01.44,"Operador de máquina, napadora / fibras textiles",8
8151.01.45,"Operador de máquina, napadora / mechas textiles",8
8151.01.46,"Operador de máquina, peinadora / fibras textiles",8
8151.01.47,"Operador de máquina, preparación / fibras textiles",8
8151.01.48,"Operador de máquina, rasuradora textil",8
8151.01.49,"Operador de máquina, recosido de tela",8
8151.01.50,"Operador de máquina, retorcedora / hilo e hilaza",8
8151.01.51,"Operador de máquina, torcer hilo y lana",8
8151.01.52,"Operador de máquina, tratar la seda",8
8151.01.53,"Operador de telares, rebobinar hilo",8
8151.01.54,"Ovillador, hilo e hilaza",8
8151.01.55,"Ovillador, madejas",8
8151.01.56,"Peinador, henequén",8
8151.01.57,"Plegador, hilos",8
8151.01.58,"Operador, preparación de fibra",8
8151.01.59,"Secador, hilados",8
8151.01.60,"Secador, textil",8
8151.01.61,Torcedor,8
8151.01.62,"Torcedor, cordeles",8
8151.01.63,"Torcedor, mechas",8
8151.01.64,"Torcedor de hilo e hilaza",8
8151.01.65,"Urdidor, brochas",8
8151.01.66,"Urdidor, hilados",8
8152,"OPERADORES DE TELARES Y OTRAS MÁQUINAS TEJEDORAS",4
8152.01,"Operadores de telares y otras máquinas tejedoras",6
8152.01.01,"Acabador de tejidos",8
8152.01.02,"Acabador de telas",8
8152.01.03,"Ajustador de dobleces",8
8152.01.04,"Ayudante de Operador de máquina, tejedora",8
8152.01.05,"Conero textil",8
8152.01.06,"Cortador de medias de nylon",8
8152.01.07,"Cortador de rollos de tela",8
8152.01.08,"Cortador de tapetes",8
8152.01.09,"Despuntador textil",8
8152.01.10,"Emparejador de calcetería",8
8152.01.11,"Emparejador de guantes",8
8152.01.12,"Enlazador de cartones jacquard",8
8152.01.13,"Enrollador de listones",8
8152.01.14,"Enrollador de textiles",8
8152.01.15,"Estampador de hilaza",8
8152.01.16,"Estampador de tejidos",8
8152.01.17,"Estampador de telas",8
8152.01.18,"Graduador de telas",8
8152.01.19,"Impresor de telas a máquina",8
8152.01.20,"Marcador de telas",8
8152.01.21,"Oficial de coneras",8
8152.01.22,"Operador de amarradora de urdidores",8
8152.01.23,"Operador de batidora textil",8
8152.01.24,"Operador de botonera",8
8152.01.25,"Operador de cortadora de etiquetas",8
8152.01.26,"Operador de cortadora de telas sintéticas",8
8152.01.27,"Operador de cubridora de tapetes",8
8152.01.28,"Operador de golpeadora de telas",8
8152.01.29,"Operador de máquina, bordadora",8
8152.01.30,"Operador de máquina cortadora en sesgo",8
8152.01.31,"Operador de máquina cortadora de puños",8
8152.01.32,"Operador de máquina de cortar y marcar tela",8
8152.01.33,"Operador de máquina grabadora de telas",8
8152.01.34,"Operador de máquina de hacer ojales",8
8152.01.35,"Operador de máquina, fabricación / alfombras",8
8152.01.36,"Operador de máquina, fabricación / mallas o redes",8
8152.01.37,"Operador de máquina, fabricación / paños",8
8152.01.38,"Operador de máquina, ganchillera",8
8152.01.39,"Operador de máquina, pasadora de hilos / urdimbre",8
8152.01.40,"Operador de máquina plegadora textil",8
8152.01.41,"Operador de máquina de producción neta",8
8152.01.42,"Operador de máquina, tejedora",8
8152.01.43,"Operador de máquina, tejedora / alfombras",8
8152.01.44,"Operador de máquina, tejedora / calcetería (medias)",8
8152.01.45,"Operador de máquina, tejedora / encajes",8
8152.01.46,"Operador de máquina, tejedora / género de punto",8
8152.01.47,"Operador de máquina, tejedora / vestimenta",8
8152.01.48,"Operador de máquina, urdido sobre plegadora / tejidos",8
8152.01.49,"Operador de tejedora de redes",8
8152.01.50,"Operador de telar",8
8152.01.51,"Operador de telar, fabricación / encajes",8
8152.01.52,"Operador de telar, jacquard",8
8152.01.53,"Operador de telar, tejido de alfombras",8
8152.01.54,"Operador de telar, tejidos",8
8152.01.55,"Operador de zurcidora",8
8152.01.56,"Picador, cartones jacquard",8
8152.01.57,"Planchador de artículos de vestir en industria",8
8152.01.58,"Planchador de textiles",8
8152.01.59,"Plegador de telas",8
8152.01.60,"Recortador de alfombras (remallador)",8
8152.01.61,"Secador de encajes",8
8152.01.62,"Supervisor de tejeduría",8
8152.01.63,"Tejedor, calcetería (medias)",8
8152.01.64,"Tejedor de cojincillos quirúrgicos",8
8152.01.65,"Tejedor de punto en máquina",8
8152.01.66,"Tejedor de ruanas a máquina",8
8152.01.67,"Terminador de cobertores",8
8153,"OPERADORES DE MÁQUINAS DE COSER",4
8153.01,"Operadores de máquinas de coser",6
8153.01.01,"Bordador, a máquina",8
8153.01.02,"Confeccionador de cortinas",8
8153.01.03,"Cosedor a máquina / pieles",8
8153.01.04,"Cosedor de pretinas",8
8153.01.05,"Operador de máquina pegadora de botones",8
8153.01.06,"Operador de ojaladora",8
8153.01.07,"Operador Pegador de cuellos en prendas de vestir",8
8153.01.08,"Operador, máquina de bordar",8
8153.01.09,"Operador, máquina de coser",8
8153.01.10,"Operador, máquina de coser / artículos textiles",8
8153.01.11,"Operador, máquina de coser / calzado",8
8153.01.12,"Operador, máquina de coser / cuero",8
8153.01.13,"Operador, máquina de coser / pieles",8
8153.01.14,"Operador, máquina de coser / prendas de vestir",8
8153.01.15,"Operador, máquina de coser / sombreros",8
8153.01.16,"Operador, máquina de coser / tapicería de muebles",8
8153.01.17,"Operador, máquina de coser overlock",8
8153.01.18,"Pegador de bolsillos",8
8154,"OPERADORES DE MÁQUINAS DE BLANQUEAMIENTO, TEÑIDO Y LIMPIEZA DE TEJIDOS",4
8154.01,"Operadores de máquinas de blanqueamiento, teñido y limpieza de tejidos",6
8154.01.01,"Batanero, productos textiles",8
8154.01.02,"Carbonizador, lana",8
8154.01.03,"Encargado, stock crudo (teñido de tela)",8
8154.01.04,"Jefe (supervisor) planta de lavandería",8
8154.01.05,"Mezclador de soluciones, tratamientos textiles",8
8154.01.06,"Operador de calandria, prendas de vestir",8
8154.01.07,"Operador de calandria, productos textiles",8
8154.01.08,"Operador de calandria, sincronizada",8
8154.01.09,"Operador de calandria, tejidos",8
8154.01.10,"Operador de máquina, blanqueadora / productos textiles",8
8154.01.11,"Operador de máquina, cargadora / seda",8
8154.01.12,"Operador de máquina, desgomadora / seda",8
8154.01.13,"Operador de máquina, engomadora de textiles",8
8154.01.14,"Operador de máquina, encogedora / productos textiles",8
8154.01.15,"Operador de máquina, ensanchadora / productos textiles",8
8154.01.16,"Operador de máquina, impermiabilizadora / paños",8
8154.01.17,"Operador de máquina, impermiabilizadora / productos textiles",8
8154.01.18,"Operador de máquina, impermiabilizadora / telas",8
8154.01.19,"Operador de máquina, lavadora / hilados",8
8154.01.20,"Operador de máquina, lavadora / telas",8
8154.01.21,"Operador de máquina, mercerizadora de textiles",8
8154.01.22,"Operador de máquina, perchadora",8
8154.01.23,"Operador de máquina, polimerizadora (fija el colorante de las telas)",8
8154.01.24,"Operador de máquina, rama termofijadora",8
8154.01.25,"Operador de máquina, sanforizar / productos textiles",8
8154.01.26,"Operador de máquina, secado / productos textiles",8
8154.01.27,"Operador de máquina, teñir textil",8
8154.01.28,"Operador de máquina, tintura / fibras textiles",8
8154.01.29,"Operador de máquina, tintura / hilados",8
8154.01.30,"Operador de máquina, tintura / prendas de vestir",8
8154.01.31,"Operador de máquina, tintura / telas",8
8154.01.32,"Operador de máquina, Tundidora",8
8154.01.33,"Operador de prensa, planchado al vapor / productos textiles",8
8154.01.34,"Operador de prensa, planchado productos textiles",8
8154.01.35,"Operador, equipo de limpieza / alfombras",8
8154.01.36,"Operador, equipo de limpieza / lavandería",8
8154.01.37,"Operador, equipo de limpieza / paños",8
8154.01.38,"Operador, equipo de limpieza / productos textiles",8
8154.01.39,"Planchador, calcetines",8
8154.01.40,"Teñidor, telas",8
8154.01.41,"Teñidor, textiles",8
8154.01.42,"Tintorero, fibras",8
8154.01.43,"Tintorero, hilados y fibras",8
8154.01.44,"Tintorero de ropa, fabricación de productos textiles",8
8154.01.45,"Tintorero, tejidos",8
8155,"OPERADORES DE MÁQUINAS DE TRATAMIENTO DE PIELES Y CUEROS",4
8155.01,"Operadores de máquinas de tratamiento de pieles y cueros",6
8155.01.01,"Encogedor, pieles",8
8155.01.02,"Operador de depilado / ocultar",8
8155.01.03,"Operador de máquina, adobadora / preparación de cueros",8
8155.01.04,"Operador de máquina, bronceado",8
8155.01.05,"Operador de máquina, cortadora / cuero",8
8155.01.06,"Operador de máquina, coloración de piel",8
8155.01.07,"Operador de máquina, curtiduría",8
8155.01.08,"Operador de máquina, depilación / cueros",8
8155.01.09,"Operador de máquina, despedazadora de cuero",8
8155.01.10,"Operador de máquina, descarne / pellejos",8
8155.01.11,"Operador de máquina, descarne/ cueros",8
8155.01.12,"Operador de máquina, dividir cueros",8
8155.01.13,"Operador de máquina, estirado / pieles",8
8155.01.14,"Operador de máquina, lavadora / cueros",8
8155.01.15,"Operador de máquina, mezcladora / fieltros",8
8155.01.16,"Operador de máquina, preparación / cueros",8
8155.01.17,"Operador de máquina, tintura / cueros",8
8155.01.18,"Operador de máquina, tratamiento / pellejos",8
8155.01.19,"Operador de máquina, zurrado e igualación / pelambres y pieles",8
8155.01.20,"Planchador, pieles en máquina",8
8155.01.21,"Secador, pieles",8
8155.01.22,"Suajador, pieles",8
8156,"OPERADORES DE MÁQUINAS PARA LA FABRICACIÓN DE CALZADO Y AFINES",4
8156.01,"Operadores de máquinas para la fabricación de calzado y afines",6
8156.01.01,"Cortador, tacón",8
8156.01.02,"Operador de máquina, adornadora de calzado",8
8156.01.03,"Operador de máquina, cortadora de suelas",8
8156.01.04,"Operador de máquina, desbastadora de cueros (calzado)",8
8156.01.05,"Operador de máquina, fabricación / calzado",8
8156.01.06,"Operador de máquina, fabricación / calzado (deportes)",8
8156.01.07,"Operador de máquina, fabricación / calzado (ortopédico)",8
8156.01.08,"Operador de máquina, fabricación / calzado (rafia)",8
8156.01.09,"Operador de máquina, lijadora de calzado",8
8156.01.10,"Operador de máquina, perforadora de ojales de calzado",8
8156.01.11,"Operador de máquina, ribeteadora de calzado",8
8156.01.12,"Planchador, suelas para calzado",8
8156.01.13,"Prensista, suelas para calzado",8
8156.01.14,"Pulidor, suelas de caucho",8
8157,"OPERADORES DE MÁQUINAS LAVARROPAS",4
8157.01,"Operadores de máquinas lavarropas",6
8157.01.01,"Operador, lavadora en hospital",8
8157.01.02,"Operador de máquina, lavandería",8
8157.01.03,"Operador de máquina, limpieza en seco",8
8157.01.04,"Operador de máquina, planchado / lavandería",8
8157.01.05,"Operador de máquina, prensado (ropa)",8
8157.01.06,"Operador de máquina, servicio de lavandería",8
8157.01.07,"Operador de máquina, secado / prendas de vestir",8
8159,"OPERADORES DE MÁQUINAS PARA FABRICAR PRODUCTOS TEXTILES Y ARTÍCULOS DE PIEL Y CUERO NO CLASIFICADOS BAJO OTROS EPÍGRAFES",4
8159.01,"Operadores de máquinas para fabricar productos textiles y artículos de piel y cuero no clasificados bajo otros epígrafes",6
8159.01.01,"Acabador y adornador, sombreros",8
8159.01.02,"Operador de máquina, pasamanería",8
8159.01.03,"Operador de máquina, corte / patrones (pieles)",8
8159.01.04,"Operador de máquina, corte / prendas de vestir",8
8159.01.05,"Operador de máquina, corte / productos textiles",8
8159.01.06,"Operador de máquina, fabricación / colchones",8
8159.01.07,"Operador de máquina, fabricación / conos de fieltro (sombreros)",8
8159.01.08,"Operador de máquina, fabricación / patrones (prendas de vestir)",8
8159.01.09,"Operador de máquina, fabricación / patrones (textiles)",8
8159.01.10,"Operador de máquina, fabricación / patrones( cuero)",8
8159.01.11,"Operador de máquina, hormadora / sombreros de fieltro",8
8159.01.12,"Operador de máquina, sombrerería",8
8159.01.13,"Operador de máquina, hace trenza",8
8159.01.14,"Operador de máquina, hace tienda de campaña",8
8159.01.15,"Operador de máquina de prensar",8
8159.01.16,"Operador de máquina, textil",8
8159.01.17,"Pespuntador, artículos de piel",8
8159.01.18,"Repujador, artículos de cuero",8
816,"OPERADORES DE MÁQUINAS PARA ELABORAR ALIMENTOS Y PRODUCTOS AFINES",3
8160,"OPERADORES DE MÁQUINAS PARA ELABORAR ALIMENTOS Y PRODUCTOS AFINES",4
8160.01,"Operadores de máquinas para elaborar carne, pescado y mariscos",6
8160.01.01,"Operador de autoclave, carne y pescado",8
8160.01.02,"Operador de máquina, congeladora / carne",8
8160.01.03,"Operador de máquina, congeladora / pescado",8
8160.01.04,"Operador de máquina, conservadora / carne",8
8160.01.05,"Operador de máquina, conservadora / pescado",8
8160.01.06,"Operador de máquina, curado / carne",8
8160.01.07,"Operador de máquina, embutidos",8
8160.01.08,"Operador de máquina, enlatadora / carne",8
8160.01.09,"Operador de máquina, enlatadora / pescado",8
8160.01.10,"Operador de máquina, enlatadora / mariscos",8
8160.01.11,"Operador de máquina, esterilizadora / carne",8
8160.01.12,"Operador de máquina, esterilizadora / pescado",8
8160.01.13,"Operador de máquina, fabricación / productos de carne",8
8160.01.14,"Operador de máquina, fabricación / productos de pescado",8
8160.01.15,"Operador de máquina, lavadora / carcasas",8
8160.01.16,"Operador de máquina, mezcladora de carne",8
8160.01.17,"Operador de máquina, mezcladora de salchichas",8
8160.01.18,"Operador de máquina, pomadera (peladora-desvenadora de camarón)",8
8160.01.19,"Operador de máquina, preparación / carne",8
8160.01.20,"Operador de máquina, preparación / pescado",8
8160.01.21,"Operador de máquina, procesadora / carne",8
8160.01.22,"Operador de máquina, procesadora / mariscos",8
8160.01.23,"Operador de máquina, procesadora / pescado",8
8160.01.24,"Operador de molino de carne",8
8160.01.25,"Sellador, carne",8
8160.01.26,"Sellador, pescados y mariscos",8
8160.01.27,Supervisor,8
8160.02,"Operadores de máquinas para elaborar productos lácteos",6
8160.02.01,"Ayudante de elaboración de queso",8
8160.02.02,"Cernidor, pasteurización de productos lácteos",8
8160.02.03,"Chocolatero, pasteurización de productos lácteos",8
8160.02.04,"Esterilizador, productos lácteos",8
8160.02.05,"Fermentador, quesos",8
8160.02.06,"Jefe de elaboración de quesos, mantequilla y lácteos en general",8
8160.02.07,"Operador de máquina, elaboración / productos lácteos",8
8160.02.08,"Operador de máquina, elaboración de Helados",8
8160.02.09,"Operador de máquina, elaboración de leche en polvo",8
8160.02.10,"Operador de máquina, pasteurización / leche",8
8160.02.11,"Operador de máquina, pasteurización / productos lácteos",8
8160.02.12,"Operador de máquina, procesamiento de leche",8
8160.02.13,"Operador de máquina, refrigeradora / productos lácteos",8
8160.02.14,"Operador de máquina, tratamiento de la leche",8
8160.02.15,"Operador, tacho de vacío / leche condensada",8
8160.02.16,"Operador tanquero, pasteurización de productos lácteos",8
8160.02.17,"Prensador de quesos",8
8160.02.18,"Preparador de yogurt",8
8160.02.19,"Recepcionista pesador de leche",8
8160.02.20,"Salador, queso",8
8160.03,"Operadores de máquinas para moler cereales y especias",6
8160.03.01,"Ayudante de máquina molienda /cereales",8
8160.03.02,"Operador de máquina, descortezadora / grano",8
8160.03.03,"Operador de máquina, molienda / arroz",8
8160.03.04,"Operador de máquina, molienda / cereales",8
8160.03.05,"Operador de máquina, molienda / especias",8
8160.03.06,"Operador de máquina, molienda / semillas de mostaza",8
8160.03.07,"Operador de máquina, procesamiento del grano",8
8160.03.08,"Operador de molino, arroz",8
8160.03.09,"Operador de molino, cereales",8
8160.04,"Operadores de máquinas para elaborar cereales, productos de panadería y repostería y artículos de chocolate",6
8160.04.01,"Ayudante operador de máquina elaboradora de galletas",8
8160.04.02,"Operador de boleadora de masa",8
8160.04.03,"Operador colocadora de relleno de galletas",8
8160.04.04,"Operador de laminadora de chicle",8
8160.04.05,"Operador laminadora de masa de galletas",8
8160.04.06,"Operador de máquina boleadora de chicle",8
8160.04.07,"Operador de máquina, confiterías",8
8160.04.08,"Operador de máquina, elaboración / dulces",8
8160.04.09,"Operador de máquina, elaboración / fideos",8
8160.04.10,"Operador de máquina elaboradora de galletas",8
8160.04.11,"Operador de máquina, elaboración / pastas alimenticias",8
8160.04.12,"Operador de máquina, elaboración / pasteles",8
8160.04.13,"Operador de máquina, elaboración / productos a base de cereales",8
8160.04.14,"Operador de máquina, elaboración / productos de chocolate",8
8160.04.15,"Operador de máquina, productos de panadería",8
8160.04.16,"Operador de máquina, producción de pan",8
8160.04.17,"Operador de máquina, producción de chocolate",8
8160.04.18,"Operador de máquina, reposterías",8
8160.04.19,"Operador de mezcladora, chicle",8
8160.04.20,"Operador de moldeadora de masa para pan (operador de baleadora de masa)",8
8160.04.21,"Operador de pulidora, chicle",8
8160.04.22,"Operador de recubridora, confites y chicles",8
8160.04.23,"Operador de troqueladora, confites",8
8160.05,"Operadores de máquinas para elaborar frutos húmedos, secos y hortalizas",6
8160.05.01,"Ayudante de Operador de máquina, refinación / aceites y grasas",8
8160.05.02,"Ayudante de planta extractora de aceite",8
8160.05.03,"Ayudante Operador de máquina blanqueadora de aceite",8
8160.05.04,"Descascarador, cacahuetes",8
8160.05.05,"Operador de molino (extracción de aceite)",8
8160.05.06,"Operador de autoclave, aceites y grasas",8
8160.05.07,"Operador de autoclave, frutas",8
8160.05.08,"Operador de autoclave, legumbres y verduras",8
8160.05.09,"Operador de equipo, evaporación / extractos de alimentos",8
8160.05.10,"Operador de filtración de aceite",8
8160.05.11,"Operador de máquina blanqueadora de aceite",8
8160.05.12,"Operador de máquina, blanqueadora / frutas de cáscara seca",8
8160.05.13,"Operador de máquina, congeladora / fruta",8
8160.05.14,"Operador de máquina, congeladora / legumbres y verduras",8
8160.05.15,"Operador de máquina, conservadora / fruta",8
8160.05.16,"Operador de máquina, conservadora / legumbres y verduras",8
8160.05.17,"Operador de máquina, descascaradora de oleaginosas",8
8160.05.18,"Operador de máquina, deshidratadora / alimentos",8
8160.05.19,"Operador de máquina, enlatadora / frutas",8
8160.05.20,"Operador de máquina, enlatadora / legumbres y verduras",8
8160.05.21,"Operador de máquina, esterilizadora / frutas",8
8160.05.22,"Operador de máquina, esterilizadora / legumbres y verduras",8
8160.05.23,"Operador de máquina, extracción / aceite de semilla",8
8160.05.24,"Operador de máquina, extracción / aceites comestibles",8
8160.05.25,"Operador de máquina, lavadora / frutas",8
8160.05.26,"Operador de máquina, lavadora / legumbres y verduras",8
8160.05.27,"Operador de máquina, moledora / almendras",8
8160.05.28,"Operador de máquina, moledora / semillas oleaginosas",8
8160.05.29,"Operador de máquina, procesadora / fruta",8
8160.05.30,"Operador de máquina, procesadora / frutas de cáscara seca",8
8160.05.31,"Operador de máquina, procesadora / legumbres y verduras",8
8160.05.32,"Operador de máquina, procesadora / margarina",8
8160.05.33,"Operador de máquina, procesadora de hierbas aromáticas",8
8160.05.34,"Operador de máquina, producción / jugos de frutas",8
8160.05.35,"Operador de máquina, producción / jugos vegetales",8
8160.05.36,"Operador de máquina, refinación / aceites y grasas",8
8160.05.37,"Operador de máquina, secadora / alimentos",8
8160.05.38,"Operador de planta Extractora de aceite",8
8160.05.39,"Operador de prensa, aceites comestibles",8
8160.05.40,"Operador, desdobladora de aceite y derivados",8
8160.05.41,"Operador, equipo de hidrogenación, aceites y grasas",8
8160.05.42,"Operador, evaporador en el vacío / extracto de alimentos",8
8160.05.43,"Operador, prensa de frutas",8
8160.05.44,"Operador, prensa hidráulica / extracción (aceites comestibles)",8
8160.05.45,"Operador, tacho de vacío / extractos de alimentos",8
8160.05.46,"Operador, vacuohorno / alimentos",8
8160.06,"Operadores de máquinas para fabricar azúcares",6
8160.06.01,"Ayudante de Trapichero, caña de azúcar",8
8160.06.02,"Operador de máquina, producción azúcar",8
8160.06.03,"Operador de máquina, pulverizadora / azúcar",8
8160.06.04,"Operador de máquina, refinación / azúcar",8
8160.06.05,"Operador, difusoras / azúcar de remolacha",8
8160.06.06,"Operador, equipo de carbonatación / refinación de azúcar",8
8160.06.07,"Operador, equipo de cristalización / refinación de azúcar",8
8160.06.08,"Trapichero, caña de azúcar",8
8160.07,"Operadores de máquinas para elaborar té, café y cacao",6
8160.07.01,"Operador de clasificadora de café",8
8160.07.02,"Operador de equipo extractor de esencia de café",8
8160.07.03,"Operador de máquina descascaradora de cacao",8
8160.07.04,"Operador de máquina limpiadora de cacao",8
8160.07.05,"Operador de máquina pulverizadora de cacao",8
8160.07.06,"Operador de máquina trituradora de cacao",8
8160.07.07,"Operador de máquina, mezcladora / café",8
8160.07.08,"Operador de máquina, mezcladora / té",8
8160.07.09,"Operador de máquina, tostadora / cacao",8
8160.07.10,"Operador de máquina, tostadora / café",8
8160.07.11,"Operador de máquina, tratamiento / cacao",8
8160.07.12,"Operador de máquina, tratamiento / granos de cacao",8
8160.07.13,"Operador de máquina, tratamiento / granos de café",8
8160.07.14,"Operador de máquina, tratamiento / hojas de té",8
8160.07.15,"Operador de túnel de enfriamiento de cacao",8
8160.08,"Operadores de máquinas para elaborar cerveza, vinos y otras bebidas",6
8160.08.01,"Ayudante operador de saladines",8
8160.08.02,Cervecero,8
8160.08.03,"Despaletizador, industria cervecera",8
8160.08.04,"Destilador, alcohol etílico",8
8160.08.05,"Embarrilador, cerveza",8
8160.08.06,"Operador de alambique, bebidas alcohólicas",8
8160.08.07,"Operador, equipo de germinación / malteado (bebidas alcohólicas)",8
8160.08.08,"Operador, filtros de cerveza",8
8160.08.09,"Operador, horno de secado / malta",8
8160.08.10,"Operador, instalaciones de elaboración / vino",8
8160.08.11,"Operador, instalación de fermentación / bebidas alcohólicas",8
8160.08.12,"Operador de máquina, cocción / malta",8
8160.08.13,"Operador de máquina, destilación / bebidas alcohólicas",8
8160.08.14,"Operador de máquina, elaboración / bebidas sin alcohol",8
8160.08.15,"Operador de máquina, elaboración / vinagre",8
8160.08.16,"Operador de máquina, envase",8
8160.08.17,"Operador de máquina, fermentación / malta (bebidas alcohólicas)",8
8160.08.18,"Operador de máquina, lavadora / botellas",8
8160.08.19,"Operador de máquina, llenadora de refrescos",8
8160.08.20,"Operador de máquina, malteadora / bebidas alcohólicas",8
8160.08.21,"Operador de máquina, mezcladora de bebidas gaseosas",8
8160.08.22,"Operador de máquina, mezcladora de jugos",8
8160.08.23,"Operador de máquina, mezcladora / licores",8
8160.08.24,"Operador de máquina, mezcladora / vinos",8
8160.08.25,"Operador de máquina, producción / licores",8
8160.08.26,"Operador de máquina, producción / malta",8
8160.08.27,"Operador de saladines (germinación de cebada)",8
8160.08.28,"Operador de tostadora de malta",8
8160.08.29,"Separador de lúpulo",8
8160.09,"Operadores de máquinas para elaborar productos de tabaco",6
8160.09.01,"Ayudante de Operador de máquina, picadora / hojas de tabaco",8
8160.09.02,"Ligador a máquina, tabaco",8
8160.09.03,"Operador, acondicionadora al vacío (mojador de tabaco) / tabaco",8
8160.09.04,"Operador de horno, tabaco",8
8160.09.05,"Operador de máquina, despalilladora (desvenador de tabaco) / tabaco",8
8160.09.06,"Operador de máquina, fabricación / cigarrillos",8
8160.09.07,"Operador de máquina, fabricación de filtros de / cigarrillos",8
8160.09.08,"Operador de máquina, mezcladora / tabaco",8
8160.09.09,"Operador de máquina, picadora / hojas de tabaco",8
8160.09.10,"Operador de máquina, productos del tabaco",8
8160.09.11,"Operador de máquina, procesadora de tabaco",8
8160.09.12,"Operador de máquina, tratamiento / tabaco",8
817,"OPERADORES DE INSTALACIONES PARA LA PREPARACIÓN DE PAPEL Y DE PROCESAMIENTO DE LA MADERA",3
8171,"OPERADORES DE INSTALACIONES PARA LA PREPARACIÓN DE PASTA PARA PAPEL",4
8171.01,"Operadores de instalaciones para la preparación de pasta para papel",6
8171.01.01,"Fundidor, fibra de celulosa",8
8171.01.02,"Operador asistente, termomecánica pulpa",8
8171.01.03,"Operador de control, fabricación de pasta",8
8171.01.04,"Operador digestor, pasta de papel",8
8171.01.05,"Operador, grúa de troncos",8
8171.01.06,"Operador de instalaciones, fabricación / papel",8
8171.01.07,"Operador de instalaciones fabricación /pasta para papel",8
8171.01.08,"Operador de máquina, astilladora de madera / preparación de pasta para papel",8
8171.01.09,"Operador de máquina, batidora / pasta para papel",8
8171.01.10,"Operador de máquina, blanqueadora / pasta para papel",8
8171.01.11,"Operador de máquina, desfibradora / preparación de pasta para papel",8
8171.01.12,"Operador de máquina, laminadora/pasta para papel",8
8171.01.13,"Operador de máquina, lejiadora / pasta para papel",8
8171.01.14,"Operador de máquina, molino / pasta para papel",8
8171.01.15,"Operador de máquina, refinación / pasta para papel",8
8171.01.16,"Operador de máquina, tamizadora / pasta para papel",8
8171.01.17,"Operador de máquina, trituradora de madera / pasta para papel",8
8171.01.18,"Operador de máquina para reciclaje / cartón y papel",8
8171.01.19,"Operador de máquina, aprestadora / papel",8
8171.01.20,"Operador de máquina, calandra satinadora / papel",8
8171.01.21,"Operador de máquina, fabricación / cartón",8
8171.01.22,"Operador de máquina, fabricación / papel (fase húmeda)",8
8171.01.23,"Operador de máquina, fabricación / papel (fase seca)",8
8171.01.24,"Operador de máquina, glaseado / papel",8
8171.01.25,"Operador de máquina, secado y terminación",8
8171.01.26,"Operador molino, pulpa y papel",8
8171.01.27,"Operador, pulpa y papel auxiliar",8
8171.01.28,"Operador refinería, pasta de papel",8
8171.01.29,"Operador repulper",8
8171.01.30,"Operador, secadora de pulpa",8
8171.01.31,"Supervisor, molino de pulpa de papel",8
8171.01.32,"Técnico pulpa",8
8171.01.33,"Trabajador, planta de celulosa papel",8
8172,"OPERADORES DE INSTALACIONES DE PROCESAMIENTO DE LA MADERA",4
8172.01,"Operadores de instalaciones de procesamiento de la madera",6
8172.01.01,"Ahumador, madera chapeada",8
8172.01.02,"Aserrador, aserradero",8
8172.01.03,"Aserrador, cantos",8
8172.01.04,"Aserrador, duela",8
8172.01.05,"Ayudante Operador de cizalla madera (corta madera y prepara láminas y chapas según medidas determinadas)",8
8172.01.06,"Conductor, cortadoras",8
8172.01.07,"Conductor, fibradora de madera",8
8172.01.08,"Curvador, madera",8
8172.01.09,"Elaborador, tiras de madera para formar parquet",8
8172.01.10,"Operador, astilladora",8
8172.01.11,"Operador de cizalla madera (corta madera y prepara láminas y chapas según medidas determinadas)",8
8172.01.12,"Operador de instalaciones, aserradero",8
8172.01.13,"Operador de instalaciones, trabajo de la madera",8
8172.01.14,"Operador, lijadora de madera",8
8172.01.15,"Operador de máquina, canteadora",8
8172.01.16,"Operador de máquina, cortadora",8
8172.01.17,"Operador de máquina, cepilladora / madera",8
8172.01.18,"Operador de máquina, contorno de tabladura",8
8172.01.19,"Operador de máquina, cortadora / chapas de madera (contrachapado)",8
8172.01.20,"Operador de máquina, descortezadora / madera",8
8172.01.21,"Operador de máquina, fresadora / madera",8
8172.01.22,"Operador de máquina, formadora de tableros aglutinados",8
8172.01.23,"Operador de máquina, impregnador / madera",8
8172.01.24,"Operador de máquina, intercaladora-encoladora / contrachapado",8
8172.01.25,"Operador de máquina, mezcladora de astillas",8
8172.01.26,"Operador de máquina, perforadora / madera",8
8172.01.27,"Operador de maquinaria, planchadora de madera",8
8172.01.28,"Operador de máquina, secadora / madera",8
8172.01.29,"Operadores, planta de procesamiento de madera",8
8172.01.30,"Operador de prensa, contrachapado / madera",8
8172.01.31,"Operador, procesador de árboles",8
8172.01.32,"Operador, recortadora aserradero",8
8172.01.33,"Operador, sierra caladora o para contornear",8
8172.01.34,"Operador registro de corte",8
8172.01.35,"Operador, sierra de cabeza",8
8172.01.36,"Operador, sierras circulares",8
8172.01.37,"Operador, sierra de hender",8
8172.01.38,"Operador, sierra de cinta / aserradero (madera)",8
8172.01.39,"Operador, sierra de cinta / duelas de barril",8
8172.01.40,"Operador, sierra de cinta / madera",8
8172.01.41,"Operador, sierra / madera",8
8172.01.42,"Operador, sierra de recortar tablas",8
8172.01.43,"Operador, tanque de inmersión de la madera",8
818,"OTROS OPERADORES DE MÁQUINAS Y DE INSTALACIONES FIJAS",3
8181,"OPERADORES DE INSTALACIONES DE VIDRIERÍA Y CERÁMICA",4
8181.01,"Operadores de instalaciones de vidriería y cerámica",6
8181.01.01,"Fundidor - vidriero",8
8181.01.02,"Moldeador, crisoles",8
8181.01.03,"Operador, baño metálico / flotación (vidrio)",8
8181.01.04,"Operador, cortadora de vidrio",8
8181.01.05,"Operador, filtro-prensa / pasta de arcilla",8
8181.01.06,"Operador de horno, baldosas",8
8181.01.07,"Operador de horno, briquetas",8
8181.01.08,"Operador de horno, cerámica",8
8181.01.09,"Operador de horno, cerámica y porcelana",8
8181.01.10,"Operador de horno, de loza abizcochada / loza y porcelana",8
8181.01.11,"Operador de horno, fabricación de vidrio",8
8181.01.12,"Operador de horno, frita de esmalte",8
8181.01.13,"Operador de horno, fundición / vidrio",8
8181.01.14,"Operador de horno, horno de secado / tejas",8
8181.01.15,"Operador de horno, horno de secadora / loza y porcelana",8
8181.01.16,"Operador de horno, horno de vidriar / loza y porcelana",8
8181.01.17,"Operador de horno, horno de vidriar / tejas",8
8181.01.18,"Operador de horno, ladrillos y tejas",8
8181.01.19,"Operador horno ladrillos",8
8181.01.20,"Operador de horno, recocido / vidrio",8
8181.01.21,"Operador de horno, temple / vidrio",8
8181.01.22,"Operador de instalaciones, arenado / vidrio",8
8181.01.23,"Operador, máquina de cortar / vidrio",8
8181.01.24,"Operador de máquina, curvadora / vidrio",8
8181.01.25,"Operador de máquina, esmaltado / por inmersión",8
8181.01.26,"Operador de máquina, estiradora / tubos de vidrio",8
8181.01.27,"Operador de máquina, estiradora / varillas de vidrio",8
8181.01.28,"Operador de máquina, estiradora / vidrio plano",8
8181.01.29,"Operador de máquina, fabricación / artículos (vidrio)",8
8181.01.30,"Operador de máquina, fabricación / botellas",8
8181.01.31,"Operador de máquina, fabricación / cerámica",8
8181.01.32,"Operador de máquina, fabricación / loza y porcelana",8
8181.01.33,"Operador de máquina, fabricación / vidrio",8
8181.01.34,"Operador de máquina, grabado / chorro de arena (cerámica)",8
8181.01.35,"Operador de máquina, grabado al ácido / vidrio",8
8181.01.36,"Operador de máquina, grabado con muela / vidrio",8
8181.01.37,"Operador de máquina, laminadora / lunas (vidrio)",8
8181.01.38,"Operador de máquina, mezcladora / materiales / abrasivos",8
8181.01.39,"Operador de máquina, mezcladora de materiales / arcilla",8
8181.01.40,"Operador de máquina, mezcladora de materiales / barbotín",8
8181.01.41,"Operador de máquina, mezcladora de materiales / frita de esmalte",8
8181.01.42,"Operador máquina mezcladora",8
8181.01.43,"Operador de máquina, mezcladora de materiales / vidrio",8
8181.01.44,"Operador de máquina, moldeadora / extrusión (pasta de arcilla)",8
8181.01.45,"Operador de máquina, perforadora / cerámica",8
8181.01.46,"Operador de máquina, perforadora / vidrio",8
8181.01.47,"Operador de máquina, pintar cerámica",8
8181.01.48,"Operador de máquina, pintura decorativa / cerámica",8
8181.01.49,"Operador de máquina, pintura decorativa / vidrio",8
8181.01.50,"Operador de máquina, pintura de vidrio",8
8181.01.51,"Operador de máquina, preparación / esmaltes",8
8181.01.52,"Operador de máquina, producción / fibra de vidrio",8
8181.01.53,"Operador de máquina, pulidora / cerámica",8
8181.01.54,"Operador de máquina, pulidora / vidrio óptico",8
8181.01.55,"Operador de máquina, pulidora / vidrio plano",8
8181.01.56,"Operador de máquina, rebanadora / vidrio",8
8181.01.57,"Operador de máquina, sopladora / vidrio",8
8181.01.58,"Operador de máquina, templado / vidrio",8
8181.01.59,"Operador de máquina, trituradora / arcilla",8
8181.01.60,"Operador de máquina, trituradora / esmalte",8
8181.01.61,"Operador de máquina, trituradora / pasta de arcilla",8
8181.01.62,"Operador, molino de vidrio",8
8181.01.63,"Operador, prensa de estampar / Vidrio",8
8181.01.64,"Operador, prensa de extrusión de arcilla",8
8181.01.65,"Operador, prensa moldeado / cerámica",8
8181.01.66,"Operador, prensa de moldear / vidrio",8
8181.01.67,"Operador, prensa moldeado / loza y porcelana",8
8181.01.68,"Operador, rebordeadora de vidrio",8
8181.01.69,"Operador, taladradora de vidrio",8
8181.01.70,"Operador, túnel de recocido / vidrio",8
8181.01.71,"Pulidor, cristales",8
8181.01.72,"Pulidor a máquina, cristales de óptica",8
8181.01.73,"Templador, vidrio",8
8182,"OPERADORES DE MÁQUINAS DE VAPOR Y CALDERAS",4
8182.01,"Operadores de máquinas de vapor y calderas",6
8182.01.01,Fogonero,8
8182.01.02,"Fogonero, buque",8
8182.01.03,"Fogonero, caldera",8
8182.01.04,"Fogonero, máquina de vapor",8
8182.01.05,"Fogonero, máquina de vapor / locomotora",8
8182.01.06,"Ingeniero, estacionario",8
8182.01.07,"Operador de caldera, buque",8
8182.01.08,"Operador, central térmica",8
8182.01.09,"Operario, motor de vapor",8
8183,"OPERADORES DE MÁQUINAS DE EMBALAJE, EMBOTELLAMIENTO Y ETIQUETADO",4
8183.01,"Operadores de máquinas de embalaje, embotellamiento y etiquetado",6
8183.01.01,"Empacador de botellas, a máquina",8
8183.01.02,"Ensamblador de botellas, al vacío",8
8183.01.03,"Operador de máquina, aglomeradora",8
8183.01.04,"Operador de máquina, ajuste",8
8183.01.05,"Operador de máquina, capsuladora",8
8183.01.06,"Operador de máquina, enfardadora",8
8183.01.07,"Operador de máquina, embaladora",8
8183.01.08,"Operador de máquina, embotelladora",8
8183.01.09,"Operador de máquina, etiquetadora",8
8183.01.10,"Operador de máquina, envolver",8
8183.01.11,"Operador de máquina, marcadora / mercancías",8
8183.01.12,"Operador de máquina, rotuladora",8
8183.01.13,"Operador de máquina, selladora",8
8183.01.14,"Operador de selladora, botellas",8
8189,"OPERADORES DE MÁQUINAS Y DE INSTALACIONES FIJAS NO CLASIFICADOS BAJO OTROS EPÍGRAFES",4
8189.01,"Operadores de máquinas y de instalaciones fijas no clasificados bajo otros epígrafes",6
8189.01.01,"Operador, batería de gas de hulla",8
8189.01.02,"Operador de coquería",8
8189.01.03,"Operador de horno, coque",8
8189.01.04,"Operador de horno, horno de retorta",8
8189.01.05,"Operador de instalaciones, abonos artificiales",8
8189.01.06,"Operador de instalaciones, blanqueamiento químico",8
8189.01.07,"Operador de instalaciones, producción de carbón vegetal",8
8189.01.08,"Operador de instalaciones, producción de coque",8
8189.01.09,"Operador de instalaciones, producción de fibras sintéticas",8
8189.01.10,"Operador de instalaciones, tratamiento de desechos radiactivos",8
8189.01.11,"Operador de instalaciones, tratamiento de látex del caucho",8
8189.01.12,"Operador de instalaciones, tratamientos químicos (células eléctricas)",8
8189.01.13,"Operador de instalaciones, tratamientos químicos (materias radiactivas)",8
8189.01.14,"Operador de máquina, aislación térmica",8
8189.01.15,"Operador de máquina, empalme / cable",8
8189.01.16,"Operador de máquina, empalmadora / cabos y cables",8
8189.01.17,"Operador maquinaria empalmadora de cables y cuerdas",8
8189.01.18,"Operador de máquina, fabricación / cerillos (fósforos)",8
8189.01.19,"Operador de máquina, fabricación / explosivos",8
8189.01.20,"Operador de máquina, fabricación / municiones",8
8189.01.21,"Operador de máquina, fabricación / productos de pirotecnia",8
8189.01.22,"Operador de máquina, instalación / tuberías",8
8189.01.23,"Operador de máquina, instalación / cables",8
8189.01.24,"Operador de máquina, instalación / cables eléctricos",8
8189.01.25,"Operador de máquina, instalación / conducciones",8
8189.01.26,"Operador de máquina, instalación / material aislante",8
8189.01.27,"Operador de máquina, instalación de líneas eléctricas",8
8189.01.28,"Operador, máquina de liquefacción / gases",8
8189.01.29,"Operador de máquina, llenadora / contenedores",8
8189.01.30,"Operador de máquina, material de insonorización",8
8189.01.31,"Operador de máquina, producción de chips silicón",8
8189.01.32,"Operador de máquina, producción / gas de hulla",8
8189.01.33,"Operador de máquina, producción / microplaquetas (silicio)",8
8189.01.34,"Operador de máquina, señalización / carreteras",8
8189.01.35,"Operador de retorta, producción de gas de hulla",8
8189.01.36,"Operador de tiovivo",8
8189.01.37,"Operador, tratamientos químicos / cubas de electrólisis",8
82,ENSAMBLADORES,2
821,ENSAMBLADORES,3
8211,"ENSAMBLADORES DE MAQUINARIA MECÁNICA",4
8211.01,"Ensambladores de maquinaria mecánica",6
8211.01.01,"Ensamblador, aeronaves",8
8211.01.02,"Ensamblador, botes de fibra de vidrio",8
8211.01.03,"Ensamblador, caja de cambios",8
8211.01.04,"Ensamblador, motor",8
8211.01.05,"Ensamblador, turbina",8
8211.01.06,"Ensamblador, vehículos",8
8211.01.07,"Instalador, motores",8
8211.01.08,"Montador, aviones",8
8211.01.09,"Montador, equipo para el movimiento de tierras",8
8211.01.10,"Montador, maquinaria /imprenta",8
8211.01.11,"Montador, maquinaria /laboreo de minas",8
8211.01.12,"Montador, maquinaria /labra (madera)",8
8211.01.13,"Montador, maquinaria agrícolas",8
8211.01.14,"Montador, maquinaria industrial",8
8211.01.15,"Montador, maquinaria mecánica",8
8211.01.16,"Montador, maquinaria textil",8
8211.01.17,"Montador, máquinas herramientas",8
8211.01.18,"Montador, mecanismos mecánicos",8
8211.01.19,"Montador, motores / avión",8
8211.01.20,"Montador, motores / combustión interna",8
8211.01.21,"Montador, motores / marinos",8
8211.01.22,"Montador, motores / vapor",8
8211.01.23,"Montador, turbinas",8
8211.01.24,"Montador, vehículos",8
8211.01.25,"Operador de máquina, cadenas de montaje / aviones",8
8211.01.26,"Operador de máquina, cadenas de montaje / vehículos",8
8211.01.27,"Operador de máquina, montaje de vehículos",8
8211.01.28,"Supervisor de producción automotriz",8
8212,"ENSAMBLADORES DE EQUIPOS ELÉCTRICOS Y ELECTRÓNICOS",4
8212.01,"Ensambladores de equipos eléctricos y electrónicos",6
8212.01.01,"Ensamblador, armadura",8
8212.01.02,"Ensamblador, equipo eléctrico",8
8212.01.03,"Ensamblador, equipos electromecánica",8
8212.01.04,"Ensamblador, equipos electrónicos",8
8212.01.05,"Ensamblador, electrodomésticos",8
8212.01.06,"Ensamblador - elaborador de antenas de T. V.",8
8212.01.07,"Ensamblador, reloj",8
8212.01.08,"Ensamblador, teléfono",8
8212.01.09,"Ensamblador, televisión",8
8212.01.10,"Ensamblador, timbres e interruptores",8
8212.01.11,"Grabador (placa de circuito impreso)",8
8212.01.12,"Inspector de calidad (fabricación de refrigeradoras, lavadoras y cocinas)",8
8212.01.13,"Inspector de control de calidad (equipo eléctrico y electrónico)",8
8212.01.14,"Inspector de control de calidad de chasis de T. V.",8
8212.01.15,"Jefe de ensamblaje de refrigeradoras, cocinas y lavadoras",8
8212.01.16,"Montador, aparatos eléctricos",8
8212.01.17,"Montador, aparatos electrónicos",8
8212.01.18,"Montador, componentes eléctricos",8
8212.01.19,"Montador, componentes electrónicos",8
8212.01.20,"Montador, cronómetros",8
8212.01.21,"Montador, equipo audiovisual",8
8212.01.22,"Montador, equipos eléctricos",8
8212.01.23,"Montador, equipos electrónicos",8
8212.01.24,"Montador, equipo microelectrónicas",8
8212.01.25,"Montador, instrumentos de precisión / electrónica",8
8212.01.26,"Montador, lámparas de radio",8
8212.01.27,"Montador, maquinaria / oficina",8
8212.01.28,"Montador, motores / vehículos",8
8212.01.29,"Montador, prótesis auditivas",8
8212.01.30,"Montador, receptores de radio",8
8212.01.31,"Montador, receptores de televisión",8
8212.01.32,"Montador, relojería",8
8212.01.33,"Montador, tubos electrónicos",8
8212.01.34,"Operadores de equipos ópticos y electrónicos, no clasificados bajo otros epígrafes",8
8212.01.35,"Operador de máquina, bobinadora",8
8212.01.36,"Operador de máquina, bobinadora / estatores",8
8212.01.37,"Operador de máquina, bobinadora / filamentos",8
8212.01.38,"Operador de máquina, bobinadora / rotores",8
8212.01.39,"Operador de máquina, bobinadora / transformadores",8
8212.01.40,"Operador de máquina, cadenas de montaje / excepto vehículos y aviones",8
8212.01.41,"Supervisor de ensamblaje de equipos de radio y televisión",8
8219,"ENSAMBLADORES NO CLASIFICADOS BAJO OTROS EPÍGRAFES",4
8219.01,"Ensambladores no clasificados bajo otros epígrafes",6
8219.01.01,"Clasificador, mobiliario de madera",8
8219.01.02,"Ensamblador, bicicletas",8
8219.01.03,"Ensamblador, cuchillo",8
8219.01.04,"Ensamblador, joyas",8
8219.01.05,"Ensamblador, juguetes de plástico",8
8219.01.06,"Ensamblador, municiones",8
8219.01.07,"Ensamblador marco de lentes",8
8219.01.08,"Ensamblador, persianas de sol",8
8219.01.09,"Ensamblador, pluma y lápiz",8
8219.01.10,"Ensamblador, productos de cartón",8
8219.01.11,"Ensamblador, puertas",8
8219.01.12,"Ensamblador, productos de cuero",8
8219.01.13,"Ensamblador, productos textiles",8
8219.01.14,"Ensamblador, termo botella",8
8219.01.15,"Montador, bicicletas",8
8219.01.16,"Montador, muebles metálicos",8
8219.01.17,"Montador, productos con múltiples elementos",8
8219.01.18,"Montador, productos de caucho",8
8219.01.19,"Montador, productos de material plástico",8
8219.01.20,"Montador, productos de metal",8
8219.01.21,"Montador, muebles / madera y materiales similares",8
8219.01.22,"Montador, productos de madera",8
8219.01.23,"Montador, productos de cartón",8
8219.01.24,"Montador, productos de cuero",8
8219.01.25,"Montador, productos textiles",8
8219.01.26,"Operador, cadena de montaje / automatizada",8
8219.01.27,"Operador, robot",8
83,"CONDUCTORES DE VEHÍCULOS Y OPERADORES DE EQUIPOS PESADOS MÓVILES",2
831,"MAQUINISTAS DE LOCOMOTORAS Y AFINES",3
8311,"MAQUINISTAS DE LOCOMOTORAS",4
8311.01,"Maquinistas de locomotoras",6
8311.01.01,"Ayudante de conductor, locomotora",8
8311.01.02,"Ayudante ferrocarrilero, abastecimiento de combustible",8
8311.01.03,"Ayudante de maquinista, tren",8
8311.01.04,"Conductor equipos móviles",8
8311.01.05,"Conductor, metro",8
8311.01.06,"Conductor, tren metropolitano / aéreo",8
8311.01.07,"Conductor, tren subterráneo",8
8311.01.08,"Controlador, locomotora",8
8311.01.09,"Maquinista, estación de clasificación / locomotoras",8
8311.01.10,"Maquinista, locomotora",8
8311.01.11,"Maquinista, locomotora / cantera",8
8311.01.12,"Maquinista, locomotora / maniobras",8
8311.01.13,"Maquinista, locomotora / minas",8
8311.01.14,"Maquinista, tren",8
8312,"GUARDAFRENOS, GUARDAGUJAS Y AGENTES DE MANIOBRAS",4
8312.01,"Guardafrenos, guardagujas y agentes de maniobras",6
8312.01.01,"Agente de maniobras, ferrocarril",8
8312.01.02,"Brequero de carrera",8
8312.01.03,"Brequero, ferrocarril",8
8312.01.04,"Brequero de patio",8
8312.01.05,"Clasificador, trenes",8
8312.01.06,"Enganchador, estación de clasificación",8
8312.01.07,"Guardafrenos, ferrocarril",8
8312.01.08,"Guardafrenos, tren de mercancías",8
8312.01.09,"Guardafrenos, tren de vagonetas / canteras",8
8312.01.10,"Guardafrenos, tren de vagonetas / minas",8
8312.01.11,"Guardagujas, ferrocarril",8
8312.01.12,"Operador de enganche, vagones de tren",8
8312.01.13,"Señalizador, ferrocarril",8
8312.01.14,"Supervisor de vías",8
832,"CONDUCTORES DE AUTOMÓVILES, CAMIONETAS Y MOTOCICLETAS",3
8321,"CONDUCTORES DE MOTOCICLETAS",4
8321.01,"Conductores de motocicletas",6
8321.01.01,"Conductor, motocicleta",8
8321.01.02,"Conductor, triciclo a motor",8
8321.01.03,"Conductor, triciclo a motor / mercancías",8
8321.01.04,"Conductores de motocicletas, dueño ( hasta 4 empleados)",8
8321.01.05,"Piloto de despacho",8
8321.01.06,Motociclista,8
8321.01.07,Motociclista-mensajero,8
8321.01.08,Motociclista-repartidor,8
8322,"CONDUCTORES DE AUTOMÓVILES, TAXIS Y CAMIONETAS",4
8322.01,"Conductores de automóviles, taxis y camionetas",6
8322.01.01,"Conductor, ambulancia",8
8322.01.02,"Conductor, automóviles",8
8322.01.03,"Conductor, camioneta",8
8322.01.04,"Conductor, camioneta de correos",8
8322.01.05,"Conductor, carroza",8
8322.01.06,"Conductor, entrega de automóviles",8
8322.01.07,"Conductor, furgoneta",8
8322.01.08,"Conductor, furgoneta postal",8
8322.01.09,"Conductor, taxi",8
8322.01.10,"Conductor, triciclo a motor / taxi",8
8322.01.11,"Conductores de automóviles, taxis y camionetas, dueño (hasta 4 empleados)",8
8322.01.12,"Taxista (Dueño)",8
833,"CONDUCTORES DE CAMIONES PESADOS Y AUTOBUSES",3
8331,"CONDUCTORES DE AUTOBUSES Y TRANVÍAS",4
8331.01,"Conductores de autobuses y tranvías",6
8331.01.01,"Conductor, autobús",8
8331.01.02,"Conductor, blindado",8
8331.01.03,"Conductor, metro bus",8
8331.01.04,"Conductor, microbús",8
8331.01.05,"Conductor, transporte escolar",8
8331.01.06,"Conductor, transporte de personal",8
8331.01.07,"Conductor, tranvía",8
8331.01.08,"Conductor, trolebús",8
8331.01.09,"Conductores de autobuses, patrón (hasta 4 empleados)",8
8332,"CONDUCTORES DE CAMIONES PESADOS",4
8332.01,"Conductores de camiones pesados",6
8332.01.01,"Ayudante de conductor de máquina barredora",8
8332.01.02,"Conductor de máquina barredora",8
8332.01.03,"Conductor, camión",8
8332.01.04,"Conductor de camiones pesados",8
8332.01.05,"Conductor, camión cisterna (tanquero)",8
8332.01.06,"Conductor, camión con remolque",8
8332.01.07,"Conductor, camión de gran tonelaje",8
8332.01.08,"Conductor, camión lanzadera / canteras",8
8332.01.09,"Conductor, camión volqueta",8
8332.01.10,"Conductor, vagoneta lanzadera / canteras",8
8332.01.11,"Conductor, vagoneta lanzadera / minas",8
8332.01.12,"Conductores de camiones pesados, dueños (hasta 4 empleados)",8
8332.01.13,"Conductor de camión, bomberos",8
8332.01.14,"Conductor de camión, mudanzas",8
8332.01.15,"Conductor de camión, recolector de basura",8
8332.01.16,"Conductor de camión, repartidor",8
8332.01.17,"Controlador, mezcladora de concreto",8
8332.01.18,"Conductor repartidor, petróleo y combustible",8
8332.01.19,"Chofer de pipa",8
834,"OPERADORES DE EQUIPOS PESADOS MÓVILES",3
8341,"OPERADORES DE MAQUINARIA AGRÍCOLA Y FORESTAL MÓVIL",4
8341.01,"Operadores de maquinaria agrícola y forestal móvil",6
8341.01.01,"Conductor, carreta / transporte de troncos y fustes",8
8341.01.02,"Conductor, máquina forestal / acarreo de rollizos",8
8341.01.03,"Conductor tractor",8
8341.01.04,"Conductor, tractor agrícola",8
8341.01.05,"Controlador, compañía de maderas",8
8341.01.06,"Controlador, tractor",8
8341.01.07,"Operador cosechadora",8
8341.01.08,"Operador, máquina agrícola",8
8341.01.09,"Operador, máquina agrícola / motorizada",8
8341.01.10,"Operador, planta de registro",8
8341.01.11,"Operador, segadora-trilladora-aventadora",8
8341.01.12,"Operador, trilladora",8
8341.01.13,Tractorista,8
8342,"OPERADORES DE MÁQUINAS DE MOVIMIENTO DE TIERRA Y AFINES",4
8342.01,"Operadores de máquinas de movimiento de tierras y afines",6
8342.01.01,"Ayudante de conductor de bulldozer",8
8342.01.02,"Conductor, apisonadora",8
8342.01.03,"Conductor, asfaltadora",8
8342.01.04,"Conductor, bulldozer",8
8342.01.05,"Conductor, draga",8
8342.01.06,"Conductor, excavadora",8
8342.01.07,"Conductor, hormigonera",8
8342.01.08,"Conductor, máquina explanadora",8
8342.01.09,"Conductor, niveladora / cuchilla frontal",8
8342.01.10,"Operador, cargador frontal",8
8342.01.11,"Operador de máquina, asfaltadora",8
8342.01.12,"Operador de máquina, explanadora",8
8342.01.13,"Operador de máquina, pavimentadora / hormigón",8
8342.01.14,"Operador de máquina, perforadora / construcción",8
8342.01.15,"Operador de máquina, revestimiento de carreteras",8
8342.01.16,"Operador de máquina, túneles",8
8342.01.17,"Operador, apisonadora",8
8342.01.18,"Operador, equipo para movimiento de tierra",8
8342.01.19,"Operador, esparcidora de alquitrán",8
8342.01.20,"Operador, esparcidora de hormigón / construcciones",8
8342.01.21,"Operador, esparcidora de piedras / construcciones",8
8342.01.22,"Operador, excavadora",8
8342.01.23,"Operador, explanadora y escráper",8
8342.01.24,"Operador, maquinaria de excavación de tierra",8
8342.01.25,"Operador, martinete",8
8342.01.26,"Operador, pala mecánica",8
8342.01.27,"Operador, pavimentadora / alquitrán",8
8342.01.28,"Operador, zanjadora de cangilones",8
8342.01.29,"Picador, martillo automático",8
8343,"OPERADORES DE GRÚAS, APARATOS ELEVADORES Y AFINES",4
8343.01,"Operadores de grúas, aparatos elevadores y afines",6
8343.01.01,"Ayudante de conductor, tractor remolcador de aviones",8
8343.01.02,"Ayudante operador de grúa fija",8
8343.01.03,"Conductor fonicular",8
8343.01.04,"Conductor, grúa para incendios",8
8343.01.05,"Conductor, tractor remolcador de aviones",8
8343.01.06,"Enganchador, jaula de extracción / minas",8
8343.01.07,"Guarda, caja guiada / minas",8
8343.01.08,"Guarda, esclusa / canal o puerto",8
8343.01.09,"Maquinista de extracción",8
8343.01.10,"Maquinista, puente giratorio",8
8343.01.11,"Operador exterior, jaula de extracción / minas",8
8343.01.12,"Operador, aparatos para izar",8
8343.01.13,"Operador, aparatos elevadores",8
8343.01.14,"Operador, cabrestante",8
8343.01.15,"Operador, cabria / construcción",8
8343.01.16,"Operador, cabria / minas",8
8343.01.17,"Operador, cinta o cable transportador",8
8343.01.18,"Operador, dique seco",8
8343.01.19,"Operador, esclusa de canal o puerto",8
8343.01.20,"Operador, funivia / funicular aéreo",8
8343.01.21,"Operador, grúa",8
8343.01.22,"Operador, grúa de pórtico",8
8343.01.23,"Operador, grúa fija",8
8343.01.24,"Operador, grúa flotante",8
8343.01.25,"Operador, grúa locomóvil",8
8343.01.26,"Operador, grúa móvil",8
8343.01.27,"Operador, grúa móvil / ferrocarril",8
8343.01.28,"Operador, grúa torre",8
8343.01.29,"Operador, jaulas / minas",8
8343.01.30,"Operador, montacargas / manipulación de material",8
8343.01.31,"Operador, plantas relacionadas con grúas - montacargas",8
8343.01.32,"Operador, pontón de grúa",8
8343.01.33,"Operador, puente",8
8343.01.34,"Operador, puente de báscula",8
8343.01.35,"Operador, puente giratorio",8
8343.01.36,"Operador, puente grúa",8
8343.01.37,"Operador, puente levadizo",8
8343.01.38,"Operador, telesilla",8
8343.01.39,"Operador, torre-grúa",8
8343.01.40,"Operador, vagón con tracción por cable",8
8344,"OPERADORES DE AUTOELEVADORAS",4
8344.01,"Operadores de auto elevadoras",6
8344.01.01,"Controlador, manipulación camión",8
8344.01.02,"Operador, camión / industria",8
8344.01.03,"Operador, carretilla elevadora / horquilla",8
8344.01.04,"Operador, horquilla elevadora",8
8344.01.05,"Operador, wincha (grúa de carga en muelle)",8
835,"MARINEROS DE CUBIERTA Y AFINES",3
8350,"MARINEROS DE CUBIERTA Y AFINES",4
8350.01,"Marineros de cubierta y afines",6
8350.01.01,"Amarrador, barcos",8
8350.01.02,"Ayudante motorista, embarcación pesquera",8
8350.01.03,"Ayudante, timonel",8
8350.01.04,Barquero,8
8350.01.05,Batelero,8
8350.01.06,Botero,8
8350.01.07,Contramaestre,8
8350.01.08,"Contramaestre, barco",8
8350.01.09,"Conductor, lancha rápida",8
8350.01.10,"Conductor, panga",8
8350.01.11,"Conductor, bote de motor",8
8350.01.12,"Conductor, yate turístico",8
8350.01.13,"Comandante, barco",8
8350.01.14,"Dragador, tripulante de draga",8
8350.01.15,Grumete,8
8350.01.16,"Guardián, faro",8
8350.01.17,"Fogonero, barco",8
8350.01.18,Lanchero,8
8350.01.19,"Maquinista, barco oficial",8
8350.01.20,"Maquinista, barco marinero",8
8350.01.21,"Maquinista, embarcación mercante",8
8350.01.22,Marinero,8
8350.01.23,"Marinero calificado",8
8350.01.24,"Marinero de cubierta",8
8350.01.25,"Marinero de primera",8
8350.01.26,"Marinero, barcaza",8
8350.01.27,"Marinero, barco cablero",8
8350.01.28,"Marinero, barco de salvamento",8
8350.01.29,"Marinero, embarcación turística",8
8350.01.30,"Marinero, lancha de motor",8
8350.01.31,"Motorista calificado, embarcación pesquera",8
8350.01.32,"Navegante marítimo",8
8350.01.33,"Patrón de barcaza",8
8350.01.34,"Patrón, buque de salvamento",8
8350.01.35,"Remolcador marino",8
8350.01.36,"Timonel, buque faro",8
8350.01.37,"Timonel, lancha de salvamento",8
8350.01.38,"Timonel, remolcador",8
8350.01.39,"Timonel, trasbordador",8
8350.01.40,"Timonel, yate",8
8350.01.41,"Timonel, embarcaciones mercantes",8
8350.01.42,"Torrero de faro",8
9,"OCUPACIONES ELEMENTALES",1
91,"LIMPIADORES Y ASISTENTES",2
911,"LIMPIADORES Y ASISTENTES DOMÉSTICOS DE HOTELES Y OFICINAS",3
9111,"LIMPIADORES Y ASISTENTES DOMÉSTICOS",4
9111.01,"Limpiadores y asistentes domésticos",6
9111.01.01,"Asistente, servicio doméstico",8
9111.01.02,Criado,8
9111.01.03,"Criado, servicio doméstico",8
9111.01.04,"Empleada, labores domésticas",8
9111.01.05,"Jefe de personal de servidumbre",8
9111.01.06,"Limpiador para el hogar",8
9111.01.07,Sirvienta,8
9111.01.08,"Sirvienta/e, cocina",8
9111.01.09,"Sirvienta, doméstica",8
9111.01.10,"Sirvienta/e, salón",8
9112,"LIMPIADORES Y ASISTENTES DE OFICINAS, HOTELES Y OTROS ESTABLECIMIENTOS",4
9112.01,"Limpiadores y asistentes de oficinas, hoteles y otros establecimientos",6
9112.01.01,"Asistente de hospedaje",8
9112.01.02,"Auxiliar aseo",8
9112.01.03,"Camarero, hotelería",8
9112.01.04,"Capataz de limpiadores de oficinas, hoteles y otros establecimientos",8
9112.01.05,"Encargado de hospedaje",8
9112.01.06,"Encerador pisos",8
9112.01.07,"Jefe de mantenimiento, edificios públicos y privados",8
9112.01.08,"Lavaplatos (posillero)",8
9112.01.09,"Lavaplatos, cantina",8
9112.01.10,"Lavaplatos, hotel",8
9112.01.11,"Lavaplatos, restaurante",8
9112.01.12,"Limpiador, aviones",8
9112.01.13,"Limpiador, aeronaves",8
9112.01.14,"Limpiador, fábricas",8
9112.01.15,"Limpiador, hoteles",8
9112.01.16,"Limpiador, oficinas",8
9112.01.17,"Limpiador, restaurantes",8
9112.01.18,"Limpiadores de oficina, hoteles y otros establecimientos, patrón (hasta 4 empleados)",8
9112.01.19,"Mandadero de hotel",8
9112.01.20,Mesonero,8
9112.01.21,"Mozo de limpieza, hoteles",8
9112.01.22,"Mozo de limpieza, oficinas",8
9112.01.23,"Mucama de hotel",8
9112.01.24,"Peón de limpieza, autobuses",8
9112.01.25,"Peón de limpieza, tren",8
912,"LIMPIADORES DE VEHÍCULOS, VENTANAS, ROPA Y OTRA LIMPIEZA A MANO",3
9121,"LAVANDEROS Y PLANCHADORES MANUALES",4
9121.01,"Lavanderos y planchadores manuales",6
9121.01.01,"Almidonador, lavandería",8
9121.01.02,"Ayudante de lavado en seco",8
9121.01.03,"Ayudante de servicio de planchado",8
9121.01.04,"Blanqueador a mano",8
9121.01.05,"Clasificador, ropa / lavandería",8
9121.01.06,"Empleado de lavandería automática",8
9121.01.07,"Lavandera en casa particular",8
9121.01.08,"Lavandera en hospitales, asilos, etc.",8
9121.01.09,"Lavandero, a mano / lavandería",8
9121.01.10,"Limpiador, en seco / a mano",8
9121.01.11,"Planchador, a mano",8
9121.01.12,"Prensador, a mano",8
9121.01.13,"Supervisor de trabajadores de limpieza de ropa",8
9121.01.14,"Tintorero de ropa, establecimientos de limpieza",8
9121.01.15,"Tintorero, a mano",8
9122,"LAVADORES DE VEHÍCULOS",4
9122.01,"Lavanderos de vehículos",6
9122.01.01,"Lavador, vehículos / a mano",8
9122.01.02,"Lavadores de vehículos, ventanas y afines, patrón (hasta 4 empleados)",8
9123,"LAVADORES DE VENTANAS",4
9123.01,"Lavadores de ventanas",6
9123.01.01,"Limpiador, persianas",8
9123.01.02,"Limpiador, ventanas",8
9123.01.03,"Limpiador, ventanas edificios",8
9129,"OTRO PERSONAL DE LIMPIEZA",4
9129.01,"Otro personal de limpieza",6
9129.01.01,"Limpiador, alfombras",8
9129.01.02,"Limpiador, graffitis",8
9129.01.03,"Limpiador, piscinas",8
9129.01.04,"Limpiador, torre de refrigeración",8
92,"PEONES AGROPECUARIOS, PESQUEROS Y FORESTALES",2
921,"PEONES AGROPECUARIOS, PESQUEROS Y FORESTALES",3
9211,"PEONES DE EXPLOTACIONES AGRÍCOLAS",4
9211.01,"Peones de explotaciones agrícolas",6
9211.01.01,"Acarreador de productos agrícolas",8
9211.01.02,Arriero,8
9211.01.03,"Gañán (peón de labranza)",8
9211.01.04,"Mozo de cuadra",8
9211.01.05,"Mozo de labranza",8
9211.01.06,"Mozo de labranza, cítricos",8
9211.01.07,"Mozo de labranza, cosechador",8
9211.01.08,"Mozo de labranza, cosechador / huertos",8
9211.01.09,"Mozo de labranza, cultivo extensivo",8
9211.01.10,"Peón agrícola",8
9211.01.11,"Peón agrícola, cosechador / algodón",8
9211.01.12,"Peón agrícola, cosechador / frutas",8
9211.01.13,"Peón agrícola, cosechador / té",8
9211.01.14,"Peón agrícola, cuidado de flores y cultivos",8
9211.01.15,"Peón agrícola, cuidado de semilleros",8
9211.01.16,"Peón agrícola, cultivo extensivo",8
9211.01.17,"Peón agrícola, hortalizas",8
9211.01.18,"Peón agrícola, papero",8
9211.01.19,"Peón desgrador de semillas",8
9211.01.20,"Peón limpiador de arroz",8
9211.01.21,"Peón limpiador de cacao",8
9211.01.22,"Peón secador de café",8
9211.01.23,"Plantador de caña",8
9211.01.24,"Recolector de frutos",8
9211.01.25,"Selector de frutos",8
9211.01.26,"Selector de vegetales",8
9211.01.27,"Trabajador agrícola de cultivo",8
9212,"PEONES DE EXPLOTACIONES GANADERAS",4
9212.01,"Peones de explotaciones ganaderas",6
9212.01.01,"Conductor bovinos",8
9212.01.02,"Establero caballos reproductores",8
9212.01.03,"Peón de explotación ganadera",8
9212.01.04,"Tropero (Arreador de ganado a caballo)",8
9212.01.05,"Vaquero (Cuidador de ganado)",8
9213,"PEONES DE EXPLOTACIÓN DE CULTIVOS MIXTOS Y GANADEROS",4
9213.01,"Peones de explotación de cultivos mixtos y ganaderos",6
9213.01.01,"Peón agropecuario",8
9213.01.02,"Peón agropecuario, animales de peletería",8
9213.01.03,"Peón agropecuario, ganado equino (caballos)",8
9213.01.04,"Peón agropecuario, gusanos de seda",8
9213.01.05,"Peón agropecuario, ordeñador ganado lechero",8
9213.01.06,"Peón agropecuario, temporero",8
9213.01.07,"Peón de estancia o hacienda",8
9213.01.08,"Peón de explotación de cultivos mixtos y ganaderos",8
9213.01.09,"Peón de labranza agrícola",8
9214,"PEONES DE JARDINERÍA Y HORTICULTURA",4
9214.01,"Peones de Jardinería y horticultura",6
9214.01.01,"Cortador de césped",8
9214.01.02,"Jardinero en casa particular",8
9214.01.03,"Peón floricultor",8
9214.01.04,"Trabajador, horticultura",8
9214.01.05,"Trabajador, jardines",8
9215,"PEONES FORESTALES",4
9215.01,"Peones forestales",6
9215.01.01,"Armador de madera",8
9215.01.02,"Capataz de peones forestales",8
9215.01.03,Descuajador,8
9215.01.04,"Peón clasificador de árboles",8
9215.01.05,"Peón clasificador de troncos",8
9215.01.06,"Peón cortador de árboles",8
9215.01.07,"Peón de labranza, arboricultor",8
9215.01.08,"Peón flotador de troncos",8
9215.01.09,"Peón forestal",8
9215.01.10,"Peón seleccionador de arbustos verdes",8
9215.01.11,"Peón trozador de madera",8
9215.01.12,"Plantador de árboles",8
9216,"PEONES DE PESCA Y ACUICULTURA",4
9216.01,"PEONES DE PESCA Y ACUICULTURA",6
9216.01.01,"Acarreador, pesca",8
9216.01.02,"Batidor de caza",8
9216.01.03,"Capataz de peones de la pesca, la caza y la trampa",8
9216.01.04,"Encebador, caza con trampa",8
9216.01.05,"Peón acuicultor",8
9216.01.06,"Peón arponero",8
9216.01.07,"Peón atarrayero",8
9216.01.08,"Peón atunero",8
9216.01.09,"Peón ballenero",8
9216.01.10,"Peón cazador",8
9216.01.11,"Peón pesquero",8
9216.01.12,"Peón trampero",8
9216.01.13,"Rastrillador, playa",8
9216.01.14,"Recolector, algas marinas",8
9216.01.15,"Recolector, caracoles y conchas de mar",8
9216.01.16,"Recolector, estrellas de mar",8
9216.01.17,"Recolector, moluscos",8
93,"PEONES DE LA MINERÍA, LA CONSTRUCCIÓN, LA INDUSTRIA MANUFACTURERA Y EL TRANSPORTE",2
931,"PEONES DE LA MINERÍA Y LA CONSTRUCCIÓN",3
9311,"PEONES DE MINAS Y CANTERAS",4
9311.01,"Peones de minas y canteras",6
9311.01.01,"Acarreador de carbón",8
9311.01.02,"Acarreador de minerales",8
9311.01.03,"Ahoyador, canteras",8
9311.01.04,"Apuntalador (minas)",8
9311.01.05,"Ayudante de minería",8
9311.01.06,"Barrendero de canteras",8
9311.01.07,"Barrendero de minas superficial",8
9311.01.08,"Cargador de minerales",8
9311.01.09,"Clasificador de minerales",8
9311.01.10,"Lamparero de minas",8
9311.01.11,"Lavador de oro",8
9311.01.12,"Palero de minas",8
9311.01.13,"Peón canteras",8
9311.01.14,"Peón carbonero",8
9311.01.15,"Peón de recuperación de estaño",8
9311.01.16,"Peón en la extracción de tierra",8
9311.01.17,"Peón general",8
9311.01.18,"Peón minas",8
9311.01.19,"Peón minero en la extracción de bentonita",8
9311.01.20,"Peón minero en la extracción de estaño",8
9311.01.21,"Peón minero en la extracción de mercurio",8
9311.01.22,"Peón minero en la extracción de oro",8
9311.01.23,"Peón minero en la extracción de sal",8
9311.01.24,"Peón minero en la extracción de plomo",8
9311.01.25,"Peón minero en la extracción de zinc",8
9311.01.26,"Peón minero cielo raso",8
9312,"PEONES DE OBRAS PÚBLICAS Y MANTENIMIENTO",4
9312.01,"Peones de obras públicas y mantenimiento",6
9312.01.01,"Cavador, zanjas y acequias",8
9312.01.02,"Desbrozador de tierra",8
9312.01.03,"Peón caminero",8
9312.01.04,"Peón cavador, fosos",8
9312.01.05,"Peón cavador, pozos de agua",8
9312.01.06,"Peón cavador, sepulturas",8
9312.01.07,"Peón construcción",8
9312.01.08,"Peón construcción / carreteras",8
9312.01.09,"Peón construcción / diques",8
9312.01.10,"Peón ferrocarrilero, balasto",8
9312.01.11,"Peón mantenimiento",8
9312.01.12,"Peón mantenimiento / alcantarillas",8
9312.01.13,"Peón mantenimiento / carreteras",8
9312.01.14,"Peón mantenimiento / diques",8
9312.01.15,"Peón mantenimiento / ferroviario",8
9312.01.16,"Peón mantenimiento / obras públicas",8
9312.01.17,"Peón mantenimiento / parques",8
9312.01.18,"Peón mantenimiento / vías",8
9312.01.19,"Peón municipal",8
9312.01.20,"Peón palero",8
9312.01.21,"Trabajador mantenimiento (presas)",8
9313,"PEONES DE LA CONSTRUCCIÓN DE EDIFICIOS",4
9313.01,"Peones de la construcción de edificios",6
9313.01.01,"Apilador de material, construcción / edificios",8
9313.01.02,"Ayudante colocador de mármol",8
9313.01.03,"Ayudante colocador de mosaicos",8
9313.01.04,"Ayudante de albañilería",8
9313.01.05,"Ayudante de azulejos",8
9313.01.06,"Ayudante de colocadora de laminas metálicas",8
9313.01.07,"Ayudante de fontanería",8
9313.01.08,"Ayudante de mezcla concreto",8
9313.01.09,"Ayudante de obra",8
9313.01.10,"Ayudante de plomería",8
9313.01.11,"Peón albañilería",8
9313.01.12,"Peón armado",8
9313.01.13,"Peón construcción de edificios",8
9313.01.14,"Peón excavación",8
9313.01.15,"Peón pavimento",8
9313.01.16,"Peón techado de cemento",8
9313.01.17,"Peón, demolición",8
9313.01.18,"Peón, edificios / mantenimiento",8
9313.01.19,"Peón, tareas diversas",8
932,"PEONES DE LA INDUSTRIA MANUFACTURA",3
9321,"EMPACADORES MANUALES",4
9321.01,"Empacadores manuales",6
9321.01.01,"Acarreador de botellas y refrescos",8
9321.01.02,"Ayudante en industrias varias",8
9321.01.03,"Desarmador de moldes (tubos de hormigón)",8
9321.01.04,"Embalador, a mano",8
9321.01.05,"Embalador, a mano / cajas",8
9321.01.06,"Embalador, industria conservera / enlatado",8
9321.01.07,"Embolsador, supermercados",8
9321.01.08,"Embotellador, manual",8
9321.01.09,"Empacador café",8
9321.01.10,"Empacador cerámica",8
9321.01.11,"Empacador productos textiles",8
9321.01.12,"Empacador vidrio",8
9321.01.13,"Empaquetador, manual",8
9321.01.14,"Ensacador, a mano",8
9321.01.15,"Envasador a mano",8
9321.01.16,"Etiquetador, a mano",8
9321.01.17,"Peón, empacador de prendas de vestir",8
9321.01.18,"Peón, enrollador de bobinas/ a mano",8
9321.01.19,"Peón, enrollador de filamentos / a mano",8
9321.01.20,"Peón, enrollador de resortes / a mano",8
9329,"PEONES DE LA INDUSTRIA MANUFACTURERA NO CLASIFICADOS BAJO OTROS EPÍGRAFES",4
9329.01,"Peones de la industria manufacturera no clasificados bajo otros epígrafes",6
9329.01.01,Apilador,8
9329.01.02,"Florista en elaboración de flores artificiales (Incluye, coronas, etc.)",8
9329.01.03,"Lavador de pescado",8
9329.01.04,"Lavador, artículos textiles / a mano",8
9329.01.05,"Lavador, botellas",8
9329.01.06,"Lavador, canales",8
9329.01.07,"Lavador, cueros y pieles / a mano",8
9329.01.08,"Lavador, mariscos",8
9329.01.09,"Lavador, materia prima artículos textiles",8
9329.01.10,"Lavador, reses / carnicería (a mano)",8
9329.01.11,"Lavador, taller de fabricación / a mano",8
9329.01.12,"Obrero de la elaboración de prefabricados de asbesto cemento",8
9329.01.13,"Peón clasificación / botellas",8
9329.01.14,"Peón clasificación / plásticos",8
9329.01.15,"Peón clasificación / textiles",8
9329.01.16,"Peón de la fabricación de calzado",8
9329.01.17,"Peón de la fabricación de caucho",8
9329.01.18,"Peón de la fabricación de embutidos",8
9329.01.19,"Peón de la fabricación de metal",8
9329.01.20,"Peón de la fabricación de plástico",8
9329.01.21,"Peón de la fabricación de productos de vidrios",8
9329.01.22,"Peón de la fabricación de productos fibra vidrio",8
9329.01.23,"Peón de la fabricación de productos químicos",8
9329.01.24,"Peón de la fabricación de textiles",8
9329.01.25,"Peón de la industria de preparación de licores",8
9329.01.26,"Peón de máquinas pulverizadas",8
9329.01.27,"Peón de máquinas revestidoras",8
9329.01.28,"Peón de procesamiento de jarabe",8
9329.01.29,"Peón de procesamiento de madera",8
9329.01.30,"Peón de procesamiento de mariscos",8
9329.01.31,"Peón de procesamiento de tabacos",8
9329.01.32,"Peón industria manufactureras",8
9329.01.33,"Peón industria vinícola",8
9329.01.34,"Peón operaciones de montaje manual",8
9329.01.35,"Peón, aseador de tanques de combustibles",8
9329.01.36,"Peón, elaboración alimentos y bebidas",8
9329.01.37,"Peón, maderero en aserradero",8
933,"PEONES DEL TRANSPORTE Y ALMACENAMIENTO",3
9331,"CONDUCTORES DE VEHÍCULOS ACCIONADOS A PEDAL O A BRAZO",4
9331.01,"Conductores de vehículos accionados a pedal o a brazo",6
9331.01.01,"Cochero guía",8
9331.01.02,"Conductor, bicicletas",8
9331.01.03,"Conductor, carreta de mano de transporte de carga",8
9331.01.04,"Conductor, carro de mano",8
9331.01.05,"Conductor, carro impulso",8
9331.01.06,"Conductor, silla de manos",8
9331.01.07,"Conductor, triciclo / no motorizado",8
9331.01.08,"Conductor, vehículo a pedales",8
9331.01.09,"Conductor, velocípedo de transporte",8
9332,"CONDUCTOR DE VEHÍCULOS Y MAQUINAS DE TRACCIÓN ANIMAL",4
9332.01,"Conductores de vehículos y máquinas de tracción animal",6
9332.01.01,Caravanero,8
9332.01.02,"Conductor, carreta de tracción animal",8
9332.01.03,"Conductor, animales / canteras",8
9332.01.04,"Conductor, animales / minas",8
9332.01.05,"Conductor, elefantes",8
9332.01.06,"Conductor, maquinaría agrícola / no motorizada",8
9332.01.07,"Conductor, mulas",8
9332.01.08,"Conductor, recuas ( conjunto de animales de carga)",8
9332.01.09,"Conductor, vehículo de tracción animal / canteras",8
9332.01.10,"Conductor, vehículo de tracción animal / carreteras",8
9332.01.11,"Conductor, vehículo de tracción animal / minas",8
9332.01.12,"Yuguero de bueyes",8
9332.01.13,"Yuguero de mulas",8
9333,"PEONES DE CARGA",4
9333.01,"Peones de carga",6
9333.01.01,"Acarreador de carga",8
9333.01.02,Balancero,8
9333.01.03,Basculero,8
9333.01.04,"Capataz de peones de carga",8
9333.01.05,Cargador,8
9333.01.06,"Cargador de acumuladores",8
9333.01.07,"Cargador, almacén",8
9333.01.08,"Cargador, aviones",8
9333.01.09,"Cargador, bultos",8
9333.01.10,"Cargador, buques",8
9333.01.11,"Cargador, buques cisterna / gases",8
9333.01.12,"Cargador, buques cisterna / líquidos",8
9333.01.13,"Cargador, camiones",8
9333.01.14,"Cargador, cañas",8
9333.01.15,"Cargador, cereales",8
9333.01.16,"Cargador, descargador de madera",8
9333.01.17,"Cargador, frutas",8
9333.01.18,"Cargador, materiales",8
9333.01.19,"Cargador, mercado",8
9333.01.20,"Cargador, mercancías",8
9333.01.21,"Cargador, mudanza",8
9333.01.22,"Cargador, muebles",8
9333.01.23,"Cargador, pescado",8
9333.01.24,"Cargador, tráiler",8
9333.01.25,"Cargador, troncos / camiones",8
9333.01.26,"Cargador, vehículos / transporte ferroviario",8
9333.01.27,"Cargador, vehículos / transporte por carretera",8
9333.01.28,"Controlador de carga",8
9333.01.29,Estibador,8
9333.01.30,"Estibador, manual",8
9333.01.31,"Estibador, rollo de telas",8
9333.01.32,"Manipulador, almacenes frigoríficos",8
9333.01.33,"Manipulador, carga",8
9333.01.34,"Manipulador, carne",8
9333.01.35,"Manipulador, fruta",8
9333.01.36,"Manipulador, grandes almacenes",8
9333.01.37,"Manipulador, mercado de alimentos",8
9333.01.38,"Manipulador, mercancías",8
9333.01.39,"Manipulador, pescado",8
9333.01.40,"Manipulador, tienda",8
9333.01.41,"Mozo de equipaje",8
9333.01.42,"Peón de carga, bodega",8
9333.01.43,"Peón de carga, bodega fría",8
9333.01.44,"Peón de carga, trenes",8
9333.01.45,"Peón portuario",8
9334,"REPONEDORES DE ESTANTERÍAS",4
9334.01,"Reponedores de estanterías",6
9334.01.01,"Controlador de estanterías",8
9334.01.02,"Reponedor - mozo almacén",8
9334.01.03,"Reponedor de estanterías",8
9334.01.04,"Reponedor de grandes almacenes o tiendas",8
9334.01.05,"Reponedor textil",8
9334.01.06,Surtidores,8
94,"AYUDANTES DE PREPARACIÓN DE ALIMENTOS",2
941,"AYUDANTES DE PREPARACIÓN DE ALIMENTOS",3
9411,"COCINEROS DE COMIDAS RÁPIDAS",4
9411.01,"Cocineros de comidas rápidas",6
9411.01.01,"Camarera restaurante comida rápida",8
9411.01.02,"Cocinero de comida rápida",8
9411.01.03,"Cocinero de comida rápida en locales comerciales",8
9411.01.04,"Preparador de comida rápida",8
9411.01.05,"Preparador de comida rápida en centro histórico",8
9411.01.06,"Preparador de comida rápida en centros comerciales",8
9412,"AYUDANTES DE COCINA",4
9412.01,"Ayudantes de cocina",6
9412.01.01,"Administrador de cocina",8
9412.01.02,"Ayudante de cocina",8
9412.01.03,"Ayudante de despensa",8
9412.01.04,"Ayudante de preparación de alimentos",8
9412.01.05,Banquetero,8
9412.01.06,"Despachador de jugos",8
9412.01.07,Mesero,8
9412.01.08,"Mesero de restaurante / cafetería",8
95,"VENDEDORES AMBULANTES DE SERVICIOS Y AFINES",2
951,"TRABAJADORES AMBULANTES DE SERVICIOS Y AFINES",3
9510,"TRABAJADORES AMBULANTES DE SERVICIOS Y AFINES",4
9510.01,"Trabajadores ambulantes de servicios y afines",6
9510.01.01,Cartelonero,8
9510.01.02,"Comerciante ambulante",8
9510.01.03,"Distribuidor de folletos",8
9510.01.04,"Distribuidor de prensa gratuita",8
9510.01.05,"Guardia de coches",8
9510.01.06,"Lavador ambulante, cristales de automóviles",8
9510.01.07,"Lavador ambulante, vehículos",8
9510.01.08,"Limpiabotas (Lustrabotas)",8
9510.01.09,"Payasos malabaristas en vía pública",8
9510.01.10,"Pegador de carteles",8
9510.01.11,Prendero,8
9510.01.12,Recadero,8
952,"VENDEDORES AMBULANTES (EXCLUYENDO COMIDA)",3
9520,"VENDEDORES AMBULANTES (EXCLUYENDO COMIDA)",4
9520.01,"Vendedores ambulantes (excluyendo comida)",6
9520.01.01,Buhonero,8
9520.01.02,Quincallero,8
9520.01.03,"Revendedor ambulante",8
9520.01.04,Ropavejero,8
9520.01.05,"Vendedor ambulante",8
9520.01.06,"Vendedor ambulante de animales en pie",8
9520.01.07,"Vendedor ambulante de escobas",8
9520.01.08,"Vendedor ambulante de lotería y rifas",8
9520.01.09,"Vendedor ambulante de sombreros",8
9520.01.10,"Vendedor ambulante, mercadería",8
9520.01.11,"Vendedor ambulante, plantas",8
9520.01.12,"Vendedor ambulante, productos no comestibles",8
9520.01.13,"Vendedor, periódicos",8
9520.01.14,"Vendedor, programas / teatro",8
96,"RECOLECTORES DE DESECHOS Y OTRAS OCUPACIONES ELEMENTALES",2
961,"RECOLECTORES DE DESECHOS",3
9611,"RECOLECTORES DE BASURA Y MATERIAL RECICLABLE",4
9611.01,"Recolectores de basura y material reciclable",6
9611.01.01,Cartonero,8
9611.01.02,"Jefe, recolectores de basura",8
9611.01.03,Reciclador,8
9611.01.04,"Recolectores de basura y material reciclable",8
9611.01.05,"Selector de basura",8
9612,"CLASIFICADORES DE DESECHOS",4
9612.01,"Clasificadores de desechos",6
9612.01.01,Chatarrero,8
9612.01.02,"Minadores de desechos (papel, cartón, etc.)",8
9612.01.03,"Obrero de recolección desechos",8
9612.01.04,"Peón, desechos metálicos",8
9612.01.05,"Recolector de residuos",8
9613,"BARRENDEROS Y AFINES",4
9613.01,"Barrenderos y afines",6
9613.01.01,Barrendero,8
9613.01.02,"Barrendero, calles",8
9613.01.03,"Barrendero, fábricas",8
9613.01.04,"Barrendero, municipal",8
9613.01.05,"Barrendero, plazas y parques",8
9613.01.06,"Barrendero, público",8
9613.01.07,"Factótum (Persona que desempeña en una casa o dependencia, todos los menesteres)",8
9613.01.08,Loguero,8
962,"OTRAS OCUPACIONES ELEMENTALES",3
9621,"MENSAJEROS, MANDADEROS, MALETEROS Y REPARTIDORES",4
9621.01,"Mensajeros, mandaderos, maleteros y repartidores",6
9621.01.01,"Administrador de mensajería ( hasta 4 empleados)",8
9621.01.02,Ascensorista,8
9621.01.03,Botones,8
9621.01.04,"Caballerango de hipódromo",8
9621.01.05,"Caddie, o porteador de palos de golf",8
9621.01.06,"Encargado, local de aseo",8
9621.01.07,"Maletero, hotel",8
9621.01.08,Mandadero,8
9621.01.09,Mensajero,8
9621.01.10,"Mensajero cobrador",8
9621.01.11,"Mensajero conductor",8
9621.01.12,"Mensajero externo",8
9621.01.13,"Mensajero hotel",8
9621.01.14,"Mensajero interno",8
9621.01.15,"Mensajero, telegramas",8
9621.01.16,Repartidor,8
9621.01.17,"Repartidor a domicilio",8
9621.01.18,"Repartidor de anuncios (financieras, negocios, etc.)",8
9621.01.19,"Repartidor de mercancías",8
9621.01.20,"Repartidor de recibos (agua, luz, teléfono, etc.)",8
9621.01.21,"Repartidor de refrigerio",8
9621.01.22,"Repartidor, diarios",8
9621.01.23,"Repartidor, periódicos",8
9622,"PERSONAS QUE REALIZAN TRABAJOS VARIOS",4
9622.01,"Personas que realizan trabajos varios",6
9622.01.01,"Personas, trabajos varios (Reparación de ventanas, pintor de interiores y exteriores como paredes, techos y cercas, etc.)",8
9623,"RECOLECTORES DE DINERO EN APARATOS DE VENTA AUTOMÁTICA Y LECTORES DE MEDIDORES",4
9623.01,"Recolectores de dinero en aparatos de venta automática y lectores de medidores",6
9623.01.01,"Colector de máquinas expendedoras",8
9623.01.02,"Lector de medidores",8
9623.01.03,"Recolector, billetes / torniquete",8
9623.01.04,"Recolector, dinero / aparatos de distribución",8
9623.01.05,"Recolector, monedas / aparatos de venta automática",8
9623.01.06,"Recolector, velas / aparatos de venta automática",8
9624,"ACARREADORES DE AGUA Y RECOLECTORES DE LEÑA",4
9624.01,"Acarreadores de agua y recolectores de leña",6
9624.01.01,"Clasificador de leña",8
9624.01.02,"Colector de agua",8
9624.01.03,"Colector de leña",8
9624.01.04,"Cortador de leña",8
9629,"OCUPACIONES ELEMENTALES NO CLASIFICADAS BAJO OTROS EPÍGRAFES",4
9629.01,"Ocupaciones elementales no clasificadas bajo otros epígrafes",6
9629.01.01,Acomodador,8
9629.01.02,"Acomodador de cine y teatros",8
9629.01.03,"Aguador de equipos deportivos",8
9629.01.04,"Asistente de recinto ferial",8
9629.01.05,"Asistente guardarropa",8
9629.01.06,"Cantor, ambulante",8
9629.01.07,"Cirquero ambulante",8
9629.01.08,"Conductor de juegos de recreación",8
9629.01.09,"Controlador de entradas",8
9629.01.10,"Cuidador de carros",8
9629.01.11,"Danzante ambulante",8
9629.01.12,"Empleado de servicios generales",8
9629.01.13,"Limpiador de guardarrayas",8
9629.01.14,Llantero,8
9629.01.15,"Trabajador en la playa",8
9629.01.16,Tragafuegos,8
